Workbook
Name BLADE1: TRANSPOSE!$C$4:$AJ$4
Name BLADE10: TRANSPOSE!$C$13:$AJ$13
Name BLADE11: TRANSPOSE!$C$14:$AJ$14
Name BLADE12: TRANSPOSE!$C$15:$AJ$15
Name BLADE2: TRANSPOSE!$C$5:$AJ$5
Name BLADE3: TRANSPOSE!$C$6:$AJ$6
Name BLADE4: TRANSPOSE!$C$7:$AJ$7
Name BLADE5: TRANSPOSE!$C$8:$AJ$8
Name BLADE6: TRANSPOSE!$C$9:$AJ$9
Name BLADE7: TRANSPOSE!$C$10:$AJ$10
Name BLADE8: TRANSPOSE!$C$11:$AJ$11
Name BLADE9: TRANSPOSE!$C$12:$AJ$12
Name TRANS2B1: TRANSPOSE!$AO$64:$AO$97
Name TRANS2B10: TRANSPOSE!$AX$64:$AX$97
Name TRANS2B11: TRANSPOSE!$AY$64:$AY$97
Name TRANS2B12: TRANSPOSE!$AZ$64:$AZ$97
Name TRANS2B2: TRANSPOSE!$AP$64:$AP$97
Name TRANS2B3: TRANSPOSE!$AQ$64:$AQ$97
Name TRANS2B4: TRANSPOSE!$AR$64:$AR$97
Name TRANS2B5: TRANSPOSE!$AS$64:$AS$97
Name TRANS2B6: TRANSPOSE!$AT$64:$AT$97
Name TRANS2B7: TRANSPOSE!$AU$64:$AU$97
Name TRANS2B8: TRANSPOSE!$AV$64:$AV$97
Name TRANS2B9: TRANSPOSE!$AW$64:$AW$97
Name TRAS1B1: TRANSPOSE!$O$64:$O$97
Name TRAS1B10: TRANSPOSE!$X$64:$X$97
Name TRAS1B11: TRANSPOSE!$Y$64:$Y$97
Name TRAS1B12: TRANSPOSE!$Z$64:$Z$97
Name TRAS1B2: TRANSPOSE!$P$64:$P$97
Name TRAS1B3: TRANSPOSE!$Q$64:$Q$97
Name TRAS1B4: TRANSPOSE!$R$64:$R$97
Name TRAS1B5: TRANSPOSE!$S$64:$S$97
Name TRAS1B6: TRANSPOSE!$T$64:$T$97
Name TRAS1B7: TRANSPOSE!$U$64:$U$97
Name TRAS1B8: TRANSPOSE!$V$64:$V$97
Name TRAS1B9: TRANSPOSE!$W$64:$W$97

Sheet Data
A1: ARDT Work Order No | B1: 20261004 | D1: Data Entry for Bits | L1: Qty | N1: PRICES | DB1: FOR THE DROP IN LIST | DD1: No | DE1: SAP No | DF1: Description | DG1: Description | DH1: Cutter Size mm | DI1: Cutter size | DJ1: Type | DK1: More Description | DL1: Chamfer | DM1: Book Stock | DN1: Re-Claimed | DO1: LSTK prices | DP1: BPS | DQ1: for 37/8" | DS1: ARDT REGIONAL PRICES | DT1: Woodland price | DU1: Corehead price | DV1: Category BPS | DW1: Service Number | DX1: ARAMCO Item Number | DY1: ARAMCO Description | DZ1: Size | EA1: PerUOM | EB1: Unit | EC1: ARAMCO Price (USD) | EE1: Cutters Qty | EF1: ROWS | EG1: FIND X1 IN ROWS | EH1: BRING X1 UP | EJ1: FIND X2 IN ROWS | EK1: BRING X2UP | EM1: FIND X3 IN ROWS | EN1: BRING X3 UP | EP1: FIND X4 IN ROWS | EQ1: BRING X4 UP | ES1: FIND X5IN ROWS | ET1: BRING X5UP | EV1: FIND X6 IN ROWS | EW1: BRING X6 UP | EY1: FIND X7 IN ROWS | EZ1: BRING X7 UP | FB1: FIND X8 IN ROWS | FC1: BRING X8 UP | FE1: FIND X9 IN ROWS | FF1: BRING X9 UP | FH1: FIND X10 IN ROWS | FI1: BRING X10 UP | FK1: FIND X11 IN ROWS | FL1: BRING X11 UP | FN1: FIND X12 IN ROWS | FO1: BRING X12 UP | FQ1: FIND X13 IN ROWS | FR1: BRING X13 UP | FT1: FIND X14 IN ROWS | FU1: BRING X14 UP | FW1: FIND X15 IN ROWS | FX1: BRING X15 UP | FZ1: FIND X16 IN ROWS | GA1: BRING X16 UP | GC1: FIND X17 IN ROWS | GD1: BRING X17 UP | GG1: SAP No | GH1: Description | GI1: Description | GJ1: Cutter Size mm | GK1: Cutter size | GL1: Type | GM1: More Description | GN1: Chamfer | GO1: Book Stock | GP1: Re-Claimed | GQ1: Price | GR1: BPS | GS1: for 37/8" | GU1: ARDT REGIONAL PRICES | GV1: Woodland price | GW1: Corehead price | GX1: Category BPS | GY1: ARAMCO Product Name | GZ1: ARAMCO UID | HA1: ARAMCO Supplier Part Number | HB1: ARAMCO Contract Price | HC1: Size | HD1: ARAMCO Service Type
A2: Serial Number | B2: 14304769R1 | C2: =IF(COUNTIF(Instructions!$L$1,"*WFD*"),"WFD","") | D2: Modified cutters | I2: Rerun by ARDT | N2: ARDT | O2: {=IF(AND('Eng. Cutter Entry'!C4="",COUNTIF(B7,"SAUDI ARAMCO")),'Eval & Quot-AR'!Z56:AB56,IF(OR(Data!B7="ARDTS",Data!B7="Halliburton Reg.",Data!B7="Halliburton"),'Qut. HALL.'!AD54,IF('ARDT Cutter Entry'!AS111<>0,'ARDT Cutter Entry'!AS111," ")))} -> 11191 | DB2: Add the cutter in list | DD2: 0 | DE2: 1165785 | DF2: 1608 PMT 0.018" | DG2: 1608 PMT 0.018" | DH2: 16 | DI2: 1608 | DJ2: PMT | DL2: 0.018" | DR2: =DI2 & " " & DJ2 & " " & DK2 -> 1608 PMT | EF2: =ROWS($DE$2:DE2) -> 1 | EG2: =IF($CY$60<>0,IF($CY$60=DE2,EF2,""),"") | EH2: =IFERROR(SMALL(EG2:EG500,ROWS($EG$2:EG2)),"") -> 170 | EJ2: =IF($CY$61<>0,IF($CY$61=DE2,EF2,""),"") | EK2: =IFERROR(SMALL(EJ2:EJ500,ROWS($EJ$2:EJ2)),"") -> 15 | EM2: =IF($CY$62<>0,IF($CY$62=DE2,EF2,""),"") | EN2: =IFERROR(SMALL(EM2:EM500,ROWS($EM$2:EM2)),"") -> 211 | EP2: =IF($CY$63<>0,IF($CY$63=DE2,EF2,""),"") | EQ2: =IFERROR(SMALL(EP2:EP500,ROWS($EP$2:EP2)),"") -> 249 | ES2: =IF($CY$64<>0,IF($CY$64=DE2,EF2,""),"") | ET2: =IFERROR(SMALL(ES2:ES500,ROWS($ES$2:ES2)),"") -> 285 | EV2: =IF($CY$65<>0,IF($CY$65=DE2,EF2,""),"") | EW2: =IFERROR(SMALL(EV2:EV500,ROWS($EV$2:EV2)),"") | EY2: =IF($CY$66<>0,IF($CY$66=DE2,EF2,""),"") | EZ2: =IFERROR(SMALL(EY2:EY500,ROWS($EY$2:EY2)),"") | FB2: =IF($CY$67<>0,IF($CY$67=DE2,EF2,""),"") | FC2: =IFERROR(SMALL(FB2:FB500,ROWS($FB$2:FB2)),"") | FE2: =IF($CY$68<>0,IF($CY$68=DE2,EF2,""),"") | FF2: =IFERROR(SMALL(FE2:FE500,ROWS($FE$2:FE2)),"") | FH2: =IF($CY$69<>0,IF($CY$69=DE2,EF2,""),"") | FI2: =IFERROR(SMALL(FH2:FH500,ROWS($FH$2:FH2)),"") | FK2: =IF($CY$70<>0, IF($CY$70=DE2, EF2, ""), "") | FL2: =IFERROR(SMALL(FK2:FK500,ROWS($FK$2:FK2)),"") | FN2: =IF($CY$71<>0, IF($CY$71=DE2, EF2, ""), "") | FO2: =IFERROR(SMALL(FN2:FN500,ROWS($FN$2:FN2)),"") | FQ2: =IF($CY$72<>0, IF($CY$72=DE2, EF2, ""), "") | FR2: =IFERROR(SMALL(FQ2:FQ500,ROWS($FQ$2:FQ2)),"") | FT2: =IF($CY$73<>0, IF($CY$73=DE2, EF2, ""), "") | FU2: =IFERROR(SMALL(FT2:FT500,ROWS($FT$2:FT2)),"") | FW2: =IF($CY$74<>0, IF($CY$74=DE2, EF2, ""), "") | FX2: =IFERROR(SMALL(FW2:FW500,ROWS($FW$2:FW2)),"") | FZ2: =IF($CY$75<>0, IF($CY$75=DE2, EF2, ""), "") | GA2: =IFERROR(SMALL(FZ2:FZ500,ROWS($FZ$2:FZ2)),"") | GC2: =IF($CY$76<>0, IF($CY$76=DE2, EF2, ""), "") | GD2: =IFERROR(SMALL(GC2:GC500,ROWS($GC$2:GC2)),"") | GG2: =IFERROR(INDEX($DE$2:$DR$500,$EH2,COLUMNS($GF$2:GF2)),"") -> 1145493 | GH2: =IFERROR(INDEX($DE$2:$DR$500,$EH2,COLUMNS($GF$2:GG2)),"") -> 1313 CT427 0.010 | GI2: =IFERROR(INDEX($DE$2:$DR$500,$EH2,COLUMNS($GF$2:GH2)),"") -> 1313 CT427 0.010 | GJ2: =IFERROR(INDEX($DE$2:$DR$500,$EH2,COLUMNS($GF$2:GI2)),"") -> 13 | GK2: =IFERROR(INDEX($DE$2:$DR$500,$EH2,COLUMNS($GF$2:GJ2)),"") -> 1313 | GL2: =IFERROR(INDEX($DE$2:$DR$500,$EH2,COLUMNS($GF$2:GK2)),"") -> CT427 | GM2: =IFERROR(INDEX($DE$2:$DR$500,$EH2,COLUMNS($GF$2:GL2)),"") -> 0 | GN2: =IFERROR(INDEX($DE$2:$DR$500,$EH2,COLUMNS($GF$2:GM2)),"") -> 0.010" | ... GP2: =IFERROR(INDEX($DE$2:$DR$500,$EH2,COLUMNS($GF$2:GO2)),"") -> 0 | GQ2: =IF($B$29=1,IFERROR(INDEX($DE$2:$DU$300,$EH2,COLUMNS($GF$2:GT2)),""),IF($B$29=2,IFERROR(INDEX($DE$2:$DU$300,$EH2,COLUMNS($GF$2:GV2)),""),IF($B$29=3,IFERROR(INDEX($DE$2:$DU$300,$EH2,COLUMNS($GF$2:GU2)),""),IF($B$29="",IFERROR(INDEX($DE$2:$DU$300,$EH2,COLUMNS($GF$2:GP2)),""),"")))) -> 360 | GR2: =IFERROR(INDEX($DE$2:$DR$500,$EH2,COLUMNS($GF$2:GQ2)),"") -> 0 | GS2: =IFERROR(INDEX($DE$2:$DR$500,$EH2,COLUMNS($GF$2:GR2)),"") -> 0 | GT2: =IFERROR(INDEX($DE$2:$EC$300,$EH2,COLUMNS($GF$2:GS2)),"") -> 1313 CT427 | GU2: =IFERROR(INDEX($DE$2:$EC$300,$EH2,COLUMNS($GF$2:GT2)),"") -> 0 | GV2: =IFERROR(INDEX($DE$2:$EC$300,$EH2,COLUMNS($GF$2:GU2)),"") -> 0 | GW2: =IFERROR(INDEX($DE$2:$EC$300,$EH2,COLUMNS($GF$2:GV2)),"") -> 0 | GX2: =IFERROR(INDEX($DE$2:$EC$300,$EH2,COLUMNS($GF$2:GW2)),"") -> S | GY2: =IFERROR(INDEX($DE$2:$EC$300,$EH2,COLUMNS($GF$2:GX2)),"") -> 6.3.1 | GZ2: =IFERROR(INDEX($DE$2:$EC$300,$EH2,COLUMNS($GF$2:GY2)),"") -> 30 | HA2: =IFERROR(INDEX($DE$2:$EC$300,$EH2,COLUMNS($GF$2:GZ2)),"") -> 13mm Cutter Replacement Super Premium | ... HE2: =IFERROR(INDEX($DE$2:$EC$300,$EH2,COLUMNS($GF$2:HD2)),"") -> 480 | HI2: =IF($CY$60<>0,IF($CY$60=DE2,EF2,""),"")
A3: Size | B3: 6.125 | D3: # | E3: Qty | F3: Cutter part # | G3: To Replace Cutter # | I3: Rerun by Engineer | N3: ENGINEER | O3: {=IF(AND('Eng. Cutter Entry'!C4<>"",COUNTIF(B7,"SAUDI ARAMCO")),'Eval & Quot-AR'!Z56:AB56,IF(OR(Data!B7="ARDTS",Data!B7="Halliburton Reg.",Data!B7="Halliburton"),0,IF('ARDT Cutter Entry'!AS112<>0,'ARDT Cutter Entry'!AS112," ")))} -> 4171 | DB3: 1039058 | DD3: 0 | DE3: 1163816 | DF3: 1010 CT156 0.018" | DG3: 1010 CT156 0.018" | DH3: 10 | DI3: 1010 | DJ3: CT156 | DL3: 0.018" | EF3: =ROWS($DE$2:DE3) -> 2 | EG3: =IF($CY$60<>0,IF($CY$60=DE3,EF3,""),"") | EJ3: =IF($CY$61<>0,IF($CY$61=DE3,EF3,""),"") | EM3: =IF($CY$62<>0,IF($CY$62=DE3,EF3,""),"") | EP3: =IF($CY$63<>0,IF($CY$63=DE3,EF3,""),"") | ES3: =IF($CY$64<>0,IF($CY$64=DE3,EF3,""),"") | EV3: =IF($CY$65<>0,IF($CY$65=DE3,EF3,""),"") | EY3: =IF($CY$66<>0,IF($CY$66=DE3,EF3,""),"") | FB3: =IF($CY$67<>0,IF($CY$67=DE3,EF3,""),"") | FE3: =IF($CY$68<>0,IF($CY$68=DE3,EF3,""),"") | FH3: =IF($CY$69<>0,IF($CY$69=DE3,EF3,""),"") | FK3: =IF($CY$70<>0, IF($CY$70=DE3, EF3, ""), "") | FN3: =IF($CY$71<>0, IF($CY$71=DE3, EF3, ""), "") | FQ3: =IF($CY$72<>0, IF($CY$72=DE3, EF3, ""), "") | FT3: =IF($CY$73<>0, IF($CY$73=DE3, EF3, ""), "") | FW3: =IF($CY$74<>0, IF($CY$74=DE3, EF3, ""), "") | FZ3: =IF($CY$75<>0, IF($CY$75=DE3, EF3, ""), "") | GC3: =IF($CY$76<>0, IF($CY$76=DE3, EF3, ""), "") | GG3: =IFERROR(INDEX($DE$2:$DR$500,$EK2,COLUMNS($GF$2:GF2)),"") -> 418525 | GH3: =IFERROR(INDEX($DE$2:$DR$500,$EK2,COLUMNS($GF$2:GG2)),"") -> 1308 CT31 Drop in | GI3: =IFERROR(INDEX($DE$2:$DR$500,$EK2,COLUMNS($GF$2:GH2)),"") -> 1308 CT31 Drop in | GJ3: =IFERROR(INDEX($DE$2:$DR$500,$EK2,COLUMNS($GF$2:GI2)),"") -> 13 | GK3: =IFERROR(INDEX($DE$2:$DR$500,$EK2,COLUMNS($GF$2:GJ2)),"") -> 1308 | GL3: =IFERROR(INDEX($DE$2:$DR$500,$EK2,COLUMNS($GF$2:GK2)),"") -> CT31 | GM3: =IFERROR(INDEX($DE$2:$DR$500,$EK2,COLUMNS($GF$2:GL2)),"") -> Drop in | GN3: =IFERROR(INDEX($DE$2:$DR$500,$EK2,COLUMNS($GF$2:GM2)),"") -> 0 | ... GP3: =IFERROR(INDEX($DE$2:$DR$500,$EK2,COLUMNS($GF$2:GO2)),"") -> 0 | GQ3: =IF($B$29=1,IFERROR(INDEX($DE$2:$DU$300,$EK2,COLUMNS($GF$2:GT2)),""),IF($B$29=2,IFERROR(INDEX($DE$2:$DU$300,$EK2,COLUMNS($GF$2:GV2)),""),IF($B$29=3,IFERROR(INDEX($DE$2:$DU$300,$EK2,COLUMNS($GF$2:GU2)),""),IF($B$29="",IFERROR(INDEX($DE$2:$DU$300,$EK2,COLUMNS($GF$2:GP2)),""),"")))) -> 100 | GR3: =IFERROR(INDEX($DE$2:$DR$500,$EK2,COLUMNS($GF$2:GQ2)),"") -> 0 | GS3: =IFERROR(INDEX($DE$2:$DR$500,$EK2,COLUMNS($GF$2:GR2)),"") -> 0 | GT3: =IFERROR(INDEX($DE$2:$EC$300,$EK2,COLUMNS($GF$2:GS2)),"") -> 1308 CT31 Drop in | GU3: =IFERROR(INDEX($DE$2:$EC$300,$EK2,COLUMNS($GF$2:GT2)),"") -> 26.981067 | GV3: =IFERROR(INDEX($DE$2:$EC$300,$EK2,COLUMNS($GF$2:GU2)),"") -> 20.754667 | GW3: =IFERROR(INDEX($DE$2:$EC$300,$EK2,COLUMNS($GF$2:GV2)),"") -> 100 | GX3: =IFERROR(INDEX($DE$2:$EC$300,$EK2,COLUMNS($GF$2:GW2)),"") -> B | GY3: =IFERROR(INDEX($DE$2:$EC$300,$EK2,COLUMNS($GF$2:GX2)),"") -> 6.3.1 | GZ3: =IFERROR(INDEX($DE$2:$EC$300,$EK2,COLUMNS($GF$2:GY2)),"") -> 10 | HA3: =IFERROR(INDEX($DE$2:$EC$300,$EK2,COLUMNS($GF$2:GZ2)),"") -> 13mm Cutter Replacement Standard | ... HE3: =IFERROR(INDEX($DE$2:$EC$300,$EK2,COLUMNS($GF$2:HD2)),"") -> 345
A4: Type | B4: HD54 | D4: =IF(F4="","",IF(MAX(BI46:BI62)<>0,MAX(BI46:BI62)+1,"")) -> 4 | F4: 1146346 | G4: 1 | I4: Initial Bit Inspection | N4: RECLAIM | O4: =IF(COUNTIF(B7,"SAUDI ARAMCO"),"",IF(OR(Data!B7="ARDTS",Data!B7="Halliburton Reg.",Data!B7="Halliburton"),0,IF('Eng. Cutter Entry'!C4<>"",IF('ARDT Cutter Entry'!AS113<>"",'ARDT Cutter Entry'!AS113,""),IF(Quotation!Y58=O2,"",Quotation!Y58)))) -> 4171 | DB4: 1039060 | DD4: 0 | DE4: 1163818 | DF4: 1313 CT156 0.018" | DG4: 1313 CT156 0.018" | DH4: 13 | DI4: 1313 | DJ4: CT156 | DL4: 0.018" | EF4: =ROWS($DE$2:DE4) -> 3 | EG4: =IF($CY$60<>0,IF($CY$60=DE4,EF4,""),"") | EJ4: =IF($CY$61<>0,IF($CY$61=DE4,EF4,""),"") | EM4: =IF($CY$62<>0,IF($CY$62=DE4,EF4,""),"") | EP4: =IF($CY$63<>0,IF($CY$63=DE4,EF4,""),"") | ES4: =IF($CY$64<>0,IF($CY$64=DE4,EF4,""),"") | EV4: =IF($CY$65<>0,IF($CY$65=DE4,EF4,""),"") | EY4: =IF($CY$66<>0,IF($CY$66=DE4,EF4,""),"") | FB4: =IF($CY$67<>0,IF($CY$67=DE4,EF4,""),"") | FE4: =IF($CY$68<>0,IF($CY$68=DE4,EF4,""),"") | FH4: =IF($CY$69<>0,IF($CY$69=DE4,EF4,""),"") | FK4: =IF($CY$70<>0, IF($CY$70=DE4, EF4, ""), "") | FN4: =IF($CY$71<>0, IF($CY$71=DE4, EF4, ""), "") | FQ4: =IF($CY$72<>0, IF($CY$72=DE4, EF4, ""), "") | FT4: =IF($CY$73<>0, IF($CY$73=DE4, EF4, ""), "") | FW4: =IF($CY$74<>0, IF($CY$74=DE4, EF4, ""), "") | FZ4: =IF($CY$75<>0, IF($CY$75=DE4, EF4, ""), "") | GC4: =IF($CY$76<>0, IF($CY$76=DE4, EF4, ""), "") | GG4: =IFERROR(INDEX($DE$2:$DR$500,$EN2,COLUMNS($GF$2:GF2)),"") -> 1209332 | GH4: =IFERROR(INDEX($DE$2:$DR$500,$EN2,COLUMNS($GF$2:GG2)),"") -> 1313 CT147G U | GI4: =IFERROR(INDEX($DE$2:$DR$500,$EN2,COLUMNS($GF$2:GH2)),"") -> 1313 CT147G U | GJ4: =IFERROR(INDEX($DE$2:$DR$500,$EN2,COLUMNS($GF$2:GI2)),"") -> 13 | GK4: =IFERROR(INDEX($DE$2:$DR$500,$EN2,COLUMNS($GF$2:GJ2)),"") -> 1313 | GL4: =IFERROR(INDEX($DE$2:$DR$500,$EN2,COLUMNS($GF$2:GK2)),"") -> CT147G | GM4: =IFERROR(INDEX($DE$2:$DR$500,$EN2,COLUMNS($GF$2:GL2)),"") -> 0 | GN4: =IFERROR(INDEX($DE$2:$DR$500,$EN2,COLUMNS($GF$2:GM2)),"") -> U | ... GP4: =IFERROR(INDEX($DE$2:$DR$500,$EN2,COLUMNS($GF$2:GO2)),"") -> 0 | GQ4: =IF($B$29=1,IFERROR(INDEX($DE$2:$DU$300,$EN2,COLUMNS($GF$2:GT2)),""),IF($B$29=2,IFERROR(INDEX($DE$2:$DU$300,$EN2,COLUMNS($GF$2:GV2)),""),IF($B$29=3,IFERROR(INDEX($DE$2:$DU$300,$EN2,COLUMNS($GF$2:GU2)),""),IF($B$29="",IFERROR(INDEX($DE$2:$DU$300,$EN2,COLUMNS($GF$2:GP2)),""),"")))) -> 360 | GR4: =IFERROR(INDEX($DE$2:$DR$500,$EN2,COLUMNS($GF$2:GQ2)),"") -> 0 | GS4: =IFERROR(INDEX($DE$2:$DR$500,$EN2,COLUMNS($GF$2:GR2)),"") -> 0 | GT4: =IFERROR(INDEX($DE$2:$EC$300,$EN2,COLUMNS($GF$2:GS2)),"") -> 1313 CT147G | GU4: =IFERROR(INDEX($DE$2:$EC$300,$EN2,COLUMNS($GF$2:GT2)),"") -> 0 | GV4: =IFERROR(INDEX($DE$2:$EC$300,$EN2,COLUMNS($GF$2:GU2)),"") -> 0 | GW4: =IFERROR(INDEX($DE$2:$EC$300,$EN2,COLUMNS($GF$2:GV2)),"") -> 0 | GX4: =IFERROR(INDEX($DE$2:$EC$300,$EN2,COLUMNS($GF$2:GW2)),"") -> 0 | GY4: =IFERROR(INDEX($DE$2:$EC$300,$EN2,COLUMNS($GF$2:GX2)),"") -> 0 | GZ4: =IFERROR(INDEX($DE$2:$EC$300,$EN2,COLUMNS($GF$2:GY2)),"") -> 0 | HA4: =IFERROR(INDEX($DE$2:$EC$300,$EN2,COLUMNS($GF$2:GZ2)),"") -> 0 | ... HE4: =IFERROR(INDEX($DE$2:$EC$300,$EN2,COLUMNS($GF$2:HD2)),"") -> 0
A5: LV5 Mat # | B5: 1251085M | C5: =IF(F4<>"",IF(COUNTIF(B5,"*M*"),"","Add M"),"") | D5: =IF(F5="","",IFERROR(D4+1,"")) -> 5 | F5: 2001155 | G5: 3 | I5: Scrap | N5: Rework | O5: =IF(COUNTIF(B7,"SAUDI ARAMCO"),"",IF(OR(Data!B7="ARDTS",Data!B7="Halliburton Reg.",Data!B7="Halliburton"),0,IF(L9<>"",IF('ARDT Cutter Entry'!AS114<>0,'ARDT Cutter Entry'!AS114," "),""))) | DB5: 1039064 | DD5: 0 | DE5: 1100695 | DF5: 1308 CT418 0.018" | DG5: 1308 CT418 0.018" | DH5: 13 | DI5: 1308 | DJ5: CT418 | DL5: 0.018" | EF5: =ROWS($DE$2:DE5) -> 4 | EG5: =IF($CY$60<>0,IF($CY$60=DE5,EF5,""),"") | EJ5: =IF($CY$61<>0,IF($CY$61=DE5,EF5,""),"") | EM5: =IF($CY$62<>0,IF($CY$62=DE5,EF5,""),"") | EP5: =IF($CY$63<>0,IF($CY$63=DE5,EF5,""),"") | ES5: =IF($CY$64<>0,IF($CY$64=DE5,EF5,""),"") | EV5: =IF($CY$65<>0,IF($CY$65=DE5,EF5,""),"") | EY5: =IF($CY$66<>0,IF($CY$66=DE5,EF5,""),"") | FB5: =IF($CY$67<>0,IF($CY$67=DE5,EF5,""),"") | FE5: =IF($CY$68<>0,IF($CY$68=DE5,EF5,""),"") | FH5: =IF($CY$69<>0,IF($CY$69=DE5,EF5,""),"") | FK5: =IF($CY$70<>0, IF($CY$70=DE5, EF5, ""), "") | FN5: =IF($CY$71<>0, IF($CY$71=DE5, EF5, ""), "") | FQ5: =IF($CY$72<>0, IF($CY$72=DE5, EF5, ""), "") | FT5: =IF($CY$73<>0, IF($CY$73=DE5, EF5, ""), "") | FW5: =IF($CY$74<>0, IF($CY$74=DE5, EF5, ""), "") | FZ5: =IF($CY$75<>0, IF($CY$75=DE5, EF5, ""), "") | GC5: =IF($CY$76<>0, IF($CY$76=DE5, EF5, ""), "") | GG5: =IFERROR(INDEX($DE$2:$DR$500,$EQ2,COLUMNS($GF$2:GF2)),"") -> 1146346 | GH5: =IFERROR(INDEX($DE$2:$DR$500,$EQ2,COLUMNS($GF$2:GG2)),"") -> 1313 CT418 18C-60 | GI5: =IFERROR(INDEX($DE$2:$DR$500,$EQ2,COLUMNS($GF$2:GH2)),"") -> 1313 CT418 18C-60 | GJ5: =IFERROR(INDEX($DE$2:$DR$500,$EQ2,COLUMNS($GF$2:GI2)),"") -> 13 | GK5: =IFERROR(INDEX($DE$2:$DR$500,$EQ2,COLUMNS($GF$2:GJ2)),"") -> 1313 | GL5: =IFERROR(INDEX($DE$2:$DR$500,$EQ2,COLUMNS($GF$2:GK2)),"") -> CT418 | GM5: =IFERROR(INDEX($DE$2:$DR$500,$EQ2,COLUMNS($GF$2:GL2)),"") -> 0 | GN5: =IFERROR(INDEX($DE$2:$DR$500,$EQ2,COLUMNS($GF$2:GM2)),"") -> 18C-60 | ... GP5: =IFERROR(INDEX($DE$2:$DR$500,$EQ2,COLUMNS($GF$2:GO2)),"") -> 0 | GQ5: =IF($B$29=1,IFERROR(INDEX($DE$2:$DU$300,$EQ2,COLUMNS($GF$2:GT2)),""),IF($B$29=2,IFERROR(INDEX($DE$2:$DU$300,$EQ2,COLUMNS($GF$2:GV2)),""),IF($B$29=3,IFERROR(INDEX($DE$2:$DU$300,$EQ2,COLUMNS($GF$2:GU2)),""),IF($B$29="",IFERROR(INDEX($DE$2:$DU$300,$EQ2,COLUMNS($GF$2:GP2)),""),"")))) -> 360 | GR5: =IFERROR(INDEX($DE$2:$DR$500,$EQ2,COLUMNS($GF$2:GQ2)),"") -> 0 | GS5: =IFERROR(INDEX($DE$2:$DR$500,$EQ2,COLUMNS($GF$2:GR2)),"") -> 0 | GT5: =IFERROR(INDEX($DE$2:$EC$300,$EQ2,COLUMNS($GF$2:GS2)),"") -> 1313 CT418 | GU5: =IFERROR(INDEX($DE$2:$EC$300,$EQ2,COLUMNS($GF$2:GT2)),"") -> 202.66133 | GV5: =IFERROR(INDEX($DE$2:$EC$300,$EQ2,COLUMNS($GF$2:GU2)),"") -> 155.89333 | GW5: =IFERROR(INDEX($DE$2:$EC$300,$EQ2,COLUMNS($GF$2:GV2)),"") -> 0 | GX5: =IFERROR(INDEX($DE$2:$EC$300,$EQ2,COLUMNS($GF$2:GW2)),"") -> S | GY5: =IFERROR(INDEX($DE$2:$EC$300,$EQ2,COLUMNS($GF$2:GX2)),"") -> 6.3.1 | GZ5: =IFERROR(INDEX($DE$2:$EC$300,$EQ2,COLUMNS($GF$2:GY2)),"") -> 30 | HA5: =IFERROR(INDEX($DE$2:$EC$300,$EQ2,COLUMNS($GF$2:GZ2)),"") -> 13mm Cutter Replacement Super Premium | ... HE5: =IFERROR(INDEX($DE$2:$EC$300,$EQ2,COLUMNS($GF$2:HD2)),"") -> 480
A6: Bit Date Received (MM/DD/YYYY) | B6: 46035 | D6: =IF(F6="","",IFERROR(D5+1,"")) | I6: Approved for Quot: 1 OK, 2 NOT OK | DB6: 177778 | DD6: 0 | DE6: 1217967 | DF6: 1308 CT158 0.010" | DG6: 1308 CT158 0.010" | DH6: 13 | DI6: 1308 | DJ6: CT158 | DL6: 0.010" | EF6: =ROWS($DE$2:DE6) -> 5 | EG6: =IF($CY$60<>0,IF($CY$60=DE6,EF6,""),"") | EJ6: =IF($CY$61<>0,IF($CY$61=DE6,EF6,""),"") | EM6: =IF($CY$62<>0,IF($CY$62=DE6,EF6,""),"") | EP6: =IF($CY$63<>0,IF($CY$63=DE6,EF6,""),"") | ES6: =IF($CY$64<>0,IF($CY$64=DE6,EF6,""),"") | EV6: =IF($CY$65<>0,IF($CY$65=DE6,EF6,""),"") | EY6: =IF($CY$66<>0,IF($CY$66=DE6,EF6,""),"") | FB6: =IF($CY$67<>0,IF($CY$67=DE6,EF6,""),"") | FE6: =IF($CY$68<>0,IF($CY$68=DE6,EF6,""),"") | FH6: =IF($CY$69<>0,IF($CY$69=DE6,EF6,""),"") | FK6: =IF($CY$70<>0, IF($CY$70=DE6, EF6, ""), "") | FN6: =IF($CY$71<>0, IF($CY$71=DE6, EF6, ""), "") | FQ6: =IF($CY$72<>0, IF($CY$72=DE6, EF6, ""), "") | FT6: =IF($CY$73<>0, IF($CY$73=DE6, EF6, ""), "") | FW6: =IF($CY$74<>0, IF($CY$74=DE6, EF6, ""), "") | FZ6: =IF($CY$75<>0, IF($CY$75=DE6, EF6, ""), "") | GC6: =IF($CY$76<>0, IF($CY$76=DE6, EF6, ""), "") | GG6: =IFERROR(INDEX($DE$2:$DR$500,$ET2,COLUMNS($GF$2:GF2)),"") -> 2001155 | GH6: =IFERROR(INDEX($DE$2:$DR$500,$ET2,COLUMNS($GF$2:GG2)),"") -> 1313 CT179T U-60 | GI6: =IFERROR(INDEX($DE$2:$DR$500,$ET2,COLUMNS($GF$2:GH2)),"") -> 1313 CT179T U-60 | GJ6: =IFERROR(INDEX($DE$2:$DR$500,$ET2,COLUMNS($GF$2:GI2)),"") -> 13 | GK6: =IFERROR(INDEX($DE$2:$DR$500,$ET2,COLUMNS($GF$2:GJ2)),"") -> 1313 | GL6: =IFERROR(INDEX($DE$2:$DR$500,$ET2,COLUMNS($GF$2:GK2)),"") -> CT179T | GM6: =IFERROR(INDEX($DE$2:$DR$500,$ET2,COLUMNS($GF$2:GL2)),"") -> 0 | GN6: =IFERROR(INDEX($DE$2:$DR$500,$ET2,COLUMNS($GF$2:GM2)),"") -> U-60 | ... GP6: =IFERROR(INDEX($DE$2:$DR$500,$ET2,COLUMNS($GF$2:GO2)),"") -> 0 | GQ6: =IF($B$29=1,IFERROR(INDEX($DE$2:$DU$300,$ET2,COLUMNS($GF$2:GT2)),""),IF($B$29=2,IFERROR(INDEX($DE$2:$DU$300,$ET2,COLUMNS($GF$2:GV2)),""),IF($B$29=3,IFERROR(INDEX($DE$2:$DU$300,$ET2,COLUMNS($GF$2:GU2)),""),IF($B$29="",IFERROR(INDEX($DE$2:$DU$300,$ET2,COLUMNS($GF$2:GP2)),""),"")))) -> 360 | GR6: =IFERROR(INDEX($DE$2:$DR$500,$ET2,COLUMNS($GF$2:GQ2)),"") -> 0 | GS6: =IFERROR(INDEX($DE$2:$DR$500,$ET2,COLUMNS($GF$2:GR2)),"") -> 0 | GT6: =IFERROR(INDEX($DE$2:$EC$300,$ET2,COLUMNS($GF$2:GS2)),"") -> 1313 CT179T | GU6: =IFERROR(INDEX($DE$2:$EC$300,$ET2,COLUMNS($GF$2:GT2)),"") -> 353.3088 | GV6: =IFERROR(INDEX($DE$2:$EC$300,$ET2,COLUMNS($GF$2:GU2)),"") -> 271.776 | GW6: =IFERROR(INDEX($DE$2:$EC$300,$ET2,COLUMNS($GF$2:GV2)),"") -> 0 | GX6: =IFERROR(INDEX($DE$2:$EC$300,$ET2,COLUMNS($GF$2:GW2)),"") -> 0 | GY6: =IFERROR(INDEX($DE$2:$EC$300,$ET2,COLUMNS($GF$2:GX2)),"") -> 0 | GZ6: =IFERROR(INDEX($DE$2:$EC$300,$ET2,COLUMNS($GF$2:GY2)),"") -> 0 | HA6: =IFERROR(INDEX($DE$2:$EC$300,$ET2,COLUMNS($GF$2:GZ2)),"") -> 0 | ... HE6: =IFERROR(INDEX($DE$2:$EC$300,$ET2,COLUMNS($GF$2:HD2)),"") -> 0
A7: From | B7: LSTK | D7: =IF(F7="","",IFERROR(D6+1,"")) | I7: =IF(COUNTIF(Data!B4,"S*"),"ARDT Hardfacing","ARDT Matrix Build up") -> ARDT Matrix Build up | M7: ARAMCO BIT SETUP CHARGE TYPE | DB7: 375538 | DD7: 0 | DE7: 107348 | DF7: OBS 13MM STEEL R3 CT221 | DG7: OBS 13MM STEEL R3 CT221 | DH7: 13 | DI7: 13 | DJ7: CT221 | EF7: =ROWS($DE$2:DE7) -> 6 | EG7: =IF($CY$60<>0,IF($CY$60=DE7,EF7,""),"") | EJ7: =IF($CY$61<>0,IF($CY$61=DE7,EF7,""),"") | EM7: =IF($CY$62<>0,IF($CY$62=DE7,EF7,""),"") | EP7: =IF($CY$63<>0,IF($CY$63=DE7,EF7,""),"") | ES7: =IF($CY$64<>0,IF($CY$64=DE7,EF7,""),"") | EV7: =IF($CY$65<>0,IF($CY$65=DE7,EF7,""),"") | EY7: =IF($CY$66<>0,IF($CY$66=DE7,EF7,""),"") | FB7: =IF($CY$67<>0,IF($CY$67=DE7,EF7,""),"") | FE7: =IF($CY$68<>0,IF($CY$68=DE7,EF7,""),"") | FH7: =IF($CY$69<>0,IF($CY$69=DE7,EF7,""),"") | FK7: =IF($CY$70<>0, IF($CY$70=DE7, EF7, ""), "") | FN7: =IF($CY$71<>0, IF($CY$71=DE7, EF7, ""), "") | FQ7: =IF($CY$72<>0, IF($CY$72=DE7, EF7, ""), "") | FT7: =IF($CY$73<>0, IF($CY$73=DE7, EF7, ""), "") | FW7: =IF($CY$74<>0, IF($CY$74=DE7, EF7, ""), "") | FZ7: =IF($CY$75<>0, IF($CY$75=DE7, EF7, ""), "") | GC7: =IF($CY$76<>0, IF($CY$76=DE7, EF7, ""), "") | GG7: =IFERROR(INDEX($DE$2:$DR$500,$EW2,COLUMNS($GF$2:GF2)),"") | GH7: =IFERROR(INDEX($DE$2:$DR$500,$EW2,COLUMNS($GF$2:GG2)),"") | GI7: =IFERROR(INDEX($DE$2:$DR$500,$EW2,COLUMNS($GF$2:GH2)),"") | GJ7: =IFERROR(INDEX($DE$2:$DR$500,$EW2,COLUMNS($GF$2:GI2)),"") | GK7: =IFERROR(INDEX($DE$2:$DR$500,$EW2,COLUMNS($GF$2:GJ2)),"") | GL7: =IFERROR(INDEX($DE$2:$DR$500,$EW2,COLUMNS($GF$2:GK2)),"") | GM7: =IFERROR(INDEX($DE$2:$DR$500,$EW2,COLUMNS($GF$2:GL2)),"") | GN7: =IFERROR(INDEX($DE$2:$DR$500,$EW2,COLUMNS($GF$2:GM2)),"") | ... GP7: =IFERROR(INDEX($DE$2:$DR$500,$EW2,COLUMNS($GF$2:GO2)),"") | GQ7: =IF($B$29=1,IFERROR(INDEX($DE$2:$DU$300,$EW2,COLUMNS($GF$2:GT2)),""),IF($B$29=2,IFERROR(INDEX($DE$2:$DU$300,$EW2,COLUMNS($GF$2:GV2)),""),IF($B$29=3,IFERROR(INDEX($DE$2:$DU$300,$EW2,COLUMNS($GF$2:GU2)),""),IF($B$29="",IFERROR(INDEX($DE$2:$DU$300,$EW2,COLUMNS($GF$2:GP2)),""),"")))) | GR7: =IFERROR(INDEX($DE$2:$DR$500,$EW2,COLUMNS($GF$2:GQ2)),"") | GS7: =IFERROR(INDEX($DE$2:$DR$500,$EW2,COLUMNS($GF$2:GR2)),"") | GT7: =IFERROR(INDEX($DE$2:$EC$300,$EW2,COLUMNS($GF$2:GS2)),"") | GU7: =IFERROR(INDEX($DE$2:$EC$300,$EW2,COLUMNS($GF$2:GT2)),"") | GV7: =IFERROR(INDEX($DE$2:$EC$300,$EW2,COLUMNS($GF$2:GU2)),"") | GW7: =IFERROR(INDEX($DE$2:$EC$300,$EW2,COLUMNS($GF$2:GV2)),"") | GX7: =IFERROR(INDEX($DE$2:$EC$300,$EW2,COLUMNS($GF$2:GW2)),"") | GY7: =IFERROR(INDEX($DE$2:$EC$300,$EW2,COLUMNS($GF$2:GX2)),"") | GZ7: =IFERROR(INDEX($DE$2:$EC$300,$EW2,COLUMNS($GF$2:GY2)),"") | HA7: =IFERROR(INDEX($DE$2:$EC$300,$EW2,COLUMNS($GF$2:GZ2)),"") | ... HE7: =IFERROR(INDEX($DE$2:$EC$300,$EW2,COLUMNS($GF$2:HD2)),"")
A8: LV3 or LV4 Mat # | D8: =IF(F8="","",IFERROR(D7+1,"")) | I8: =IF(COUNTIF(Data!B4,"S*"),"Engineer Hardfacing","Engineer Matrix Build up") -> Engineer Matrix Build up | M8: Additional ARAMCO Remark | DB8: 376826 | DD8: 0 | DE8: 1165788 | DF8: 1913 PMT 0.018" | DG8: 1913 PMT 0.018" | DH8: 19 | DI8: 1913 | DJ8: PMT | DL8: 0.018" | EF8: =ROWS($DE$2:DE8) -> 7 | EG8: =IF($CY$60<>0,IF($CY$60=DE8,EF8,""),"") | EJ8: =IF($CY$61<>0,IF($CY$61=DE8,EF8,""),"") | EM8: =IF($CY$62<>0,IF($CY$62=DE8,EF8,""),"") | EP8: =IF($CY$63<>0,IF($CY$63=DE8,EF8,""),"") | ES8: =IF($CY$64<>0,IF($CY$64=DE8,EF8,""),"") | EV8: =IF($CY$65<>0,IF($CY$65=DE8,EF8,""),"") | EY8: =IF($CY$66<>0,IF($CY$66=DE8,EF8,""),"") | FB8: =IF($CY$67<>0,IF($CY$67=DE8,EF8,""),"") | FE8: =IF($CY$68<>0,IF($CY$68=DE8,EF8,""),"") | FH8: =IF($CY$69<>0,IF($CY$69=DE8,EF8,""),"") | FK8: =IF($CY$70<>0, IF($CY$70=DE8, EF8, ""), "") | FN8: =IF($CY$71<>0, IF($CY$71=DE8, EF8, ""), "") | FQ8: =IF($CY$72<>0, IF($CY$72=DE8, EF8, ""), "") | FT8: =IF($CY$73<>0, IF($CY$73=DE8, EF8, ""), "") | FW8: =IF($CY$74<>0, IF($CY$74=DE8, EF8, ""), "") | FZ8: =IF($CY$75<>0, IF($CY$75=DE8, EF8, ""), "") | GC8: =IF($CY$76<>0, IF($CY$76=DE8, EF8, ""), "") | GG8: =IFERROR(INDEX($DE$2:$DR$500,$EZ2,COLUMNS($GF$2:GF2)),"") | GH8: =IFERROR(INDEX($DE$2:$DR$500,$EZ2,COLUMNS($GF$2:GG2)),"") | GI8: =IFERROR(INDEX($DE$2:$DR$500,$EZ2,COLUMNS($GF$2:GH2)),"") | GJ8: =IFERROR(INDEX($DE$2:$DR$500,$EZ2,COLUMNS($GF$2:GI2)),"") | GK8: =IFERROR(INDEX($DE$2:$DR$500,$EZ2,COLUMNS($GF$2:GJ2)),"") | GL8: =IFERROR(INDEX($DE$2:$DR$500,$EZ2,COLUMNS($GF$2:GK2)),"") | GM8: =IFERROR(INDEX($DE$2:$DR$500,$EZ2,COLUMNS($GF$2:GL2)),"") | GN8: =IFERROR(INDEX($DE$2:$DR$500,$EZ2,COLUMNS($GF$2:GM2)),"") | ... GP8: =IFERROR(INDEX($DE$2:$DR$500,$EZ2,COLUMNS($GF$2:GO2)),"") | GQ8: =IF($B$29=1,IFERROR(INDEX($DE$2:$DU$300,$EZ2,COLUMNS($GF$2:GT2)),""),IF($B$29=2,IFERROR(INDEX($DE$2:$DU$300,$EZ2,COLUMNS($GF$2:GV2)),""),IF($B$29=3,IFERROR(INDEX($DE$2:$DU$300,$EZ2,COLUMNS($GF$2:GU2)),""),IF($B$29="",IFERROR(INDEX($DE$2:$DU$300,$EZ2,COLUMNS($GF$2:GP2)),""),"")))) | GR8: =IFERROR(INDEX($DE$2:$DR$500,$EZ2,COLUMNS($GF$2:GQ2)),"") | GS8: =IFERROR(INDEX($DE$2:$DR$500,$EZ2,COLUMNS($GF$2:GR2)),"") | GT8: =IFERROR(INDEX($DE$2:$EC$300,$EZ2,COLUMNS($GF$2:GS2)),"") | GU8: =IFERROR(INDEX($DE$2:$EC$300,$EZ2,COLUMNS($GF$2:GT2)),"") | GV8: =IFERROR(INDEX($DE$2:$EC$300,$EZ2,COLUMNS($GF$2:GU2)),"") | GW8: =IFERROR(INDEX($DE$2:$EC$300,$EZ2,COLUMNS($GF$2:GV2)),"") | GX8: =IFERROR(INDEX($DE$2:$EC$300,$EZ2,COLUMNS($GF$2:GW2)),"") | GY8: =IFERROR(INDEX($DE$2:$EC$300,$EZ2,COLUMNS($GF$2:GX2)),"") | GZ8: =IFERROR(INDEX($DE$2:$EC$300,$EZ2,COLUMNS($GF$2:GY2)),"") | HA8: =IFERROR(INDEX($DE$2:$EC$300,$EZ2,COLUMNS($GF$2:GZ2)),"") | ... HE8: =IFERROR(INDEX($DE$2:$EC$300,$EZ2,COLUMNS($GF$2:HD2)),"")
A9: LV3 or LV4 Remark | I9: Add charge for rework | DB9: 399930 | DD9: 69 | DE9: 1039058 | DF9: 1608 CT138 0.018 | DG9: =DR9 & " " & DL9 -> 1608 CT138 0.018" | DH9: 16 | DI9: 1608 | DJ9: CT138 | DL9: 0.018" | DM9: 11 | DN9: 0 | DO9: 497 | DR9: =DI9 & " " & DJ9 & " " & DK9 -> 1608 CT138 | DV9: S | DW9: 6.4.1 | DX9: 30 | DY9: 16mm Cutter Replacement Super Premium | DZ9: 16mm | EA9: 1 | EB9: EA | EC9: 662 | ED9: 6.4.1 30 | EE9: =SUMIF($G$12:$G$21,$DE9,$E$12:$E$21) -> 0 | EF9: =ROWS($DE$2:DE9) -> 8 | EG9: =IF($CY$60<>0,IF($CY$60=DE9,EF9,""),"") | EJ9: =IF($CY$61<>0,IF($CY$61=DE9,EF9,""),"") | EM9: =IF($CY$62<>0,IF($CY$62=DE9,EF9,""),"") | EP9: =IF($CY$63<>0,IF($CY$63=DE9,EF9,""),"") | ES9: =IF($CY$64<>0,IF($CY$64=DE9,EF9,""),"") | EV9: =IF($CY$65<>0,IF($CY$65=DE9,EF9,""),"") | EY9: =IF($CY$66<>0,IF($CY$66=DE9,EF9,""),"") | FB9: =IF($CY$67<>0,IF($CY$67=DE9,EF9,""),"") | FE9: =IF($CY$68<>0,IF($CY$68=DE9,EF9,""),"") | FH9: =IF($CY$69<>0,IF($CY$69=DE9,EF9,""),"") | FK9: =IF($CY$70<>0, IF($CY$70=DE9, EF9, ""), "") | FN9: =IF($CY$71<>0, IF($CY$71=DE9, EF9, ""), "") | FQ9: =IF($CY$72<>0, IF($CY$72=DE9, EF9, ""), "") | FT9: =IF($CY$73<>0, IF($CY$73=DE9, EF9, ""), "") | FW9: =IF($CY$74<>0, IF($CY$74=DE9, EF9, ""), "") | FZ9: =IF($CY$75<>0, IF($CY$75=DE9, EF9, ""), "") | GC9: =IF($CY$76<>0, IF($CY$76=DE9, EF9, ""), "") | GG9: =IFERROR(INDEX($DE$2:$DR$500,$FC2,COLUMNS($GF$2:GF2)),"") | GH9: =IFERROR(INDEX($DE$2:$DR$500,$FC2,COLUMNS($GF$2:GG2)),"") | GI9: =IFERROR(INDEX($DE$2:$DR$500,$FC2,COLUMNS($GF$2:GH2)),"") | GJ9: =IFERROR(INDEX($DE$2:$DR$500,$FC2,COLUMNS($GF$2:GI2)),"") | GK9: =IFERROR(INDEX($DE$2:$DR$500,$FC2,COLUMNS($GF$2:GJ2)),"") | GL9: =IFERROR(INDEX($DE$2:$DR$500,$FC2,COLUMNS($GF$2:GK2)),"") | GM9: =IFERROR(INDEX($DE$2:$DR$500,$FC2,COLUMNS($GF$2:GL2)),"") | GN9: =IFERROR(INDEX($DE$2:$DR$500,$FC2,COLUMNS($GF$2:GM2)),"") | ... GP9: =IFERROR(INDEX($DE$2:$DR$500,$FC2,COLUMNS($GF$2:GO2)),"") | GQ9: =IF($B$29=1,IFERROR(INDEX($DE$2:$DU$300,$FC2,COLUMNS($GF$2:GT2)),""),IF($B$29=2,IFERROR(INDEX($DE$2:$DU$300,$FC2,COLUMNS($GF$2:GV2)),""),IF($B$29=3,IFERROR(INDEX($DE$2:$DU$300,$FC2,COLUMNS($GF$2:GU2)),""),IF($B$29="",IFERROR(INDEX($DE$2:$DU$300,$FC2,COLUMNS($GF$2:GP2)),""),"")))) | GR9: =IFERROR(INDEX($DE$2:$DR$500,$FC2,COLUMNS($GF$2:GQ2)),"") | GS9: =IFERROR(INDEX($DE$2:$DR$500,$FC2,COLUMNS($GF$2:GR2)),"") | GT9: =IFERROR(INDEX($DE$2:$EC$300,$FC2,COLUMNS($GF$2:GS2)),"") | GU9: =IFERROR(INDEX($DE$2:$EC$300,$FC2,COLUMNS($GF$2:GT2)),"") | GV9: =IFERROR(INDEX($DE$2:$EC$300,$FC2,COLUMNS($GF$2:GU2)),"") | GW9: =IFERROR(INDEX($DE$2:$EC$300,$FC2,COLUMNS($GF$2:GV2)),"") | GX9: =IFERROR(INDEX($DE$2:$EC$300,$FC2,COLUMNS($GF$2:GW2)),"") | GY9: =IFERROR(INDEX($DE$2:$EC$300,$FC2,COLUMNS($GF$2:GX2)),"") | GZ9: =IFERROR(INDEX($DE$2:$EC$300,$FC2,COLUMNS($GF$2:GY2)),"") | HA9: =IFERROR(INDEX($DE$2:$EC$300,$FC2,COLUMNS($GF$2:GZ2)),"") | ... HE9: =IFERROR(INDEX($DE$2:$EC$300,$FC2,COLUMNS($GF$2:HD2)),"")
A10: New Type | D10: Cutter quantities changed after Engineer cutter entry filled | K10: Remarks | N10: Total cutters in BOM | S10: 738227 | DB10: 418525 | DD10: 68 | DE10: 1039060 | DF10: 1613 CT138 0.018 | DG10: =DR10 & " " & DL10 -> 1613 CT138 0.018" | DH10: 16 | DI10: 1613 | DJ10: CT138 | DL10: 0.018" | DM10: 33 | DN10: 0 | DO10: 497 | DR10: =DI10 & " " & DJ10 & " " & DK10 -> 1613 CT138 | DV10: S | DW10: 6.4.1 | DX10: 30 | DY10: 16mm Cutter Replacement Super Premium | DZ10: 16mm | EA10: 1 | EB10: EA | EC10: 662 | ED10: 6.4.1 30 | EE10: =SUMIF($G$12:$G$21,$DE10,$E$12:$E$21) -> 0 | EF10: =ROWS($DE$2:DE10) -> 9 | EG10: =IF($CY$60<>0,IF($CY$60=DE10,EF10,""),"") | EJ10: =IF($CY$61<>0,IF($CY$61=DE10,EF10,""),"") | EM10: =IF($CY$62<>0,IF($CY$62=DE10,EF10,""),"") | EP10: =IF($CY$63<>0,IF($CY$63=DE10,EF10,""),"") | ES10: =IF($CY$64<>0,IF($CY$64=DE10,EF10,""),"") | EV10: =IF($CY$65<>0,IF($CY$65=DE10,EF10,""),"") | EY10: =IF($CY$66<>0,IF($CY$66=DE10,EF10,""),"") | FB10: =IF($CY$67<>0,IF($CY$67=DE10,EF10,""),"") | FE10: =IF($CY$68<>0,IF($CY$68=DE10,EF10,""),"") | FH10: =IF($CY$69<>0,IF($CY$69=DE10,EF10,""),"") | FK10: =IF($CY$70<>0, IF($CY$70=DE10, EF10, ""), "") | FN10: =IF($CY$71<>0, IF($CY$71=DE10, EF10, ""), "") | FQ10: =IF($CY$72<>0, IF($CY$72=DE10, EF10, ""), "") | FT10: =IF($CY$73<>0, IF($CY$73=DE10, EF10, ""), "") | FW10: =IF($CY$74<>0, IF($CY$74=DE10, EF10, ""), "") | FZ10: =IF($CY$75<>0, IF($CY$75=DE10, EF10, ""), "") | GC10: =IF($CY$76<>0, IF($CY$76=DE10, EF10, ""), "") | GG10: =IFERROR(INDEX($DE$2:$DR$500,$FF2,COLUMNS($GF$2:GF2)),"") | GH10: =IFERROR(INDEX($DE$2:$DR$500,$FF2,COLUMNS($GF$2:GG2)),"") | GI10: =IFERROR(INDEX($DE$2:$DR$500,$FF2,COLUMNS($GF$2:GH2)),"") | GJ10: =IFERROR(INDEX($DE$2:$DR$500,$FF2,COLUMNS($GF$2:GI2)),"") | GK10: =IFERROR(INDEX($DE$2:$DR$500,$FF2,COLUMNS($GF$2:GJ2)),"") | GL10: =IFERROR(INDEX($DE$2:$DR$500,$FF2,COLUMNS($GF$2:GK2)),"") | GM10: =IFERROR(INDEX($DE$2:$DR$500,$FF2,COLUMNS($GF$2:GL2)),"") | GN10: =IFERROR(INDEX($DE$2:$DR$500,$FF2,COLUMNS($GF$2:GM2)),"") | ... GP10: =IFERROR(INDEX($DE$2:$DR$500,$FF2,COLUMNS($GF$2:GO2)),"") | GQ10: =IF($B$29=1,IFERROR(INDEX($DE$2:$DU$300,$FF2,COLUMNS($GF$2:GT2)),""),IF($B$29=2,IFERROR(INDEX($DE$2:$DU$300,$FF2,COLUMNS($GF$2:GV2)),""),IF($B$29=3,IFERROR(INDEX($DE$2:$DU$300,$FF2,COLUMNS($GF$2:GU2)),""),IF($B$29="",IFERROR(INDEX($DE$2:$DU$300,$FF2,COLUMNS($GF$2:GP2)),""),"")))) | GR10: =IFERROR(INDEX($DE$2:$DR$500,$FF2,COLUMNS($GF$2:GQ2)),"") | GS10: =IFERROR(INDEX($DE$2:$DR$500,$FF2,COLUMNS($GF$2:GR2)),"") | GT10: =IFERROR(INDEX($DE$2:$EC$300,$FF2,COLUMNS($GF$2:GS2)),"") | GU10: =IFERROR(INDEX($DE$2:$EC$300,$FF2,COLUMNS($GF$2:GT2)),"") | GV10: =IFERROR(INDEX($DE$2:$EC$300,$FF2,COLUMNS($GF$2:GU2)),"") | GW10: =IFERROR(INDEX($DE$2:$EC$300,$FF2,COLUMNS($GF$2:GV2)),"") | GX10: =IFERROR(INDEX($DE$2:$EC$300,$FF2,COLUMNS($GF$2:GW2)),"") | GY10: =IFERROR(INDEX($DE$2:$EC$300,$FF2,COLUMNS($GF$2:GX2)),"") | GZ10: =IFERROR(INDEX($DE$2:$EC$300,$FF2,COLUMNS($GF$2:GY2)),"") | HA10: =IFERROR(INDEX($DE$2:$EC$300,$FF2,COLUMNS($GF$2:GZ2)),"") | ... HE10: =IFERROR(INDEX($DE$2:$EC$300,$FF2,COLUMNS($GF$2:HD2)),"")
A11: Evaluated by | B11: Yakoob Alajawad | D11: # | E11: Quantity | F11: Cutter Size | G11: Cutters Part # | H11: Description | K11: New | L11: Reclaim | M11: Additional comment | N11: Cutters as BOM | O11: Qty as BOM | S11: 638559 | DB11: 467367 | DD11: 80 | DE11: 1039064 | DF11: 1913 CT138 TSP V 0.018 | DG11: =DR11 & " " & DL11 -> 1913 CT138 TSP V 0.018" | DH11: 19 | DI11: 1913 | DJ11: CT138 | DK11: TSP V | DL11: 0.018" | DM11: 27 | DN11: 0 | DO11: 660 | DR11: =DI11 & " " & DJ11 & " " & DK11 -> 1913 CT138 TSP V | DV11: S | DW11: 6.5.1 | DX11: 30 | DY11: 19mm Cutter Replacement Super Premium | DZ11: 19mm | EA11: 1 | EB11: EA | EC11: 836 | ED11: 6.5.1 30 | EE11: =SUMIF($G$12:$G$21,$DE11,$E$12:$E$21) -> 0 | EF11: =ROWS($DE$2:DE11) -> 10 | EG11: =IF($CY$60<>0,IF($CY$60=DE11,EF11,""),"") | EJ11: =IF($CY$61<>0,IF($CY$61=DE11,EF11,""),"") | EM11: =IF($CY$62<>0,IF($CY$62=DE11,EF11,""),"") | EP11: =IF($CY$63<>0,IF($CY$63=DE11,EF11,""),"") | ES11: =IF($CY$64<>0,IF($CY$64=DE11,EF11,""),"") | EV11: =IF($CY$65<>0,IF($CY$65=DE11,EF11,""),"") | EY11: =IF($CY$66<>0,IF($CY$66=DE11,EF11,""),"") | FB11: =IF($CY$67<>0,IF($CY$67=DE11,EF11,""),"") | FE11: =IF($CY$68<>0,IF($CY$68=DE11,EF11,""),"") | FH11: =IF($CY$69<>0,IF($CY$69=DE11,EF11,""),"") | FK11: =IF($CY$70<>0, IF($CY$70=DE11, EF11, ""), "") | FN11: =IF($CY$71<>0, IF($CY$71=DE11, EF11, ""), "") | FQ11: =IF($CY$72<>0, IF($CY$72=DE11, EF11, ""), "") | FT11: =IF($CY$73<>0, IF($CY$73=DE11, EF11, ""), "") | FW11: =IF($CY$74<>0, IF($CY$74=DE11, EF11, ""), "") | FZ11: =IF($CY$75<>0, IF($CY$75=DE11, EF11, ""), "") | GC11: =IF($CY$76<>0, IF($CY$76=DE11, EF11, ""), "") | GG11: =IFERROR(INDEX($DE$2:$DR$500,$FI2,COLUMNS($GF$2:GF2)),"") | GH11: =IFERROR(INDEX($DE$2:$DR$500,$FI2,COLUMNS($GF$2:GG2)),"") | GI11: =IFERROR(INDEX($DE$2:$DR$500,$FI2,COLUMNS($GF$2:GH2)),"") | GJ11: =IFERROR(INDEX($DE$2:$DR$500,$FI2,COLUMNS($GF$2:GI2)),"") | GK11: =IFERROR(INDEX($DE$2:$DR$500,$FI2,COLUMNS($GF$2:GJ2)),"") | GL11: =IFERROR(INDEX($DE$2:$DR$500,$FI2,COLUMNS($GF$2:GK2)),"") | GM11: =IFERROR(INDEX($DE$2:$DR$500,$FI2,COLUMNS($GF$2:GL2)),"") | GN11: =IFERROR(INDEX($DE$2:$DR$500,$FI2,COLUMNS($GF$2:GM2)),"") | ... GT11: =IFERROR(INDEX($DE$2:$DR$500,$FI2,COLUMNS($GF$2:GS2)),"") | GU11: =IFERROR(INDEX($DE$2:EC$200,$FI2,COLUMNS($GF$2:GT2)),"") | GV11: =IFERROR(INDEX($DE$2:EC$200,$FI2,COLUMNS($GF$2:GU2)),"") | GW11: =IFERROR(INDEX($DE$2:EC$200,$FI2,COLUMNS($GF$2:GV2)),"") | GX11: =IFERROR(INDEX($DE$2:EC$200,$FI2,COLUMNS($GF$2:GW2)),"") | GY11: =IFERROR(INDEX($DE$2:EC$200,$FI2,COLUMNS($GF$2:GX2)),"") | GZ11: =IFERROR(INDEX($DE$2:EC$200,$FI2,COLUMNS($GF$2:GY2)),"") | HA11: =IFERROR(INDEX($DE$2:EC$200,$FI2,COLUMNS($GF$2:GZ2)),"") | HB11: =IFERROR(INDEX($DE$2:$EC$300,$FI2,COLUMNS($GF$2:HA2)),"") | HC11: =IFERROR(INDEX($DE$2:$EC$300,$FI2,COLUMNS($GF$2:HB2)),"") | HD11: =IFERROR(INDEX($DE$2:$EC$300,$FI2,COLUMNS($GF$2:HC2)),"") | HE11: =IFERROR(INDEX($DE$2:$EC$300,$FI2,COLUMNS($GF$2:HD2)),"")
A12: QC By | B12: Ramzi Kassab | D12: =IF(G12="","",IF(CX60>0,IF(CX60<>"", CX60, ""),"")) -> 1 | E12: =IF('Eng. Cutter Entry'!C4<>"",IF($L$9<>1,('ARDT Cutter Entry'!AQ$58+'ARDT Cutter Entry'!AQ$59+'ARDT Cutter Entry'!AQ$60+'ARDT Cutter Entry'!AQ$61),'ARDT Cutter Entry'!AQ$58+'ARDT Cutter Entry'!AQ$59+'ARDT Cutter Entry'!AQ$60+'ARDT Cutter Entry'!AQ$61+Rework!C73),'ARDT Cutter Entry'!AQ2+'ARDT Cutter Entry'!AQ3+'ARDT Cutter Entry'!AQ4+'ARDT Cutter Entry'!AQ5) -> 0 | F12: =IF(GK2>0,IF(GK2<>"",GK2," ")," ") -> 1313 | G12: =IF(B5<>"",IF(GG2>0,IF(GG2<>"",IF(GG2<>"Add the cutter in list",GG2,"Add the cutter"),""),""),"") -> 1145493 | H12: =IF(AND(GM2<>"",GM2<>0),GM2,"")&IF(AND(GL2<>"",GL2<>0)," "&GL2,"")&IF(AND(GN2<>"",GN2<>0)," "&GN2,"") -> CT427 0.010" | J12: =IF(AND(GR2<>"",GR2<>0),GR2,"") | K12: =IF(IFERROR(E12-L12,E12)=0,"",IFERROR(E12-L12,E12)) | N12: =BJ46 -> 1145493 | O12: =BO46 -> 16 | S12: 1162508 | DB12: 471108 | DD12: 24 | DE12: 177778 | DF12: 1303 CT200 DROPIN | DG12: =DR12 & " " & DL12 -> 1303 CT200 DROPIN | DH12: 13 | DI12: 1303 | DJ12: CT200 | DK12: DROPIN | DM12: 15 | DN12: 0 | DO12: 360 | DR12: =DI12 & " " & DJ12 & " " & DK12 -> 1303 CT200 DROPIN | DV12: B | DW12: 6.3.1 | DX12: 10 | DY12: 13mm Cutter Replacement Standard | DZ12: 13mm | EA12: 1 | EB12: EA | EC12: 345 | ED12: 6.3.1 10 | EE12: =SUMIF($G$12:$G$21,$DE12,$E$12:$E$21) -> 0 | EF12: =ROWS($DE$2:DE12) -> 11 | EG12: =IF($CY$60<>0,IF($CY$60=DE12,EF12,""),"") | EJ12: =IF($CY$61<>0,IF($CY$61=DE12,EF12,""),"") | EM12: =IF($CY$62<>0,IF($CY$62=DE12,EF12,""),"") | EP12: =IF($CY$63<>0,IF($CY$63=DE12,EF12,""),"") | ES12: =IF($CY$64<>0,IF($CY$64=DE12,EF12,""),"") | EV12: =IF($CY$65<>0,IF($CY$65=DE12,EF12,""),"") | EY12: =IF($CY$66<>0,IF($CY$66=DE12,EF12,""),"") | FB12: =IF($CY$67<>0,IF($CY$67=DE12,EF12,""),"") | FE12: =IF($CY$68<>0,IF($CY$68=DE12,EF12,""),"") | FH12: =IF($CY$69<>0,IF($CY$69=DE12,EF12,""),"") | FK12: =IF($CY$70<>0, IF($CY$70=DE12, EF12, ""), "") | FN12: =IF($CY$71<>0, IF($CY$71=DE12, EF12, ""), "") | FQ12: =IF($CY$72<>0, IF($CY$72=DE12, EF12, ""), "") | FT12: =IF($CY$73<>0, IF($CY$73=DE12, EF12, ""), "") | FW12: =IF($CY$74<>0, IF($CY$74=DE12, EF12, ""), "") | FZ12: =IF($CY$75<>0, IF($CY$75=DE12, EF12, ""), "") | GC12: =IF($CY$76<>0, IF($CY$76=DE12, EF12, ""), "") | GG12: =IFERROR(INDEX($DE$2:$DR$500,$FL2,COLUMNS($GF$2:GF2)),"") | GH12: =IFERROR(INDEX($DE$2:$DR$500,$FL2,COLUMNS($GF$2:GG2)),"") | GI12: =IFERROR(INDEX($DE$2:$DR$500,$FL2,COLUMNS($GF$2:GH2)),"") | GJ12: =IFERROR(INDEX($DE$2:$DR$500,$FL2,COLUMNS($GF$2:GI2)),"") | GK12: =IFERROR(INDEX($DE$2:$DR$500,$FL2,COLUMNS($GF$2:GJ2)),"") | GL12: =IFERROR(INDEX($DE$2:$DR$500,$FL2,COLUMNS($GF$2:GK2)),"") | GM12: =IFERROR(INDEX($DE$2:$DR$500,$FL2,COLUMNS($GF$2:GL2)),"") | GN12: =IFERROR(INDEX($DE$2:$DR$500,$FL2,COLUMNS($GF$2:GM2)),"") | ... HE12: =IFERROR(INDEX($DE$2:$DR$500,$FL2,COLUMNS($GF$2:HD2)),"")
A13: Date of Evaluation (MM/DD/YYYY) | B13: 46035 | D13: =IF(G13="","",IF(CX61>0,IF(CX61<>"", CX61, ""),"")) -> 2 | E13: =IF('Eng. Cutter Entry'!C4<>"",IF($L$9<>1,('ARDT Cutter Entry'!AR$58+'ARDT Cutter Entry'!AR$59+'ARDT Cutter Entry'!AR$60+'ARDT Cutter Entry'!AR$61),'ARDT Cutter Entry'!AR$58+'ARDT Cutter Entry'!AR$59+'ARDT Cutter Entry'!AR$60+'ARDT Cutter Entry'!AR$61+Rework!D73),'ARDT Cutter Entry'!AR2+'ARDT Cutter Entry'!AR3+'ARDT Cutter Entry'!AR4+'ARDT Cutter Entry'!AR5) -> 0 | F13: =IF(GK3>0,IF(GK3<>"",GK3," ")," ") -> 1308 | G13: =IF(B5<>"",IF(GG3>0,IF(GG3<>"",IF(GG3<>"Add the cutter in list",GG3,"Add the cutter"),""),""),"") -> 418525 | H13: =IF(AND(GM3<>"",GM3<>0),GM3,"")&IF(AND(GL3<>"",GL3<>0)," "&GL3,"")&IF(AND(GN3<>"",GN3<>0)," "&GN3,"") -> Drop in CT31 | J13: =IF(AND(GR3<>"",GR3<>0),GR3,"") | K13: =IF(IFERROR(E13-L13,E13)=0,"",IFERROR(E13-L13,E13)) | N13: =BJ47 -> 418525 | O13: =BO47 -> 10 | S13: 729688 | DB13: 471109 | DD13: 2 | DE13: 375538 | DF13: 13MM R1 PEP .012R LG BEVEL | DG13: =DR13 & " " & DL13 -> 13 R1 PEP .012R LG BEVEL | DH13: 13 | DI13: 13 | DK13: R1 PEP .012R LG BEVEL | DM13: 24 | DN13: 38 | DO13: 360 | DR13: =DI13 & " " & DJ13 & " " & DK13 -> 13 R1 PEP .012R LG BEVEL | DS13: =DT13*1.3 -> 140.764 | DT13: 108.28 | DV13: D | DW13: 6.3.1 | DX13: 10 | DY13: 13mm Cutter Replacement Standard | DZ13: 13mm | EA13: 1 | EB13: EA | EC13: 345 | ED13: 6.3.1 10 | EE13: =SUMIF($G$12:$G$21,$DE13,$E$12:$E$21) -> 0 | EF13: =ROWS($DE$2:DE13) -> 12 | EG13: =IF($CY$60<>0,IF($CY$60=DE13,EF13,""),"") | EJ13: =IF($CY$61<>0,IF($CY$61=DE13,EF13,""),"") | EM13: =IF($CY$62<>0,IF($CY$62=DE13,EF13,""),"") | EP13: =IF($CY$63<>0,IF($CY$63=DE13,EF13,""),"") | ES13: =IF($CY$64<>0,IF($CY$64=DE13,EF13,""),"") | EV13: =IF($CY$65<>0,IF($CY$65=DE13,EF13,""),"") | EY13: =IF($CY$66<>0,IF($CY$66=DE13,EF13,""),"") | FB13: =IF($CY$67<>0,IF($CY$67=DE13,EF13,""),"") | FE13: =IF($CY$68<>0,IF($CY$68=DE13,EF13,""),"") | FH13: =IF($CY$69<>0,IF($CY$69=DE13,EF13,""),"") | FK13: =IF($CY$70<>0, IF($CY$70=DE13, EF13, ""), "") | FN13: =IF($CY$71<>0, IF($CY$71=DE13, EF13, ""), "") | FQ13: =IF($CY$72<>0, IF($CY$72=DE13, EF13, ""), "") | FT13: =IF($CY$73<>0, IF($CY$73=DE13, EF13, ""), "") | FW13: =IF($CY$74<>0, IF($CY$74=DE13, EF13, ""), "") | FZ13: =IF($CY$75<>0, IF($CY$75=DE13, EF13, ""), "") | GC13: =IF($CY$76<>0, IF($CY$76=DE13, EF13, ""), "") | GG13: =IFERROR(INDEX($DE$2:$DR$500,$FO2,COLUMNS($GF$2:GF2)),"") | GH13: =IFERROR(INDEX($DE$2:$DR$500,$FO2,COLUMNS($GF$2:GG2)),"") | GI13: =IFERROR(INDEX($DE$2:$DR$500,$FO2,COLUMNS($GF$2:GH2)),"") | GJ13: =IFERROR(INDEX($DE$2:$DR$500,$FO2,COLUMNS($GF$2:GI2)),"") | GK13: =IFERROR(INDEX($DE$2:$DR$500,$FO2,COLUMNS($GF$2:GJ2)),"") | GL13: =IFERROR(INDEX($DE$2:$DR$500,$FO2,COLUMNS($GF$2:GK2)),"") | GM13: =IFERROR(INDEX($DE$2:$DR$500,$FO2,COLUMNS($GF$2:GL2)),"") | GN13: =IFERROR(INDEX($DE$2:$DR$500,$FO2,COLUMNS($GF$2:GM2)),"") | ... HE13: =IFERROR(INDEX($DE$2:$DR$500,$FO2,COLUMNS($GF$2:HD2)),"")
A14: =IF(Data!B7="SAUDI ARAMCO","DTD/TSSD:","Reviewed by Eng.:") -> Reviewed by Eng.: | B14: Murthada Turaifi | D14: =IF(G14="","",IF(CX62>0,IF(CX62<>"", CX62, ""),"")) -> 3 | E14: =IF('Eng. Cutter Entry'!C4<>"",IF($L$9<>1,('ARDT Cutter Entry'!AS$58+'ARDT Cutter Entry'!AS$59+'ARDT Cutter Entry'!AS$60+'ARDT Cutter Entry'!AS$61),'ARDT Cutter Entry'!AS$58+'ARDT Cutter Entry'!AS$59+'ARDT Cutter Entry'!AS$60+'ARDT Cutter Entry'!AS$61+Rework!E73),'ARDT Cutter Entry'!AS2+'ARDT Cutter Entry'!AS3+'ARDT Cutter Entry'!AS4+'ARDT Cutter Entry'!AS5) -> 0 | F14: =IF(GK4>0,IF(GK4<>"",GK4," ")," ") -> 1313 | G14: =IF(B5<>"",IF(GG4>0,IF(GG4<>"",IF(GG4<>"Add the cutter in list",GG4,"Add the cutter"),""),""),"") -> 1209332 | H14: =IF(AND(GM4<>"",GM4<>0),GM4,"")&IF(AND(GL4<>"",GL4<>0)," "&GL4,"")&IF(AND(GN4<>"",GN4<>0)," "&GN4,"") -> CT147G U | J14: =IF(AND(GR4<>"",GR4<>0),GR4,"") | K14: =IF(IFERROR(E14-L14,E14)=0,"",IFERROR(E14-L14,E14)) | N14: =BJ48 -> 1209332 | O14: =BO48 -> 7 | DB14: 535656 | DD14: 15 | DE14: 376826 | DF14: 1325 Graphite for Rinho Cutter Plug | DG14: =DR14 & " " & DL14 -> 1325 Graphite for Rinho Cutter Plug | DH14: 13 | DI14: 1325 | DK14: Graphite for Rinho Cutter Plug | DM14: 0 | DN14: 3 | DO14: 360 | DR14: =DI14 & " " & DJ14 & " " & DK14 -> 1325 Graphite for Rinho Cutter Plug | DS14: =DT14*1.3 -> 0 | EE14: =SUMIF($G$12:$G$21,$DE14,$E$12:$E$21) -> 0 | EF14: =ROWS($DE$2:DE14) -> 13 | EG14: =IF($CY$60<>0,IF($CY$60=DE14,EF14,""),"") | EJ14: =IF($CY$61<>0,IF($CY$61=DE14,EF14,""),"") | EM14: =IF($CY$62<>0,IF($CY$62=DE14,EF14,""),"") | EP14: =IF($CY$63<>0,IF($CY$63=DE14,EF14,""),"") | ES14: =IF($CY$64<>0,IF($CY$64=DE14,EF14,""),"") | EV14: =IF($CY$65<>0,IF($CY$65=DE14,EF14,""),"") | EY14: =IF($CY$66<>0,IF($CY$66=DE14,EF14,""),"") | FB14: =IF($CY$67<>0,IF($CY$67=DE14,EF14,""),"") | FE14: =IF($CY$68<>0,IF($CY$68=DE14,EF14,""),"") | FH14: =IF($CY$69<>0,IF($CY$69=DE14,EF14,""),"") | FK14: =IF($CY$70<>0, IF($CY$70=DE14, EF14, ""), "") | FN14: =IF($CY$71<>0, IF($CY$71=DE14, EF14, ""), "") | FQ14: =IF($CY$72<>0, IF($CY$72=DE14, EF14, ""), "") | FT14: =IF($CY$73<>0, IF($CY$73=DE14, EF14, ""), "") | FW14: =IF($CY$74<>0, IF($CY$74=DE14, EF14, ""), "") | FZ14: =IF($CY$75<>0, IF($CY$75=DE14, EF14, ""), "") | GC14: =IF($CY$76<>0, IF($CY$76=DE14, EF14, ""), "") | GG14: =IFERROR(INDEX($DE$2:$DR$500,$FR2,COLUMNS($GF$2:GF2)),"") | GH14: =IFERROR(INDEX($DE$2:$DR$500,$FR2,COLUMNS($GF$2:GG2)),"") | GI14: =IFERROR(INDEX($DE$2:$DR$500,$FR2,COLUMNS($GF$2:GH2)),"") | GJ14: =IFERROR(INDEX($DE$2:$DR$500,$FR2,COLUMNS($GF$2:GI2)),"") | GK14: =IFERROR(INDEX($DE$2:$DR$500,$FR2,COLUMNS($GF$2:GJ2)),"") | GL14: =IFERROR(INDEX($DE$2:$DR$500,$FR2,COLUMNS($GF$2:GK2)),"") | GM14: =IFERROR(INDEX($DE$2:$DR$500,$FR2,COLUMNS($GF$2:GL2)),"") | GN14: =IFERROR(INDEX($DE$2:$DR$500,$FR2,COLUMNS($GF$2:GM2)),"") | ... HE14: =IFERROR(INDEX($DE$2:$DR$500,$FR2,COLUMNS($GF$2:HD2)),"")
A15: Date of Review (MM/DD/YYYY) | B15: 46036 | D15: =IF(TRIM(G15)="","",IF(CX63>0,IF(CX63<>"", CX63, ""),"")) -> 4 | E15: =IF('Eng. Cutter Entry'!C4<>"",IF($L$9<>1,('ARDT Cutter Entry'!AT$58+'ARDT Cutter Entry'!AT$59+'ARDT Cutter Entry'!AT$60+'ARDT Cutter Entry'!AT$61),'ARDT Cutter Entry'!AT$58+'ARDT Cutter Entry'!AT$59+'ARDT Cutter Entry'!AT$60+'ARDT Cutter Entry'!AT$61+Rework!F73),'ARDT Cutter Entry'!AT2+'ARDT Cutter Entry'!AT3+'ARDT Cutter Entry'!AT4+'ARDT Cutter Entry'!AT5) -> 0 | F15: =IF(GK5>0,IF(GK5<>"",GK5," ")," ") -> 1313 | G15: =IF(B5<>"",IF(GG5>0,IF(GG5<>"",IF(GG5<>"Add the cutter in list",GG5,"Add the cutter"),""),""),"") -> 1146346 | H15: =IF(AND(GM5<>"",GM5<>0),GM5,"")&IF(AND(GL5<>"",GL5<>0)," "&GL5,"")&IF(AND(GN5<>"",GN5<>0)," "&GN5,"") -> CT418 18C-60 | J15: =IF(AND(GR5<>"",GR5<>0),GR5,"") | K15: =IF(IFERROR(E15-L15,E15)=0,"",IFERROR(E15-L15,E15)) | N15: =BJ49 -> 0 | O15: =BO49 -> 0 | DB15: 565884 | DD15: 3 | DE15: 399930 | DF15: 1919CT-27 BL .02 | DG15: =DR15 & " " & DL15 -> 1919 CT27 BL 0.020" | DH15: 19 | DI15: 1919 | DJ15: CT27 | DK15: BL | DL15: 0.020" | DM15: 1 | DN15: 24 | DO15: 660 | DR15: =DI15 & " " & DJ15 & " " & DK15 -> 1919 CT27 BL | DS15: =DT15*1.3 -> 0 | DV15: P | DW15: 6.5.1 | DX15: 20 | DY15: 19mm Cutter Replacement Premium | DZ15: 19mm | EA15: 1 | EB15: EA | EC15: 712 | ED15: 6.5.1 20 | EE15: =SUMIF($G$12:$G$21,$DE15,$E$12:$E$21) -> 0 | EF15: =ROWS($DE$2:DE15) -> 14 | EG15: =IF($CY$60<>0,IF($CY$60=DE15,EF15,""),"") | EJ15: =IF($CY$61<>0,IF($CY$61=DE15,EF15,""),"") | EM15: =IF($CY$62<>0,IF($CY$62=DE15,EF15,""),"") | EP15: =IF($CY$63<>0,IF($CY$63=DE15,EF15,""),"") | ES15: =IF($CY$64<>0,IF($CY$64=DE15,EF15,""),"") | EV15: =IF($CY$65<>0,IF($CY$65=DE15,EF15,""),"") | EY15: =IF($CY$66<>0,IF($CY$66=DE15,EF15,""),"") | FB15: =IF($CY$67<>0,IF($CY$67=DE15,EF15,""),"") | FE15: =IF($CY$68<>0,IF($CY$68=DE15,EF15,""),"") | FH15: =IF($CY$69<>0,IF($CY$69=DE15,EF15,""),"") | FK15: =IF($CY$70<>0, IF($CY$70=DE15, EF15, ""), "") | FN15: =IF($CY$71<>0, IF($CY$71=DE15, EF15, ""), "") | FQ15: =IF($CY$72<>0, IF($CY$72=DE15, EF15, ""), "") | FT15: =IF($CY$73<>0, IF($CY$73=DE15, EF15, ""), "") | FW15: =IF($CY$74<>0, IF($CY$74=DE15, EF15, ""), "") | FZ15: =IF($CY$75<>0, IF($CY$75=DE15, EF15, ""), "") | GC15: =IF($CY$76<>0, IF($CY$76=DE15, EF15, ""), "") | GG15: =IFERROR(INDEX($DE$2:$DR$500,$FU2,COLUMNS($GF$2:GF2)),"") | GH15: =IFERROR(INDEX($DE$2:$DR$500,$FU2,COLUMNS($GF$2:GG2)),"") | GI15: =IFERROR(INDEX($DE$2:$DR$500,$FU2,COLUMNS($GF$2:GH2)),"") | GJ15: =IFERROR(INDEX($DE$2:$DR$500,$FU2,COLUMNS($GF$2:GI2)),"") | GK15: =IFERROR(INDEX($DE$2:$DR$500,$FU2,COLUMNS($GF$2:GJ2)),"") | GL15: =IFERROR(INDEX($DE$2:$DR$500,$FU2,COLUMNS($GF$2:GK2)),"") | GM15: =IFERROR(INDEX($DE$2:$DR$500,$FU2,COLUMNS($GF$2:GL2)),"") | GN15: =IFERROR(INDEX($DE$2:$DR$500,$FU2,COLUMNS($GF$2:GM2)),"") | ... HE15: =IFERROR(INDEX($DE$2:$DR$500,$FU2,COLUMNS($GF$2:HD2)),"")
A16: Requested by | B16: =IF(Data!B7<>"", Data!B7, " ") -> LSTK | D16: =IF(TRIM(G16)="","",IF(CX64>0,IF(CX64<>"", CX64, ""),"")) -> 5 | E16: =IF('Eng. Cutter Entry'!C4<>"",IF($L$9<>1,('ARDT Cutter Entry'!AU$58+'ARDT Cutter Entry'!AU$59+'ARDT Cutter Entry'!AU$60+'ARDT Cutter Entry'!AU$61),'ARDT Cutter Entry'!AU$58+'ARDT Cutter Entry'!AU$59+'ARDT Cutter Entry'!AU$60+'ARDT Cutter Entry'!AU$61+Rework!G73),'ARDT Cutter Entry'!AU2+'ARDT Cutter Entry'!AU3+'ARDT Cutter Entry'!AU4+'ARDT Cutter Entry'!AU5) -> 0 | F16: =IF(GK6>0,IF(GK6<>"",GK6," ")," ") -> 1313 | G16: =IF(B5<>"",IF(GG6>0,IF(GG6<>"",IF(GG6<>"Add the cutter in list",GG6,"Add the cutter"),""),""),"") -> 2001155 | H16: =IF(AND(GM6<>"",GM6<>0),GM6,"")&IF(AND(GL6<>"",GL6<>0)," "&GL6,"")&IF(AND(GN6<>"",GN6<>0)," "&GN6,"") -> CT179T U-60 | J16: =IF(AND(GR6<>"",GR6<>0),GR6,"") | K16: =IF(IFERROR(E16-L16,E16)=0,"",IFERROR(E16-L16,E16)) | N16: =BJ50 -> 0 | O16: =BO50 -> 0 | DB16: 578502 | DD16: 38 | DE16: 418525 | DF16: 1308 CT31 Drop in | DG16: =DR16 & " " & DL16 -> 1308 CT31 Drop in | DH16: 13 | DI16: 1308 | DJ16: CT31 | DK16: Drop in | DM16: 381 | DN16: 0 | DO16: 100 | DR16: =DI16 & " " & DJ16 & " " & DK16 -> 1308 CT31 Drop in | DS16: =DT16*1.3 -> 26.981067 | DT16: 20.754667 | DU16: 100 | DV16: B | DW16: 6.3.1 | DX16: 10 | DY16: 13mm Cutter Replacement Standard | DZ16: 13mm | EA16: 1 | EB16: EA | EC16: 345 | ED16: 6.3.1 10 | EE16: =SUMIF($G$12:$G$21,$DE16,$E$12:$E$21) -> 0 | EF16: =ROWS($DE$2:DE16) -> 15 | EG16: =IF($CY$60<>0,IF($CY$60=DE16,EF16,""),"") | EJ16: =IF($CY$61<>0,IF($CY$61=DE16,EF16,""),"") -> 15 | EM16: =IF($CY$62<>0,IF($CY$62=DE16,EF16,""),"") | EP16: =IF($CY$63<>0,IF($CY$63=DE16,EF16,""),"") | ES16: =IF($CY$64<>0,IF($CY$64=DE16,EF16,""),"") | EV16: =IF($CY$65<>0,IF($CY$65=DE16,EF16,""),"") | EY16: =IF($CY$66<>0,IF($CY$66=DE16,EF16,""),"") | FB16: =IF($CY$67<>0,IF($CY$67=DE16,EF16,""),"") | FE16: =IF($CY$68<>0,IF($CY$68=DE16,EF16,""),"") | FH16: =IF($CY$69<>0,IF($CY$69=DE16,EF16,""),"") | FK16: =IF($CY$70<>0, IF($CY$70=DE16, EF16, ""), "") | FN16: =IF($CY$71<>0, IF($CY$71=DE16, EF16, ""), "") | FQ16: =IF($CY$72<>0, IF($CY$72=DE16, EF16, ""), "") | FT16: =IF($CY$73<>0, IF($CY$73=DE16, EF16, ""), "") | FW16: =IF($CY$74<>0, IF($CY$74=DE16, EF16, ""), "") | FZ16: =IF($CY$75<>0, IF($CY$75=DE16, EF16, ""), "") | GC16: =IF($CY$76<>0, IF($CY$76=DE16, EF16, ""), "") | GG16: =IFERROR(INDEX($DE$2:$DR$500,$FX2,COLUMNS($GF$2:GF2)),"") | GH16: =IFERROR(INDEX($DE$2:$DR$500,$FX2,COLUMNS($GF$2:GG2)),"") | GI16: =IFERROR(INDEX($DE$2:$DR$500,$FX2,COLUMNS($GF$2:GH2)),"") | GJ16: =IFERROR(INDEX($DE$2:$DR$500,$FX2,COLUMNS($GF$2:GI2)),"") | GK16: =IFERROR(INDEX($DE$2:$DR$500,$FX2,COLUMNS($GF$2:GJ2)),"") | GL16: =IFERROR(INDEX($DE$2:$DR$500,$FX2,COLUMNS($GF$2:GK2)),"") | GM16: =IFERROR(INDEX($DE$2:$DR$500,$FX2,COLUMNS($GF$2:GL2)),"") | GN16: =IFERROR(INDEX($DE$2:$DR$500,$FX2,COLUMNS($GF$2:GM2)),"") | ... HE16: =IFERROR(INDEX($DE$2:$DR$500,$FX2,COLUMNS($GF$2:HD2)),"")
A17: Department head | B17: Ramzi Kassab | D17: =IF(TRIM(G17)="","",IF(CX65>0,IF(CX65<>"", CX65, ""),"")) | E17: =IF('Eng. Cutter Entry'!C4<>"",IF($L$9<>1,('ARDT Cutter Entry'!AV$58+'ARDT Cutter Entry'!AV$59+'ARDT Cutter Entry'!AV$60+'ARDT Cutter Entry'!AV$61),'ARDT Cutter Entry'!AV$58+'ARDT Cutter Entry'!AV$59+'ARDT Cutter Entry'!AV$60+'ARDT Cutter Entry'!AV$61+Rework!H73),'ARDT Cutter Entry'!AV2+'ARDT Cutter Entry'!AV3+'ARDT Cutter Entry'!AV4+'ARDT Cutter Entry'!AV5) -> 0 | F17: =IF(GK7>0,IF(GK7<>"",GK7," ")," ") | G17: =IF(B5<>"",IF(GG7>0,IF(GG7<>"",IF(GG7<>"Add the cutter in list",GG7,"Add the cutter"),""),""),"") | H17: =IF(AND(GM7<>"",GM7<>0),GM7,"")&IF(AND(GL7<>"",GL7<>0)," "&GL7,"")&IF(AND(GN7<>"",GN7<>0)," "&GN7,"") | J17: =IF(AND(GR7<>"",GR7<>0),GR7,"") | K17: =IF(IFERROR(E17-L17,E17)=0,"",IFERROR(E17-L17,E17)) | N17: =BJ51 -> 0 | O17: =BO51 -> 0 | S17: 2002299 | DB17: 584832 | DD17: 5 | DE17: 467367 | DF17: 1613 CT-36 Round Cutter 0.020 | DG17: =DR17 & " " & DL17 -> 1613 CT36 Round Cutter 0.020" | DH17: 16 | DI17: 1613 | DJ17: CT36 | DK17: Round Cutter | DL17: 0.020" | DM17: 0 | DN17: 12 | DO17: 497 | DR17: =DI17 & " " & DJ17 & " " & DK17 -> 1613 CT36 Round Cutter | DS17: =DT17*1.3 -> 0 | DV17: S | DW17: 6.4.1 | DX17: 30 | DY17: 16mm Cutter Replacement Super Premium | DZ17: 16mm | EA17: 1 | EB17: EA | EC17: 662 | ED17: 6.4.1 30 | EE17: =SUMIF($G$12:$G$21,$DE17,$E$12:$E$21) -> 0 | EF17: =ROWS($DE$2:DE17) -> 16 | EG17: =IF($CY$60<>0,IF($CY$60=DE17,EF17,""),"") | EJ17: =IF($CY$61<>0,IF($CY$61=DE17,EF17,""),"") | EM17: =IF($CY$62<>0,IF($CY$62=DE17,EF17,""),"") | EP17: =IF($CY$63<>0,IF($CY$63=DE17,EF17,""),"") | ES17: =IF($CY$64<>0,IF($CY$64=DE17,EF17,""),"") | EV17: =IF($CY$65<>0,IF($CY$65=DE17,EF17,""),"") | EY17: =IF($CY$66<>0,IF($CY$66=DE17,EF17,""),"") | FB17: =IF($CY$67<>0,IF($CY$67=DE17,EF17,""),"") | FE17: =IF($CY$68<>0,IF($CY$68=DE17,EF17,""),"") | FH17: =IF($CY$69<>0,IF($CY$69=DE17,EF17,""),"") | FK17: =IF($CY$70<>0, IF($CY$70=DE17, EF17, ""), "") | FN17: =IF($CY$71<>0, IF($CY$71=DE17, EF17, ""), "") | FQ17: =IF($CY$72<>0, IF($CY$72=DE17, EF17, ""), "") | FT17: =IF($CY$73<>0, IF($CY$73=DE17, EF17, ""), "") | FW17: =IF($CY$74<>0, IF($CY$74=DE17, EF17, ""), "") | FZ17: =IF($CY$75<>0, IF($CY$75=DE17, EF17, ""), "") | GC17: =IF($CY$76<>0, IF($CY$76=DE17, EF17, ""), "") | GG17: =IFERROR(INDEX($DE$2:$DR$500,$GA2,COLUMNS($GF$2:GF2)),"") | GH17: =IFERROR(INDEX($DE$2:$DR$500,$GA2,COLUMNS($GF$2:GG2)),"") | GI17: =IFERROR(INDEX($DE$2:$DR$500,$GA2,COLUMNS($GF$2:GH2)),"") | GJ17: =IFERROR(INDEX($DE$2:$DR$500,$GA2,COLUMNS($GF$2:GI2)),"") | GK17: =IFERROR(INDEX($DE$2:$DR$500,$GA2,COLUMNS($GF$2:GJ2)),"") | GL17: =IFERROR(INDEX($DE$2:$DR$500,$GA2,COLUMNS($GF$2:GK2)),"") | GM17: =IFERROR(INDEX($DE$2:$DR$500,$GA2,COLUMNS($GF$2:GL2)),"") | GN17: =IFERROR(INDEX($DE$2:$DR$500,$GA2,COLUMNS($GF$2:GM2)),"") | ... HE17: =IFERROR(INDEX($DE$2:$DR$500,$GA2,COLUMNS($GF$2:HD2)),"")
A18: =IF('Eval-LSTK'!D64<>"","Repair Date",IF('Eval-LSTK'!D66<>"","Scrap Date","Rerun Date")) -> Repair Date | D18: =IF(TRIM(G18)="","",IF(CX66>0,IF(CX66<>"", CX66, ""),"")) | E18: =IF('Eng. Cutter Entry'!$C$4<>"",IF($L$9<>1,('ARDT Cutter Entry'!AW$58+'ARDT Cutter Entry'!AW$59+'ARDT Cutter Entry'!AW$60+'ARDT Cutter Entry'!AW$61),'ARDT Cutter Entry'!AW$58+'ARDT Cutter Entry'!AW$59+'ARDT Cutter Entry'!AW$60+'ARDT Cutter Entry'!AW$61+Rework!I73),'ARDT Cutter Entry'!AW$2+'ARDT Cutter Entry'!AW$3+'ARDT Cutter Entry'!AW$4+'ARDT Cutter Entry'!AW$5) -> 0 | F18: =IF(GK8>0,IF(GK8<>"",GK8," ")," ") | G18: =IF($B$5<>"",IF(GG8>0,IF(GG8<>"",IF(GG8<>"Add the cutter in list",GG8,"Add the cutter"),""),""),"") | H18: =IF(AND(GM8<>"",GM8<>0),GM8,"")&IF(AND(GL8<>"",GL8<>0)," "&GL8,"")&IF(AND(GN8<>"",GN8<>0)," "&GN8,"") | J18: =IF(AND(GR8<>"",GR8<>0),GR8,"") | K18: =IF(IFERROR(E18-L18,E18)=0,"",IFERROR(E18-L18,E18)) | N18: =BJ52 -> 0 | O18: =BO52 -> 0 | S18: 1255773 | DB18: 587493 | DD18: 7 | DE18: 471108 | DF18: 1313CT-36 PDC ROUND 0.010" | DG18: =DR18 & " " & DL18 -> 1313 CT36 PDC ROUND 0.010" | DH18: 13 | DI18: 1313 | DJ18: CT36 | DK18: PDC ROUND | DL18: 0.010" | DM18: 0 | DN18: 4 | DO18: 360 | DR18: =DI18 & " " & DJ18 & " " & DK18 -> 1313 CT36 PDC ROUND | DS18: =DT18*1.3 -> 0 | DV18: S | DW18: 6.3.1 | DX18: 30 | DY18: 13mm Cutter Replacement Super Premium | DZ18: 13mm | EA18: 1 | EB18: EA | EC18: 480 | ED18: 6.3.1 30 | EE18: =SUMIF($G$12:$G$21,$DE18,$E$12:$E$21) -> 0 | EF18: =ROWS($DE$2:DE18) -> 17 | EG18: =IF($CY$60<>0,IF($CY$60=DE18,EF18,""),"") | EJ18: =IF($CY$61<>0,IF($CY$61=DE18,EF18,""),"") | EM18: =IF($CY$62<>0,IF($CY$62=DE18,EF18,""),"") | EP18: =IF($CY$63<>0,IF($CY$63=DE18,EF18,""),"") | ES18: =IF($CY$64<>0,IF($CY$64=DE18,EF18,""),"") | EV18: =IF($CY$65<>0,IF($CY$65=DE18,EF18,""),"") | EY18: =IF($CY$66<>0,IF($CY$66=DE18,EF18,""),"") | FB18: =IF($CY$67<>0,IF($CY$67=DE18,EF18,""),"") | FE18: =IF($CY$68<>0,IF($CY$68=DE18,EF18,""),"") | FH18: =IF($CY$69<>0,IF($CY$69=DE18,EF18,""),"") | FK18: =IF($CY$70<>0, IF($CY$70=DE18, EF18, ""), "") | FN18: =IF($CY$71<>0, IF($CY$71=DE18, EF18, ""), "") | FQ18: =IF($CY$72<>0, IF($CY$72=DE18, EF18, ""), "") | FT18: =IF($CY$73<>0, IF($CY$73=DE18, EF18, ""), "") | FW18: =IF($CY$74<>0, IF($CY$74=DE18, EF18, ""), "") | FZ18: =IF($CY$75<>0, IF($CY$75=DE18, EF18, ""), "") | GC18: =IF($CY$76<>0, IF($CY$76=DE18, EF18, ""), "") | GG18: =IFERROR(INDEX($DE$2:$DR$500,$GD2,COLUMNS($GF$2:GF2)),"") | GH18: =IFERROR(INDEX($DE$2:$DR$500,$GD2,COLUMNS($GF$2:GG2)),"") | GI18: =IFERROR(INDEX($DE$2:$DR$500,$GD2,COLUMNS($GF$2:GH2)),"") | GJ18: =IFERROR(INDEX($DE$2:$DR$500,$GD2,COLUMNS($GF$2:GI2)),"") | GK18: =IFERROR(INDEX($DE$2:$DR$500,$GD2,COLUMNS($GF$2:GJ2)),"") | GL18: =IFERROR(INDEX($DE$2:$DR$500,$GD2,COLUMNS($GF$2:GK2)),"") | GM18: =IFERROR(INDEX($DE$2:$DR$500,$GD2,COLUMNS($GF$2:GL2)),"") | GN18: =IFERROR(INDEX($DE$2:$DR$500,$GD2,COLUMNS($GF$2:GM2)),"") | ... HE18: =IFERROR(INDEX($DE$2:$DR$500,$GD2,COLUMNS($GF$2:HD2)),"")
A19: Approved by | B19: Murthada Turaifi | D19: =IF(TRIM(G19)="","",IF(CX67>0,IF(CX67<>"", CX67, ""),"")) | E19: =IF('Eng. Cutter Entry'!$C$4<>"",IF($L$9<>1,('ARDT Cutter Entry'!AX$58+'ARDT Cutter Entry'!AX$59+'ARDT Cutter Entry'!AX$60+'ARDT Cutter Entry'!AX$61),'ARDT Cutter Entry'!AX$58+'ARDT Cutter Entry'!AX$59+'ARDT Cutter Entry'!AX$60+'ARDT Cutter Entry'!AX$61+Rework!J73),'ARDT Cutter Entry'!AX$2+'ARDT Cutter Entry'!AX$3+'ARDT Cutter Entry'!AX$4+'ARDT Cutter Entry'!AX$5) -> 0 | F19: =IF(GK9>0,IF(GK9<>"",GK9," ")," ") | G19: =IF($B$5<>"",IF(GG9>0,IF(GG9<>"",IF(GG9<>"Add the cutter in list",GG9,"Add the cutter"),""),""),"") | H19: =IF(AND(GM9<>"",GM9<>0),GM9,"")&IF(AND(GL9<>"",GL9<>0)," "&GL9,"")&IF(AND(GN9<>"",GN9<>0)," "&GN9,"") | J19: =IF(AND(GR9<>"",GR9<>0),GR9,"") | K19: =IF(IFERROR(E19-L19,E19)=0,"",IFERROR(E19-L19,E19)) | N19: =BJ53 -> 0 | O19: =BO53 -> 0 | S19: 1130198 | DB19: 621152 | DD19: 8 | DE19: 471109 | DF19: 1613 CT36 0.010" | DG19: =DR19 & " " & DL19 -> 1613 CT36 0.010" | DH19: 16 | DI19: 1613 | DJ19: CT36 | DL19: 0.010" | DM19: 1 | DN19: 54 | DO19: 497 | DR19: =DI19 & " " & DJ19 & " " & DK19 -> 1613 CT36 | DS19: =DT19*1.3 -> 0 | DV19: S | DW19: 6.4.1 | DX19: 30 | DY19: 16mm Cutter Replacement Super Premium | DZ19: 16mm | EA19: 1 | EB19: EA | EC19: 662 | ED19: 6.4.1 30 | EE19: =SUMIF($G$12:$G$21,$DE19,$E$12:$E$21) -> 0 | EF19: =ROWS($DE$2:DE19) -> 18 | EG19: =IF($CY$60<>0,IF($CY$60=DE19,EF19,""),"") | EJ19: =IF($CY$61<>0,IF($CY$61=DE19,EF19,""),"") | EM19: =IF($CY$62<>0,IF($CY$62=DE19,EF19,""),"") | EP19: =IF($CY$63<>0,IF($CY$63=DE19,EF19,""),"") | ES19: =IF($CY$64<>0,IF($CY$64=DE19,EF19,""),"") | EV19: =IF($CY$65<>0,IF($CY$65=DE19,EF19,""),"") | EY19: =IF($CY$66<>0,IF($CY$66=DE19,EF19,""),"") | FB19: =IF($CY$67<>0,IF($CY$67=DE19,EF19,""),"") | FE19: =IF($CY$68<>0,IF($CY$68=DE19,EF19,""),"") | FH19: =IF($CY$69<>0,IF($CY$69=DE19,EF19,""),"") | FK19: =IF($CY$70<>0, IF($CY$70=DE19, EF19, ""), "") | FN19: =IF($CY$71<>0, IF($CY$71=DE19, EF19, ""), "") | FQ19: =IF($CY$72<>0, IF($CY$72=DE19, EF19, ""), "") | FT19: =IF($CY$73<>0, IF($CY$73=DE19, EF19, ""), "") | FW19: =IF($CY$74<>0, IF($CY$74=DE19, EF19, ""), "") | FZ19: =IF($CY$75<>0, IF($CY$75=DE19, EF19, ""), "") | GC19: =IF($CY$76<>0, IF($CY$76=DE19, EF19, ""), "") | GF19: SERV-ITEM- formated | GG19: SERV-ITEM | GH19: Service Number | GI19: ARAMCO Item Number | GJ19: ARAMCO Description | GK19: Size1 | GL19: PerUOM | GM19: Unit | GN19: ARAMCO Price (USD) | GO19: Quantity | GP19: Size2 | GQ19: Description2 | GV19: SERV-ITEM-FORMATED | GW19: SERV-ITEM | GX19: Service Number | GY19: ARAMCO Item Number | GZ19: ARAMCO Description | HA19: Size | HB19: PerUOM | HC19: Unit | HD19: ARAMCO Price (USD) | HE19: Quantity | HF19: SIZE2 | HG19: DESCRIPTION2
A20: Approval Date | B20: 46036 | D20: =IF(TRIM(G20)="","",IF(CX68>0,IF(CX68<>"", CX68, ""),"")) | E20: =IF('Eng. Cutter Entry'!$C$4<>"",IF($L$9<>1,('ARDT Cutter Entry'!AY$58+'ARDT Cutter Entry'!AY$59+'ARDT Cutter Entry'!AY$60+'ARDT Cutter Entry'!AY$61),'ARDT Cutter Entry'!AY$58+'ARDT Cutter Entry'!AY$59+'ARDT Cutter Entry'!AY$60+'ARDT Cutter Entry'!AY$61+Rework!K73),'ARDT Cutter Entry'!AY$2+'ARDT Cutter Entry'!AY$3+'ARDT Cutter Entry'!AY$4+'ARDT Cutter Entry'!AY$5) -> 0 | F20: =IF(GK10>0,IF(GK10<>"",GK10," ")," ") | G20: =IF($B$5<>"",IF(GG10>0,IF(GG10<>"",IF(GG10<>"Add the cutter in list",GG10,"Add the cutter"),""),""),"") | H20: =IF(AND(GM10<>"",GM10<>0),GM10,"")&IF(AND(GL10<>"",GL10<>0)," "&GL10,"")&IF(AND(GN10<>"",GN10<>0)," "&GN10,"") | J20: =IF(AND(GR10<>"",GR10<>0),GR10,"") | K20: =IF(IFERROR(E20-L20,E20)=0,"",IFERROR(E20-L20,E20)) | N20: =BJ54 -> 0 | O20: =BO54 -> 0 | DB20: 625854 | DD20: 6 | DE20: 535656 | DF20: 1608 CT-36 V(0.010) | DG20: =DR20 & " " & DL20 -> 1608 CT36 V 0.010" | DH20: 16 | DI20: 1608 | DJ20: CT36 | DK20: V | DL20: 0.010" | DM20: 37 | DN20: 0 | DO20: 497 | DR20: =DI20 & " " & DJ20 & " " & DK20 -> 1608 CT36 V | DS20: =DT20*1.3 -> 0 | DV20: B | DW20: 6.4.1 | DX20: 30 | DY20: 16mm Cutter Replacement Super Premium | DZ20: 16mm | EA20: 1 | EB20: EA | EC20: 662 | ED20: 6.4.1 30 | EE20: =SUMIF($G$12:$G$21,$DE20,$E$12:$E$21) -> 0 | EF20: =ROWS($DE$2:DE20) -> 19 | EG20: =IF($CY$60<>0,IF($CY$60=DE20,EF20,""),"") | EJ20: =IF($CY$61<>0,IF($CY$61=DE20,EF20,""),"") | EM20: =IF($CY$62<>0,IF($CY$62=DE20,EF20,""),"") | EP20: =IF($CY$63<>0,IF($CY$63=DE20,EF20,""),"") | ES20: =IF($CY$64<>0,IF($CY$64=DE20,EF20,""),"") | EV20: =IF($CY$65<>0,IF($CY$65=DE20,EF20,""),"") | EY20: =IF($CY$66<>0,IF($CY$66=DE20,EF20,""),"") | FB20: =IF($CY$67<>0,IF($CY$67=DE20,EF20,""),"") | FE20: =IF($CY$68<>0,IF($CY$68=DE20,EF20,""),"") | FH20: =IF($CY$69<>0,IF($CY$69=DE20,EF20,""),"") | FK20: =IF($CY$70<>0, IF($CY$70=DE20, EF20, ""), "") | FN20: =IF($CY$71<>0, IF($CY$71=DE20, EF20, ""), "") | FQ20: =IF($CY$72<>0, IF($CY$72=DE20, EF20, ""), "") | FT20: =IF($CY$73<>0, IF($CY$73=DE20, EF20, ""), "") | FW20: =IF($CY$74<>0, IF($CY$74=DE20, EF20, ""), "") | FZ20: =IF($CY$75<>0, IF($CY$75=DE20, EF20, ""), "") | GC20: =IF($CY$76<>0, IF($CY$76=DE20, EF20, ""), "") | GF20: =CONCATENATE("0",GH20," - ",GI20) -> 01 - 10 | GG20: =CONCATENATE(GH20," ",GI20) -> 1 10 | GH20: 1 | GI20: 10 | GJ20: Drill bits Services-Initial Inspection | GL20: 1 | GM20: EA | GN20: 800 | GO20: 1 | GS20: =ROWS($GJ20:GJ$20) -> 1 | GT20: =IF(COUNTIF(B7,"SAUDI ARAMCO"),$GS$20,"") | GU20: =IFERROR(SMALL($GT$20:$GT$83,ROWS($GT20:GT$20)),"") -> 2 | GV20: =IFERROR(INDEX($GF$20:$GR$83,$GU20,COLUMNS(GO20)),"") -> 02 - 10 | GW20: =IFERROR(INDEX($GF$20:$GR$83,$GU20,COLUMNS(GP20:GQ20)),"") -> 2 10 | GX20: =IFERROR(INDEX($GF$20:$GR$83,$GU20,COLUMNS($GP20:GR20)),"") -> 2 | GY20: =IFERROR(INDEX($GF$20:$GR$83,$GU20,COLUMNS($GP20:GS20)),"") -> 10 | GZ20: =IFERROR(INDEX($GF$20:$GR$83,$GU20,COLUMNS($GP20:GT20)),"") -> Up to 6 7/8" Matrix Body PDC Bit Set-up Charge | HA20: =IFERROR(INDEX($GF$20:$GR$83,$GU20,COLUMNS($GP20:GU20)),"") -> 1 | HB20: =IFERROR(INDEX($GF$20:$GR$83,$GU20,COLUMNS($GP20:GV20)),"") -> 1 | HC20: =IFERROR(INDEX($GF$20:$GR$83,$GU20,COLUMNS($GP20:GW20)),"") -> EA | HD20: =IFERROR(INDEX($GF$20:$GR$83,$GU20,COLUMNS($GP20:GX20)),"") -> 6075 | HE20: =IFERROR(INDEX($GF$20:$GR$83,$GU20,COLUMNS($GP20:GY20)),"") -> 1 | ... HG20: =IFERROR(INDEX($GF$20:$GR$83,$GU20,COLUMNS($GP20:HA20)),"") -> Matrix Body PDC Bit Set-up Charge
A21: Final approval | D21: =IF(TRIM(G21)="","",IF(CX69>0,IF(CX69<>"", CX69, ""),"")) | E21: =IF('Eng. Cutter Entry'!$C$4<>"",IF($L$9<>1,('ARDT Cutter Entry'!AZ$58+'ARDT Cutter Entry'!AZ$59+'ARDT Cutter Entry'!AZ$60+'ARDT Cutter Entry'!AZ$61),'ARDT Cutter Entry'!AZ$58+'ARDT Cutter Entry'!AZ$59+'ARDT Cutter Entry'!AZ$60+'ARDT Cutter Entry'!AZ$61+Rework!L73),'ARDT Cutter Entry'!AZ$2+'ARDT Cutter Entry'!AZ$3+'ARDT Cutter Entry'!AZ$4+'ARDT Cutter Entry'!AZ$5) -> 0 | F21: =IF(GK11>0,IF(GK11<>"",GK11," ")," ") | G21: =IF($B$5<>"",IF(GG11>0,IF(GG11<>"",IF(GG11<>"Add the cutter in list",GG11,"Add the cutter"),""),""),"") | H21: =IF(AND(GM11<>"",GM11<>0),GM11,"")&IF(AND(GL11<>"",GL11<>0)," "&GL11,"")&IF(AND(GN11<>"",GN11<>0)," "&GN11,"") | J21: =IF(AND(GR11<>"",GR11<>0),GR11,"") | K21: =IF(IFERROR(E21-L21,E21)=0,"",IFERROR(E21-L21,E21)) | N21: =BJ55 -> 0 | O21: =BO55 -> 0 | DB21: 638559 | DD21: 10 | DE21: 565884 | DF21: 1313CT-61 0.020 | DG21: =DR21 & " " & DL21 -> 1313 CT61 0.020" | DH21: 13 | DI21: 1313 | DJ21: CT61 | DL21: 0.020" | DM21: 5 | DN21: 0 | DO21: 360 | DR21: =DI21 & " " & DJ21 & " " & DK21 -> 1313 CT61 | DS21: =DT21*1.3 -> 0 | DV21: B | DW21: 6.3.1 | DX21: 10 | DY21: 13mm Cutter Replacement Standard | DZ21: 13mm | EA21: 1 | EB21: EA | EC21: 345 | ED21: 6.3.1 10 | EE21: =SUMIF($G$12:$G$21,$DE21,$E$12:$E$21) -> 0 | EF21: =ROWS($DE$2:DE21) -> 20 | EG21: =IF($CY$60<>0,IF($CY$60=DE21,EF21,""),"") | EJ21: =IF($CY$61<>0,IF($CY$61=DE21,EF21,""),"") | EM21: =IF($CY$62<>0,IF($CY$62=DE21,EF21,""),"") | EP21: =IF($CY$63<>0,IF($CY$63=DE21,EF21,""),"") | ES21: =IF($CY$64<>0,IF($CY$64=DE21,EF21,""),"") | EV21: =IF($CY$65<>0,IF($CY$65=DE21,EF21,""),"") | EY21: =IF($CY$66<>0,IF($CY$66=DE21,EF21,""),"") | FB21: =IF($CY$67<>0,IF($CY$67=DE21,EF21,""),"") | FE21: =IF($CY$68<>0,IF($CY$68=DE21,EF21,""),"") | FH21: =IF($CY$69<>0,IF($CY$69=DE21,EF21,""),"") | FK21: =IF($CY$70<>0, IF($CY$70=DE21, EF21, ""), "") | FN21: =IF($CY$71<>0, IF($CY$71=DE21, EF21, ""), "") | FQ21: =IF($CY$72<>0, IF($CY$72=DE21, EF21, ""), "") | FT21: =IF($CY$73<>0, IF($CY$73=DE21, EF21, ""), "") | FW21: =IF($CY$74<>0, IF($CY$74=DE21, EF21, ""), "") | FZ21: =IF($CY$75<>0, IF($CY$75=DE21, EF21, ""), "") | GC21: =IF($CY$76<>0, IF($CY$76=DE21, EF21, ""), "") | GF21: =CONCATENATE("0",GH21," - ",GI21) -> 02 - 10 | GG21: =CONCATENATE(GH21," ",GI21) -> 2 10 | GH21: 2 | GI21: 10 | GJ21: Up to 6 7/8" Matrix Body PDC Bit Set-up Charge | GK21: 1 | GL21: 1 | GM21: EA | GN21: 6075 | GO21: 1 | GP21: Up to 6 7/8" | GQ21: Matrix Body PDC Bit Set-up Charge | GS21: =ROWS($GJ$20:GJ21) -> 2 | GT21: =IF($O$7<>"", IF($O$7=$GJ21,$GS21,""),IF(AND($D$53=$GK21,NOT(COUNTIF($B$4,"S*"))),$GS21,"")) -> 2 | GU21: =IFERROR(SMALL($GT$20:$GT$83,ROWS($GT$20:GT21)),"") | GV21: =IFERROR(INDEX($GF$20:$GR$83,$GU21,COLUMNS(GO21)),"") | GW21: =IFERROR(INDEX($GF$20:$GR$83,$GU21,COLUMNS(GP21:GQ21)),"") | GX21: =IFERROR(INDEX($GF$20:$GR$83,$GU21,COLUMNS($GP21:GR21)),"") | GY21: =IFERROR(INDEX($GF$20:$GR$83,$GU21,COLUMNS($GP21:GS21)),"") | GZ21: =IFERROR(INDEX($GF$20:$GR$83,$GU21,COLUMNS($GP21:GT21)),"") | HA21: =IFERROR(INDEX($GF$20:$GR$83,$GU21,COLUMNS($GP21:GU21)),"") | HB21: =IFERROR(INDEX($GF$20:$GR$83,$GU21,COLUMNS($GP21:GV21)),"") | HC21: =IFERROR(INDEX($GF$20:$GR$83,$GU21,COLUMNS($GP21:GW21)),"") | HD21: =IFERROR(INDEX($GF$20:$GR$83,$GU21,COLUMNS($GP21:GX21)),"") | HE21: =IFERROR(INDEX($GF$20:$GR$83,$GU21,COLUMNS($GP21:GY21)),"") | ... HG21: =IFERROR(INDEX($GF$20:$GR$83,$GU21,COLUMNS($GP21:HA21)),"")
A22: DRSS No : | D22: =IF(TRIM(G22)="","",IF(CX70>0,IF(CX70<>"", CX70, ""),"")) | E22: =IF('Eng. Cutter Entry'!$C$4<>"",IF($L$9<>1,('ARDT Cutter Entry'!BA$58+'ARDT Cutter Entry'!BA$59+'ARDT Cutter Entry'!BA$60+'ARDT Cutter Entry'!BA$61),'ARDT Cutter Entry'!BA$58+'ARDT Cutter Entry'!BA$59+'ARDT Cutter Entry'!BA$60+'ARDT Cutter Entry'!BA$61+Rework!M73),'ARDT Cutter Entry'!BA$2+'ARDT Cutter Entry'!BA$3+'ARDT Cutter Entry'!BA$4+'ARDT Cutter Entry'!BA$5) -> 0 | F22: =IF(GK12>0,IF(GK12<>"",GK12," ")," ") | G22: =IF($B$5<>"",IF(GG12>0,IF(GG12<>"",IF(GG12<>"Add the cutter in list",GG12,"Add the cutter"),""),""),"") | H22: =IF(AND(GM12<>"",GM12<>0),GM12,"")&IF(AND(GL12<>"",GL12<>0)," "&GL12,"")&IF(AND(GN12<>"",GN12<>0)," "&GN12,"") | J22: =IF(AND(GR12<>"",GR12<>0),GR12,"") | K22: =IF(IFERROR(E22-L22,E22)=0,"",IFERROR(E22-L22,E22)) | N22: =BJ56 -> 0 | O22: =BO56 -> 0 | DB22: 638560 | DD22: 26 | DE22: 578502 | DF22: 1010CT-61(.018") | DG22: =DR22 & " " & DL22 -> 1010 CT61 0.018" | DH22: 10 | DI22: 1010 | DJ22: CT61 | DL22: 0.018" | DM22: 0 | DN22: 18 | DO22: 272 | DQ22: 50 | DR22: =DI22 & " " & DJ22 & " " & DK22 -> 1010 CT61 | DS22: =DT22*1.3 -> 0 | DV22: B | DW22: 6.2.1 | DX22: 10 | DY22: 10.5mm Cutter Replacement Standard | DZ22: 10.5mm | EA22: 1 | EB22: EA | EC22: 215 | ED22: 6.2.1 10 | EE22: =SUMIF($G$12:$G$21,$DE22,$E$12:$E$21) -> 0 | EF22: =ROWS($DE$2:DE22) -> 21 | EG22: =IF($CY$60<>0,IF($CY$60=DE22,EF22,""),"") | EJ22: =IF($CY$61<>0,IF($CY$61=DE22,EF22,""),"") | EM22: =IF($CY$62<>0,IF($CY$62=DE22,EF22,""),"") | EP22: =IF($CY$63<>0,IF($CY$63=DE22,EF22,""),"") | ES22: =IF($CY$64<>0,IF($CY$64=DE22,EF22,""),"") | EV22: =IF($CY$65<>0,IF($CY$65=DE22,EF22,""),"") | EY22: =IF($CY$66<>0,IF($CY$66=DE22,EF22,""),"") | FB22: =IF($CY$67<>0,IF($CY$67=DE22,EF22,""),"") | FE22: =IF($CY$68<>0,IF($CY$68=DE22,EF22,""),"") | FH22: =IF($CY$69<>0,IF($CY$69=DE22,EF22,""),"") | FK22: =IF($CY$70<>0, IF($CY$70=DE22, EF22, ""), "") | FN22: =IF($CY$71<>0, IF($CY$71=DE22, EF22, ""), "") | FQ22: =IF($CY$72<>0, IF($CY$72=DE22, EF22, ""), "") | FT22: =IF($CY$73<>0, IF($CY$73=DE22, EF22, ""), "") | FW22: =IF($CY$74<>0, IF($CY$74=DE22, EF22, ""), "") | FZ22: =IF($CY$75<>0, IF($CY$75=DE22, EF22, ""), "") | GC22: =IF($CY$76<>0, IF($CY$76=DE22, EF22, ""), "") | GF22: =CONCATENATE("0",GH22," - ",GI22) -> 02 - 20 | GG22: =CONCATENATE(GH22," ",GI22) -> 2 20 | GH22: 2 | GI22: 20 | GJ22: 7"-8 7/8" Matrix Body PDC Bit Set-up Charge | GK22: 2 | GL22: 1 | GM22: EA | GN22: 8350 | GO22: 1 | GP22: 7"-8 7/8" | GQ22: Matrix Body PDC Bit Set-up Charge | GS22: =ROWS($GJ$20:GJ22) -> 3 | GT22: =IF($O$7<>"", IF($O$7=$GJ22,$GS22,""),IF(AND($D$53=$GK22,NOT(COUNTIF($B$4,"S*"))),$GS22,"")) | GU22: =IFERROR(SMALL($GT$20:$GT$83,ROWS($GT$20:GT22)),"") | GV22: =IFERROR(INDEX($GF$20:$GR$83,$GU22,COLUMNS(GO22)),"") | GW22: =IFERROR(INDEX($GF$20:$GR$83,$GU22,COLUMNS(GP22:GQ22)),"") | GX22: =IFERROR(INDEX($GF$20:$GR$83,$GU22,COLUMNS($GP22:GR22)),"") | GY22: =IFERROR(INDEX($GF$20:$GR$83,$GU22,COLUMNS($GP22:GS22)),"") | GZ22: =IFERROR(INDEX($GF$20:$GR$83,$GU22,COLUMNS($GP22:GT22)),"") | HA22: =IFERROR(INDEX($GF$20:$GR$83,$GU22,COLUMNS($GP22:GU22)),"") | HB22: =IFERROR(INDEX($GF$20:$GR$83,$GU22,COLUMNS($GP22:GV22)),"") | HC22: =IFERROR(INDEX($GF$20:$GR$83,$GU22,COLUMNS($GP22:GW22)),"") | HD22: =IFERROR(INDEX($GF$20:$GR$83,$GU22,COLUMNS($GP22:GX22)),"") | HE22: =IFERROR(INDEX($GF$20:$GR$83,$GU22,COLUMNS($GP22:GY22)),"") | ... HG22: =IFERROR(INDEX($GF$20:$GR$83,$GU22,COLUMNS($GP22:HA22)),"")
A23: Ref / PO No | D23: =IF(TRIM(G23)="","",IF(CX71>0,IF(CX71<>"", CX71, ""),"")) | E23: =IF('Eng. Cutter Entry'!$C$4<>"",IF($L$9<>1,('ARDT Cutter Entry'!BB$58+'ARDT Cutter Entry'!BB$59+'ARDT Cutter Entry'!BB$60+'ARDT Cutter Entry'!BB$61),'ARDT Cutter Entry'!BB$58+'ARDT Cutter Entry'!BB$59+'ARDT Cutter Entry'!BB$60+'ARDT Cutter Entry'!BB$61+Rework!N73),'ARDT Cutter Entry'!BB$2+'ARDT Cutter Entry'!BB$3+'ARDT Cutter Entry'!BB$4+'ARDT Cutter Entry'!BB$5) -> 0 | F23: =IF(GK13>0,IF(GK13<>"",GK13," ")," ") | G23: =IF($B$5<>"",IF(GG13>0,IF(GG13<>"",IF(GG13<>"Add the cutter in list",GG13,"Add the cutter"),""),""),"") | H23: =IF(AND(GM13<>"",GM13<>0),GM13,"")&IF(AND(GL13<>"",GL13<>0)," "&GL13,"")&IF(AND(GN13<>"",GN13<>0)," "&GN13,"") | J23: =IF(AND(GR13<>"",GR13<>0),GR13,"") | K23: =IF(IFERROR(E23-L23,E23)=0,"",IFERROR(E23-L23,E23)) | N23: =BJ57 -> 0 | O23: =BO57 -> 0 | DB23: 638561 | DD23: 4 | DE23: 584832 | DF23: 1913 CT-62 V 0.01 | DG23: =DR23 & " " & DL23 -> 1913 CT62 V 0.010" | DH23: 19 | DI23: 1913 | DJ23: CT62 | DK23: V | DL23: 0.010" | DM23: 19 | DN23: 0 | DO23: 660 | DR23: =DI23 & " " & DJ23 & " " & DK23 -> 1913 CT62 V | DS23: =DT23*1.3 -> 0 | DV23: B | DW23: 6.5.1 | DX23: 30 | DY23: 19mm Cutter Replacement Super Premium | DZ23: 19mm | EA23: 1 | EB23: EA | EC23: 836 | ED23: 6.5.1 30 | EE23: =SUMIF($G$12:$G$21,$DE23,$E$12:$E$21) -> 0 | EF23: =ROWS($DE$2:DE23) -> 22 | EG23: =IF($CY$60<>0,IF($CY$60=DE23,EF23,""),"") | EJ23: =IF($CY$61<>0,IF($CY$61=DE23,EF23,""),"") | EM23: =IF($CY$62<>0,IF($CY$62=DE23,EF23,""),"") | EP23: =IF($CY$63<>0,IF($CY$63=DE23,EF23,""),"") | ES23: =IF($CY$64<>0,IF($CY$64=DE23,EF23,""),"") | EV23: =IF($CY$65<>0,IF($CY$65=DE23,EF23,""),"") | EY23: =IF($CY$66<>0,IF($CY$66=DE23,EF23,""),"") | FB23: =IF($CY$67<>0,IF($CY$67=DE23,EF23,""),"") | FE23: =IF($CY$68<>0,IF($CY$68=DE23,EF23,""),"") | FH23: =IF($CY$69<>0,IF($CY$69=DE23,EF23,""),"") | FK23: =IF($CY$70<>0, IF($CY$70=DE23, EF23, ""), "") | FN23: =IF($CY$71<>0, IF($CY$71=DE23, EF23, ""), "") | FQ23: =IF($CY$72<>0, IF($CY$72=DE23, EF23, ""), "") | FT23: =IF($CY$73<>0, IF($CY$73=DE23, EF23, ""), "") | FW23: =IF($CY$74<>0, IF($CY$74=DE23, EF23, ""), "") | FZ23: =IF($CY$75<>0, IF($CY$75=DE23, EF23, ""), "") | GC23: =IF($CY$76<>0, IF($CY$76=DE23, EF23, ""), "") | GF23: =CONCATENATE("0",GH23," - ",GI23) -> 02 - 30 | GG23: =CONCATENATE(GH23," ",GI23) -> 2 30 | GH23: 2 | GI23: 30 | GJ23: 9"-14 7/8" Matrix Body PDC Bit Set-up Charge | GK23: 3 | GL23: 1 | GM23: EA | GN23: 9900 | GO23: 1 | GP23: 9"-14 7/8" | GQ23: Matrix Body PDC Bit Set-up Charge | GS23: =ROWS($GJ$20:GJ23) -> 4 | GT23: =IF($O$7<>"", IF($O$7=$GJ23,$GS23,""),IF(AND($D$53=$GK23,NOT(COUNTIF($B$4,"S*"))),$GS23,"")) | GU23: =IFERROR(SMALL($GT$20:$GT$83,ROWS($GT$20:GT23)),"") | GV23: =IFERROR(INDEX($GF$20:$GR$83,$GU23,COLUMNS(GO23)),"") | GW23: =IFERROR(INDEX($GF$20:$GR$83,$GU23,COLUMNS(GP23:GQ23)),"") | GX23: =IFERROR(INDEX($GF$20:$GR$83,$GU23,COLUMNS($GP23:GR23)),"") | GY23: =IFERROR(INDEX($GF$20:$GR$83,$GU23,COLUMNS($GP23:GS23)),"") | GZ23: =IFERROR(INDEX($GF$20:$GR$83,$GU23,COLUMNS($GP23:GT23)),"") | HA23: =IFERROR(INDEX($GF$20:$GR$83,$GU23,COLUMNS($GP23:GU23)),"") | HB23: =IFERROR(INDEX($GF$20:$GR$83,$GU23,COLUMNS($GP23:GV23)),"") | HC23: =IFERROR(INDEX($GF$20:$GR$83,$GU23,COLUMNS($GP23:GW23)),"") | HD23: =IFERROR(INDEX($GF$20:$GR$83,$GU23,COLUMNS($GP23:GX23)),"") | HE23: =IFERROR(INDEX($GF$20:$GR$83,$GU23,COLUMNS($GP23:GY23)),"") | ... HG23: =IFERROR(INDEX($GF$20:$GR$83,$GU23,COLUMNS($GP23:HA23)),"")
A24: Contract No | B24: =IF($B$7="LSTK",960031408,IF($B$7="SAUDI ARAMCO",6600048646,"")) -> 960031408 | D24: =IF(TRIM(G24)="","",IF(CX72>0,IF(CX72<>"", CX72, ""),"")) | E24: =IF('Eng. Cutter Entry'!$C$4<>"",IF($L$9<>1,('ARDT Cutter Entry'!BC$58+'ARDT Cutter Entry'!BC$59+'ARDT Cutter Entry'!BC$60+'ARDT Cutter Entry'!BC$61),'ARDT Cutter Entry'!BC$58+'ARDT Cutter Entry'!BC$59+'ARDT Cutter Entry'!BC$60+'ARDT Cutter Entry'!BC$61+Rework!O73),'ARDT Cutter Entry'!BC$2+'ARDT Cutter Entry'!BC$3+'ARDT Cutter Entry'!BC$4+'ARDT Cutter Entry'!BC$5) -> 0 | F24: =IF(GK14>0,IF(GK14<>"",GK14," ")," ") | G24: =IF($B$5<>"",IF(GG14>0,IF(GG14<>"",IF(GG14<>"Add the cutter in list",GG14,"Add the cutter"),""),""),"") | H24: =IF(AND(GM14<>"",GM14<>0),GM14,"")&IF(AND(GL14<>"",GL14<>0)," "&GL14,"")&IF(AND(GN14<>"",GN14<>0)," "&GN14,"") | J24: =IF(AND(GR14<>"",GR14<>0),GR14,"") | K24: =IF(IFERROR(E24-L24,E24)=0,"",IFERROR(E24-L24,E24)) | N24: =BJ58 -> 0 | O24: =BO58 -> 0 | DB24: 642299 | DD24: 9 | DE24: 587493 | DF24: 1908 CT-62 V0.020 | DG24: =DR24 & " " & DL24 -> 1908 CT62 V 0.020" | DH24: 19 | DI24: 1908 | DJ24: CT62 | DK24: V | DL24: 0.020" | DM24: 20 | DN24: 0 | DO24: 660 | DR24: =DI24 & " " & DJ24 & " " & DK24 -> 1908 CT62 V | DS24: =DT24*1.3 -> 0 | DV24: B | DW24: 6.5.1 | DX24: 30 | DY24: 19mm Cutter Replacement Super Premium | DZ24: 19mm | EA24: 1 | EB24: EA | EC24: 836 | ED24: 6.5.1 30 | EE24: =SUMIF($G$12:$G$21,$DE24,$E$12:$E$21) -> 0 | EF24: =ROWS($DE$2:DE24) -> 23 | EG24: =IF($CY$60<>0,IF($CY$60=DE24,EF24,""),"") | EJ24: =IF($CY$61<>0,IF($CY$61=DE24,EF24,""),"") | EM24: =IF($CY$62<>0,IF($CY$62=DE24,EF24,""),"") | EP24: =IF($CY$63<>0,IF($CY$63=DE24,EF24,""),"") | ES24: =IF($CY$64<>0,IF($CY$64=DE24,EF24,""),"") | EV24: =IF($CY$65<>0,IF($CY$65=DE24,EF24,""),"") | EY24: =IF($CY$66<>0,IF($CY$66=DE24,EF24,""),"") | FB24: =IF($CY$67<>0,IF($CY$67=DE24,EF24,""),"") | FE24: =IF($CY$68<>0,IF($CY$68=DE24,EF24,""),"") | FH24: =IF($CY$69<>0,IF($CY$69=DE24,EF24,""),"") | FK24: =IF($CY$70<>0, IF($CY$70=DE24, EF24, ""), "") | FN24: =IF($CY$71<>0, IF($CY$71=DE24, EF24, ""), "") | FQ24: =IF($CY$72<>0, IF($CY$72=DE24, EF24, ""), "") | FT24: =IF($CY$73<>0, IF($CY$73=DE24, EF24, ""), "") | FW24: =IF($CY$74<>0, IF($CY$74=DE24, EF24, ""), "") | FZ24: =IF($CY$75<>0, IF($CY$75=DE24, EF24, ""), "") | GC24: =IF($CY$76<>0, IF($CY$76=DE24, EF24, ""), "") | GF24: =CONCATENATE("0",GH24," - ",GI24) -> 02 - 40 | GG24: =CONCATENATE(GH24," ",GI24) -> 2 40 | GH24: 2 | GI24: 40 | GJ24: 15"-28" Matrix Body PDC Bit Set-up Charge | GK24: 4 | GL24: 1 | GM24: EA | GN24: 12950 | GO24: 1 | GP24: 15"-28" | GQ24: Matrix Body PDC Bit Set-up Charge | GS24: =ROWS($GJ$20:GJ24) -> 5 | GT24: =IF($O$7<>"", IF($O$7=$GJ24,$GS24,""),IF(AND($D$53=$GK24,NOT(COUNTIF($B$4,"S*"))),$GS24,"")) | GU24: =IFERROR(SMALL($GT$20:$GT$83,ROWS($GT$20:GT24)),"") | GV24: =IFERROR(INDEX($GF$20:$GR$83,$GU24,COLUMNS(GO24)),"") | GW24: =IFERROR(INDEX($GF$20:$GR$83,$GU24,COLUMNS(GP24:GQ24)),"") | GX24: =IFERROR(INDEX($GF$20:$GR$83,$GU24,COLUMNS($GP24:GR24)),"") | GY24: =IFERROR(INDEX($GF$20:$GR$83,$GU24,COLUMNS($GP24:GS24)),"") | GZ24: =IFERROR(INDEX($GF$20:$GR$83,$GU24,COLUMNS($GP24:GT24)),"") | HA24: =IFERROR(INDEX($GF$20:$GR$83,$GU24,COLUMNS($GP24:GU24)),"") | HB24: =IFERROR(INDEX($GF$20:$GR$83,$GU24,COLUMNS($GP24:GV24)),"") | HC24: =IFERROR(INDEX($GF$20:$GR$83,$GU24,COLUMNS($GP24:GW24)),"") | HD24: =IFERROR(INDEX($GF$20:$GR$83,$GU24,COLUMNS($GP24:GX24)),"") | HE24: =IFERROR(INDEX($GF$20:$GR$83,$GU24,COLUMNS($GP24:GY24)),"") | ... HG24: =IFERROR(INDEX($GF$20:$GR$83,$GU24,COLUMNS($GP24:HA24)),"")
A25: Vendor No | B25: 10012130 | D25: =IF(TRIM(G25)="","",IF(CX73>0,IF(CX73<>"", CX73, ""),"")) | E25: =IF('Eng. Cutter Entry'!$C$4<>"",IF($L$9<>1,('ARDT Cutter Entry'!BD$58+'ARDT Cutter Entry'!BD$59+'ARDT Cutter Entry'!BD$60+'ARDT Cutter Entry'!BD$61),'ARDT Cutter Entry'!BD$58+'ARDT Cutter Entry'!BD$59+'ARDT Cutter Entry'!BD$60+'ARDT Cutter Entry'!BD$61+Rework!P73),'ARDT Cutter Entry'!BD$2+'ARDT Cutter Entry'!BD$3+'ARDT Cutter Entry'!BD$4+'ARDT Cutter Entry'!BD$5) -> 0 | F25: =IF(GK15>0,IF(GK15<>"",GK15," ")," ") | G25: =IF($B$5<>"",IF(GG15>0,IF(GG15<>"",IF(GG15<>"Add the cutter in list",GG15,"Add the cutter"),""),""),"") | H25: =IF(AND(GM15<>"",GM15<>0),GM15,"")&IF(AND(GL15<>"",GL15<>0)," "&GL15,"")&IF(AND(GN15<>"",GN15<>0)," "&GN15,"") | J25: =IF(AND(GR15<>"",GR15<>0),GR15,"") | K25: =IF(IFERROR(E25-L25,E25)=0,"",IFERROR(E25-L25,E25)) | N25: =BJ59 -> 0 | O25: =BO59 -> 0 | DB25: 643433 | DD25: 16 | DE25: 621152 | DF25: 1318 MDR | DG25: =DR25 & " " & DL25 -> 1318 MDR | DH25: 13 | DI25: 1318 | DK25: MDR | DM25: 49 | DN25: 0 | DO25: 360 | DR25: =DI25 & " " & DJ25 & " " & DK25 -> 1318 MDR | DS25: =DT25*1.3 -> 0 | DV25: D | DW25: 6.3.1 | DX25: 10 | DY25: 13mm Cutter Replacement Standard | DZ25: 13mm | EA25: 1 | EB25: EA | EC25: 345 | ED25: 6.3.1 10 | EE25: =SUMIF($G$12:$G$21,$DE25,$E$12:$E$21) -> 0 | EF25: =ROWS($DE$2:DE25) -> 24 | EG25: =IF($CY$60<>0,IF($CY$60=DE25,EF25,""),"") | EJ25: =IF($CY$61<>0,IF($CY$61=DE25,EF25,""),"") | EM25: =IF($CY$62<>0,IF($CY$62=DE25,EF25,""),"") | EP25: =IF($CY$63<>0,IF($CY$63=DE25,EF25,""),"") | ES25: =IF($CY$64<>0,IF($CY$64=DE25,EF25,""),"") | EV25: =IF($CY$65<>0,IF($CY$65=DE25,EF25,""),"") | EY25: =IF($CY$66<>0,IF($CY$66=DE25,EF25,""),"") | FB25: =IF($CY$67<>0,IF($CY$67=DE25,EF25,""),"") | FE25: =IF($CY$68<>0,IF($CY$68=DE25,EF25,""),"") | FH25: =IF($CY$69<>0,IF($CY$69=DE25,EF25,""),"") | FK25: =IF($CY$70<>0, IF($CY$70=DE25, EF25, ""), "") | FN25: =IF($CY$71<>0, IF($CY$71=DE25, EF25, ""), "") | FQ25: =IF($CY$72<>0, IF($CY$72=DE25, EF25, ""), "") | FT25: =IF($CY$73<>0, IF($CY$73=DE25, EF25, ""), "") | FW25: =IF($CY$74<>0, IF($CY$74=DE25, EF25, ""), "") | FZ25: =IF($CY$75<>0, IF($CY$75=DE25, EF25, ""), "") | GC25: =IF($CY$76<>0, IF($CY$76=DE25, EF25, ""), "") | GF25: =CONCATENATE("0",GH25," - ",GI25) -> 03 - 10 | GG25: =CONCATENATE(GH25," ",GI25) -> 3 10 | GH25: 3 | GI25: 10 | GJ25: Up to 6 7/8" Steel Body PDC Bit Set-up Charge | GK25: 1 | GL25: 1 | GM25: EA | GN25: 5875 | GO25: 1 | GP25: Up to 6 7/8" | GQ25: Steel Body PDC Bit Set-up Charge | GS25: =ROWS($GJ$20:GJ25) -> 6 | GT25: =IF($O$7<>"", IF($O$7=$GJ25,$GS25,""),IF(AND($D$53=$GK25,COUNTIF($B$4,"S*")),$GS25,"")) | GU25: =IFERROR(SMALL($GT$20:$GT$83,ROWS($GT$20:GT25)),"") | GV25: =IFERROR(INDEX($GF$20:$GR$83,$GU25,COLUMNS(GO25)),"") | GW25: =IFERROR(INDEX($GF$20:$GR$83,$GU25,COLUMNS(GP25:GQ25)),"") | GX25: =IFERROR(INDEX($GF$20:$GR$83,$GU25,COLUMNS($GP25:GR25)),"") | GY25: =IFERROR(INDEX($GF$20:$GR$83,$GU25,COLUMNS($GP25:GS25)),"") | GZ25: =IFERROR(INDEX($GF$20:$GR$83,$GU25,COLUMNS($GP25:GT25)),"") | HA25: =IFERROR(INDEX($GF$20:$GR$83,$GU25,COLUMNS($GP25:GU25)),"") | HB25: =IFERROR(INDEX($GF$20:$GR$83,$GU25,COLUMNS($GP25:GV25)),"") | HC25: =IFERROR(INDEX($GF$20:$GR$83,$GU25,COLUMNS($GP25:GW25)),"") | HD25: =IFERROR(INDEX($GF$20:$GR$83,$GU25,COLUMNS($GP25:GX25)),"") | HE25: =IFERROR(INDEX($GF$20:$GR$83,$GU25,COLUMNS($GP25:GY25)),"") | ... HG25: =IFERROR(INDEX($GF$20:$GR$83,$GU25,COLUMNS($GP25:HA25)),"")
A26: Labor Cost: | D26: =IF(TRIM(G26)="","",IF(CX74>0,IF(CX74<>"", CX74, ""),"")) | E26: =IF('Eng. Cutter Entry'!$C$4<>"",IF($L$9<>1,('ARDT Cutter Entry'!BE$58+'ARDT Cutter Entry'!BE$59+'ARDT Cutter Entry'!BE$60+'ARDT Cutter Entry'!BE$61),'ARDT Cutter Entry'!BE$58+'ARDT Cutter Entry'!BE$59+'ARDT Cutter Entry'!BE$60+'ARDT Cutter Entry'!BE$61+Rework!Q73),'ARDT Cutter Entry'!BE$2+'ARDT Cutter Entry'!BE$3+'ARDT Cutter Entry'!BE$4+'ARDT Cutter Entry'!BE$5) -> 0 | F26: =IF(GK16>0,IF(GK16<>"",GK16," ")," ") | G26: =IF($B$5<>"",IF(GG16>0,IF(GG16<>"",IF(GG16<>"Add the cutter in list",GG16,"Add the cutter"),""),""),"") | H26: =IF(AND(GM16<>"",GM16<>0),GM16,"")&IF(AND(GL16<>"",GL16<>0)," "&GL16,"")&IF(AND(GN16<>"",GN16<>0)," "&GN16,"") | J26: =IF(AND(GR16<>"",GR16<>0),GR16,"") | K26: =IF(IFERROR(E26-L26,E26)=0,"",IFERROR(E26-L26,E26)) | N26: =BJ60 -> 0 | O26: =BO60 -> 0 | DB26: 643435 | DD26: 56 | DE26: 625854 | DF26: 1318 Carbide Impact Arrestor | DG26: =DR26 & " " & DL26 -> 1318 Carbide Impact Arrestor | DH26: 13 | DI26: 1318 | DK26: Carbide Impact Arrestor | DM26: 20 | DN26: 8 | DO26: 360 | DR26: =DI26 & " " & DJ26 & " " & DK26 -> 1318 Carbide Impact Arrestor | DS26: =DT26*1.3 -> 0 | DV26: C | DW26: 6.3.1 | DX26: 10 | DY26: 13mm Cutter Replacement Standard | DZ26: 13mm | EA26: 1 | EB26: EA | EC26: 345 | ED26: 6.3.1 10 | EE26: =SUMIF($G$12:$G$21,$DE26,$E$12:$E$21) -> 0 | EF26: =ROWS($DE$2:DE26) -> 25 | EG26: =IF($CY$60<>0,IF($CY$60=DE26,EF26,""),"") | EJ26: =IF($CY$61<>0,IF($CY$61=DE26,EF26,""),"") | EM26: =IF($CY$62<>0,IF($CY$62=DE26,EF26,""),"") | EP26: =IF($CY$63<>0,IF($CY$63=DE26,EF26,""),"") | ES26: =IF($CY$64<>0,IF($CY$64=DE26,EF26,""),"") | EV26: =IF($CY$65<>0,IF($CY$65=DE26,EF26,""),"") | EY26: =IF($CY$66<>0,IF($CY$66=DE26,EF26,""),"") | FB26: =IF($CY$67<>0,IF($CY$67=DE26,EF26,""),"") | FE26: =IF($CY$68<>0,IF($CY$68=DE26,EF26,""),"") | FH26: =IF($CY$69<>0,IF($CY$69=DE26,EF26,""),"") | FK26: =IF($CY$70<>0, IF($CY$70=DE26, EF26, ""), "") | FN26: =IF($CY$71<>0, IF($CY$71=DE26, EF26, ""), "") | FQ26: =IF($CY$72<>0, IF($CY$72=DE26, EF26, ""), "") | FT26: =IF($CY$73<>0, IF($CY$73=DE26, EF26, ""), "") | FW26: =IF($CY$74<>0, IF($CY$74=DE26, EF26, ""), "") | FZ26: =IF($CY$75<>0, IF($CY$75=DE26, EF26, ""), "") | GC26: =IF($CY$76<>0, IF($CY$76=DE26, EF26, ""), "") | GF26: =CONCATENATE("0",GH26," - ",GI26) -> 03 - 20 | GG26: =CONCATENATE(GH26," ",GI26) -> 3 20 | GH26: 3 | GI26: 20 | GJ26: 7"-8 7/8" Steel Body PDC Bit Set-up Charge | GK26: 2 | GL26: 1 | GM26: EA | GN26: 8150 | GO26: 1 | GP26: 7"-8 7/8" | GQ26: Steel Body PDC Bit Set-up Charge | GS26: =ROWS($GJ$20:GJ26) -> 7 | GT26: =IF($O$7<>"", IF($O$7=$GJ26,$GS26,""),IF(AND($D$53=$GK26,COUNTIF($B$4,"S*")),$GS26,"")) | GU26: =IFERROR(SMALL($GT$20:$GT$83,ROWS($GT$20:GT26)),"") | GV26: =IFERROR(INDEX($GF$20:$GR$83,$GU26,COLUMNS(GO26)),"") | GW26: =IFERROR(INDEX($GF$20:$GR$83,$GU26,COLUMNS(GP26:GQ26)),"") | GX26: =IFERROR(INDEX($GF$20:$GR$83,$GU26,COLUMNS($GP26:GR26)),"") | GY26: =IFERROR(INDEX($GF$20:$GR$83,$GU26,COLUMNS($GP26:GS26)),"") | GZ26: =IFERROR(INDEX($GF$20:$GR$83,$GU26,COLUMNS($GP26:GT26)),"") | HA26: =IFERROR(INDEX($GF$20:$GR$83,$GU26,COLUMNS($GP26:GU26)),"") | HB26: =IFERROR(INDEX($GF$20:$GR$83,$GU26,COLUMNS($GP26:GV26)),"") | HC26: =IFERROR(INDEX($GF$20:$GR$83,$GU26,COLUMNS($GP26:GW26)),"") | HD26: =IFERROR(INDEX($GF$20:$GR$83,$GU26,COLUMNS($GP26:GX26)),"") | HE26: =IFERROR(INDEX($GF$20:$GR$83,$GU26,COLUMNS($GP26:GY26)),"") | ... HG26: =IFERROR(INDEX($GF$20:$GR$83,$GU26,COLUMNS($GP26:HA26)),"")
A27: OT Labor Cost: | D27: =IF(TRIM(G27)="","",IF(CX75>0,IF(CX75<>"", CX75, ""),"")) | E27: =IF('Eng. Cutter Entry'!$C$4<>"",IF($L$9<>1,('ARDT Cutter Entry'!BF$58+'ARDT Cutter Entry'!BF$59+'ARDT Cutter Entry'!BF$60+'ARDT Cutter Entry'!BF$61),'ARDT Cutter Entry'!BF$58+'ARDT Cutter Entry'!BF$59+'ARDT Cutter Entry'!BF$60+'ARDT Cutter Entry'!BF$61+Rework!R73),'ARDT Cutter Entry'!BF$2+'ARDT Cutter Entry'!BF$3+'ARDT Cutter Entry'!BF$4+'ARDT Cutter Entry'!BF$5) -> 0 | F27: =IF(GK17>0,IF(GK17<>"",GK17," ")," ") | G27: =IF($B$5<>"",IF(GG17>0,IF(GG17<>"",IF(GG17<>"Add the cutter in list",GG17,"Add the cutter"),""),""),"") | H27: =IF(AND(GM17<>"",GM17<>0),GM17,"")&IF(AND(GL17<>"",GL17<>0)," "&GL17,"")&IF(AND(GN17<>"",GN17<>0)," "&GN17,"") | J27: =IF(AND(GR17<>"",GR17<>0),GR17,"") | K27: =IF(IFERROR(E27-L27,E27)=0,"",IFERROR(E27-L27,E27)) | N27: =BJ61 -> 0 | O27: =BO61 -> 0 | DB27: 646938 | DD27: 76 | DE27: 638559 | DF27: 1308 CT70 0.018 | DG27: =DR27 & " " & DL27 -> 1308 CT70 0.018" | DH27: 13 | DI27: 1308 | DJ27: CT70 | DL27: 0.018" | DM27: 0 | DN27: 2 | DO27: 360 | DR27: =DI27 & " " & DJ27 & " " & DK27 -> 1308 CT70 | DS27: =DT27*1.3 -> 165.776 | DT27: 127.52 | DV27: S | DW27: 6.3.1 | DX27: 30 | DY27: 13mm Cutter Replacement Super Premium | DZ27: 13mm | EA27: 1 | EB27: EA | EC27: 480 | ED27: 6.3.1 30 | EE27: =SUMIF($G$12:$G$21,$DE27,$E$12:$E$21) -> 0 | EF27: =ROWS($DE$2:DE27) -> 26 | EG27: =IF($CY$60<>0,IF($CY$60=DE27,EF27,""),"") | EJ27: =IF($CY$61<>0,IF($CY$61=DE27,EF27,""),"") | EM27: =IF($CY$62<>0,IF($CY$62=DE27,EF27,""),"") | EP27: =IF($CY$63<>0,IF($CY$63=DE27,EF27,""),"") | ES27: =IF($CY$64<>0,IF($CY$64=DE27,EF27,""),"") | EV27: =IF($CY$65<>0,IF($CY$65=DE27,EF27,""),"") | EY27: =IF($CY$66<>0,IF($CY$66=DE27,EF27,""),"") | FB27: =IF($CY$67<>0,IF($CY$67=DE27,EF27,""),"") | FE27: =IF($CY$68<>0,IF($CY$68=DE27,EF27,""),"") | FH27: =IF($CY$69<>0,IF($CY$69=DE27,EF27,""),"") | FK27: =IF($CY$70<>0, IF($CY$70=DE27, EF27, ""), "") | FN27: =IF($CY$71<>0, IF($CY$71=DE27, EF27, ""), "") | FQ27: =IF($CY$72<>0, IF($CY$72=DE27, EF27, ""), "") | FT27: =IF($CY$73<>0, IF($CY$73=DE27, EF27, ""), "") | FW27: =IF($CY$74<>0, IF($CY$74=DE27, EF27, ""), "") | FZ27: =IF($CY$75<>0, IF($CY$75=DE27, EF27, ""), "") | GC27: =IF($CY$76<>0, IF($CY$76=DE27, EF27, ""), "") | GF27: =CONCATENATE("0",GH27," - ",GI27) -> 03 - 30 | GG27: =CONCATENATE(GH27," ",GI27) -> 3 30 | GH27: 3 | GI27: 30 | GJ27: 9" to 14 7/8" Steel Body PDC Bit Set-up Charge | GK27: 3 | GL27: 1 | GM27: EA | GN27: 9450 | GO27: 1 | GP27: 9"-14 7/8" | GQ27: Steel Body PDC Bit Set-up Charge | GS27: =ROWS($GJ$20:GJ27) -> 8 | GT27: =IF($O$7<>"", IF($O$7=$GJ27,$GS27,""),IF(AND($D$53=$GK27,COUNTIF($B$4,"S*")),$GS27,"")) | GU27: =IFERROR(SMALL($GT$20:$GT$83,ROWS($GT$20:GT27)),"") | GV27: =IFERROR(INDEX($GF$20:$GR$83,$GU27,COLUMNS(GO27)),"") | GW27: =IFERROR(INDEX($GF$20:$GR$83,$GU27,COLUMNS(GP27:GQ27)),"") | GX27: =IFERROR(INDEX($GF$20:$GR$83,$GU27,COLUMNS($GP27:GR27)),"") | GY27: =IFERROR(INDEX($GF$20:$GR$83,$GU27,COLUMNS($GP27:GS27)),"") | GZ27: =IFERROR(INDEX($GF$20:$GR$83,$GU27,COLUMNS($GP27:GT27)),"") | HA27: =IFERROR(INDEX($GF$20:$GR$83,$GU27,COLUMNS($GP27:GU27)),"") | HB27: =IFERROR(INDEX($GF$20:$GR$83,$GU27,COLUMNS($GP27:GV27)),"") | HC27: =IFERROR(INDEX($GF$20:$GR$83,$GU27,COLUMNS($GP27:GW27)),"") | HD27: =IFERROR(INDEX($GF$20:$GR$83,$GU27,COLUMNS($GP27:GX27)),"") | HE27: =IFERROR(INDEX($GF$20:$GR$83,$GU27,COLUMNS($GP27:GY27)),"") | ... HG27: =IFERROR(INDEX($GF$20:$GR$83,$GU27,COLUMNS($GP27:HA27)),"")
A28: Base Charge | D28: =IF(TRIM(G28)="","",IF(CX76>0,IF(CX76<>"", CX76, ""),"")) | E28: =IF('Eng. Cutter Entry'!$C$4<>"",IF($L$9<>1,('ARDT Cutter Entry'!BG$58+'ARDT Cutter Entry'!BG$59+'ARDT Cutter Entry'!BG$60+'ARDT Cutter Entry'!BG$61),'ARDT Cutter Entry'!BG$58+'ARDT Cutter Entry'!BG$59+'ARDT Cutter Entry'!BG$60+'ARDT Cutter Entry'!BG$61+Rework!S73),'ARDT Cutter Entry'!BG$2+'ARDT Cutter Entry'!BG$3+'ARDT Cutter Entry'!BG$4+'ARDT Cutter Entry'!BG$5) -> 0 | F28: =IF(GK18>0,IF(GK18<>"",GK18," ")," ") | G28: =IF($B$5<>"",IF(GG18>0,IF(GG18<>"",IF(GG18<>"Add the cutter in list",GG18,"Add the cutter"),""),""),"") | H28: =IF(AND(GM18<>"",GM18<>0),GM18,"")&IF(AND(GL18<>"",GL18<>0)," "&GL18,"")&IF(AND(GN18<>"",GN18<>0)," "&GN18,"") | J28: =IF(AND(GR18<>"",GR18<>0),GR18,"") | K28: =IF(IFERROR(E28-L28,E28)=0,"",IFERROR(E28-L28,E28)) | N28: =BJ62 -> 0 | O28: =BO62 -> 0 | DB28: 646941 | DD28: 25 | DE28: 638560 | DF28: 1313CT70 (.018") | DG28: =DR28 & " " & DL28 -> 1313 CT70 0.018" | DH28: 13 | DI28: 1313 | DJ28: CT70 | DL28: 0.018" | DM28: 0 | DN28: 17 | DO28: 360 | DR28: =DI28 & " " & DJ28 & " " & DK28 -> 1313 CT70 | DS28: =DT28*1.3 -> 192.283 | DT28: 147.91 | DV28: S | DW28: 6.3.1 | DX28: 30 | DY28: 13mm Cutter Replacement Super Premium | DZ28: 13mm | EA28: 1 | EB28: EA | EC28: 480 | ED28: 6.3.1 30 | EE28: =SUMIF($G$12:$G$21,$DE28,$E$12:$E$21) -> 0 | EF28: =ROWS($DE$2:DE28) -> 27 | EG28: =IF($CY$60<>0,IF($CY$60=DE28,EF28,""),"") | EJ28: =IF($CY$61<>0,IF($CY$61=DE28,EF28,""),"") | EM28: =IF($CY$62<>0,IF($CY$62=DE28,EF28,""),"") | EP28: =IF($CY$63<>0,IF($CY$63=DE28,EF28,""),"") | ES28: =IF($CY$64<>0,IF($CY$64=DE28,EF28,""),"") | EV28: =IF($CY$65<>0,IF($CY$65=DE28,EF28,""),"") | EY28: =IF($CY$66<>0,IF($CY$66=DE28,EF28,""),"") | FB28: =IF($CY$67<>0,IF($CY$67=DE28,EF28,""),"") | FE28: =IF($CY$68<>0,IF($CY$68=DE28,EF28,""),"") | FH28: =IF($CY$69<>0,IF($CY$69=DE28,EF28,""),"") | FK28: =IF($CY$70<>0, IF($CY$70=DE28, EF28, ""), "") | FN28: =IF($CY$71<>0, IF($CY$71=DE28, EF28, ""), "") | FQ28: =IF($CY$72<>0, IF($CY$72=DE28, EF28, ""), "") | FT28: =IF($CY$73<>0, IF($CY$73=DE28, EF28, ""), "") | FW28: =IF($CY$74<>0, IF($CY$74=DE28, EF28, ""), "") | FZ28: =IF($CY$75<>0, IF($CY$75=DE28, EF28, ""), "") | GC28: =IF($CY$76<>0, IF($CY$76=DE28, EF28, ""), "") | GF28: =CONCATENATE("0",GH28," - ",GI28) -> 03 - 40 | GG28: =CONCATENATE(GH28," ",GI28) -> 3 40 | GH28: 3 | GI28: 40 | GJ28: 15"-28" Steel Body PDC Bit Set-up Charge | GK28: 4 | GL28: 1 | GM28: EA | GN28: 12500 | GO28: 1 | GP28: 15"-28" | GQ28: Steel Body PDC Bit Set-up Charge | GS28: =ROWS($GJ$20:GJ28) -> 9 | GT28: =IF($O$7<>"", IF($O$7=$GJ28,$GS28,""),IF(AND($D$53=$GK28,COUNTIF($B$4,"S*")),$GS28,"")) | GU28: =IFERROR(SMALL($GT$20:$GT$83,ROWS($GT$20:GT28)),"") | GV28: =IFERROR(INDEX($GF$20:$GR$83,$GU28,COLUMNS(GO28)),"") | GW28: =IFERROR(INDEX($GF$20:$GR$83,$GU28,COLUMNS(GP28:GQ28)),"") | GX28: =IFERROR(INDEX($GF$20:$GR$83,$GU28,COLUMNS($GP28:GR28)),"") | GY28: =IFERROR(INDEX($GF$20:$GR$83,$GU28,COLUMNS($GP28:GS28)),"") | GZ28: =IFERROR(INDEX($GF$20:$GR$83,$GU28,COLUMNS($GP28:GT28)),"") | HA28: =IFERROR(INDEX($GF$20:$GR$83,$GU28,COLUMNS($GP28:GU28)),"") | HB28: =IFERROR(INDEX($GF$20:$GR$83,$GU28,COLUMNS($GP28:GV28)),"") | HC28: =IFERROR(INDEX($GF$20:$GR$83,$GU28,COLUMNS($GP28:GW28)),"") | HD28: =IFERROR(INDEX($GF$20:$GR$83,$GU28,COLUMNS($GP28:GX28)),"") | HE28: =IFERROR(INDEX($GF$20:$GR$83,$GU28,COLUMNS($GP28:GY28)),"") | ... HG28: =IFERROR(INDEX($GF$20:$GR$83,$GU28,COLUMNS($GP28:HA28)),"")
A29: Add 1 to choose regional price, 2 to choose Core head price and 3 for Landing cost | D29: Total | E29: =SUM(E12:E28) -> 0 | K29: =SUM(K12:K28) -> 0 | L29: =SUM(L12:L21) -> 0 | N29: Total | O29: =SUMIF(N12:N28, "<>1228501", O12:O28) -> 33 | DB29: 647436 | DD29: 18 | DE29: 638561 | DF29: 1613 CT70 0.018" | DG29: =DR29 & " " & DL29 -> 1613 CT70 0.018" | DH29: 16 | DI29: 1613 | DJ29: CT70 | DL29: 0.018" | DM29: 0 | DN29: 33 | DO29: 497 | DR29: =DI29 & " " & DJ29 & " " & DK29 -> 1613 CT70 | DS29: =DT29*1.3 -> 251.615 | DT29: 193.55 | DV29: S | DW29: 6.4.1 | DX29: 30 | DY29: 16mm Cutter Replacement Super Premium | DZ29: 16mm | EA29: 1 | EB29: EA | EC29: 662 | ED29: 6.4.1 30 | EE29: =SUMIF($G$12:$G$21,$DE29,$E$12:$E$21) -> 0 | EF29: =ROWS($DE$2:DE29) -> 28 | EG29: =IF($CY$60<>0,IF($CY$60=DE29,EF29,""),"") | EJ29: =IF($CY$61<>0,IF($CY$61=DE29,EF29,""),"") | EM29: =IF($CY$62<>0,IF($CY$62=DE29,EF29,""),"") | EP29: =IF($CY$63<>0,IF($CY$63=DE29,EF29,""),"") | ES29: =IF($CY$64<>0,IF($CY$64=DE29,EF29,""),"") | EV29: =IF($CY$65<>0,IF($CY$65=DE29,EF29,""),"") | EY29: =IF($CY$66<>0,IF($CY$66=DE29,EF29,""),"") | FB29: =IF($CY$67<>0,IF($CY$67=DE29,EF29,""),"") | FE29: =IF($CY$68<>0,IF($CY$68=DE29,EF29,""),"") | FH29: =IF($CY$69<>0,IF($CY$69=DE29,EF29,""),"") | FK29: =IF($CY$70<>0, IF($CY$70=DE29, EF29, ""), "") | FN29: =IF($CY$71<>0, IF($CY$71=DE29, EF29, ""), "") | FQ29: =IF($CY$72<>0, IF($CY$72=DE29, EF29, ""), "") | FT29: =IF($CY$73<>0, IF($CY$73=DE29, EF29, ""), "") | FW29: =IF($CY$74<>0, IF($CY$74=DE29, EF29, ""), "") | FZ29: =IF($CY$75<>0, IF($CY$75=DE29, EF29, ""), "") | GC29: =IF($CY$76<>0, IF($CY$76=DE29, EF29, ""), "") | GF29: =CONCATENATE("0",GH29," - ",GI29) -> 04.1 - 10 | GG29: =CONCATENATE(GH29," ",GI29) -> 4.1 10 | GH29: 4.1 | GI29: 10 | GJ29: Up to 6 7/8" Specialized items for Turbine Sleeves. Standard Bit | GK29: 1 | GL29: 1 | GM29: EA | GN29: 6650 | GO29: 1 | GP29: Up to 6 7/8" | GQ29: Specialized items for Turbine Sleeves. Standard Bit | GS29: =ROWS($GJ$20:GJ29) -> 10 | GT29: =IF($O$7<>"", IF($O$7=$GJ29,$GS29,""),"") | GU29: =IFERROR(SMALL($GT$20:$GT$83,ROWS($GT$20:GT29)),"") | GV29: =IFERROR(INDEX($GF$20:$GR$83,$GU29,COLUMNS(GP29:GQ29)),"") | GW29: =IFERROR(INDEX($GF$20:$GR$83,$GU29,COLUMNS($GP29:GR29)),"") | GX29: =IFERROR(INDEX($GF$20:$GR$83,$GU29,COLUMNS($GP29:GS29)),"") | GY29: =IFERROR(INDEX($GF$20:$GR$83,$GU29,COLUMNS($GP29:GT29)),"") | GZ29: =IFERROR(INDEX($GF$20:$GR$83,$GU29,COLUMNS($GP29:GU29)),"") | HA29: =IFERROR(INDEX($GF$20:$GR$83,$GU29,COLUMNS($GP29:GV29)),"") | HB29: =IFERROR(INDEX($GF$20:$GR$83,$GU29,COLUMNS($GP29:GW29)),"") | HC29: =IFERROR(INDEX($GF$20:$GR$83,$GU29,COLUMNS($GP29:GX29)),"") | HD29: =IFERROR(INDEX($GF$20:$GR$83,$GU29,COLUMNS($GP29:GY29)),"") | ... HG29: =IFERROR(INDEX($GF$20:$GR$83,$GU29,COLUMNS($GP29:HB29)),"")
D30: Upper Section Replacement | E30: Pin Size | F30: PIN Mat No. | G30: Price | H30: Add 1 if you want to track salvage cutters location? | M30: for Global Scorecard report use | DB30: 647464 | DD30: 60 | DE30: 642299 | DF30: 1308 CT66 0.018 | DG30: =DR30 & " " & DL30 -> 1308 CT66 0.018" | DH30: 13 | DI30: 1308 | DJ30: CT66 | DL30: 0.018" | DM30: 0 | DN30: 17 | DO30: 360 | DR30: =DI30 & " " & DJ30 & " " & DK30 -> 1308 CT66 | DS30: =DT30*1.3 -> 0 | DV30: P | DW30: 6.3.1 | DX30: 20 | DY30: 13mm Cutter Replacement Premium | DZ30: 13mm | EA30: 1 | EB30: EA | EC30: 413 | ED30: 6.3.1 20 | EE30: =SUMIF($G$12:$G$21,$DE30,$E$12:$E$21) -> 0 | EF30: =ROWS($DE$2:DE30) -> 29 | EG30: =IF($CY$60<>0,IF($CY$60=DE30,EF30,""),"") | EJ30: =IF($CY$61<>0,IF($CY$61=DE30,EF30,""),"") | EM30: =IF($CY$62<>0,IF($CY$62=DE30,EF30,""),"") | EP30: =IF($CY$63<>0,IF($CY$63=DE30,EF30,""),"") | ES30: =IF($CY$64<>0,IF($CY$64=DE30,EF30,""),"") | EV30: =IF($CY$65<>0,IF($CY$65=DE30,EF30,""),"") | EY30: =IF($CY$66<>0,IF($CY$66=DE30,EF30,""),"") | FB30: =IF($CY$67<>0,IF($CY$67=DE30,EF30,""),"") | FE30: =IF($CY$68<>0,IF($CY$68=DE30,EF30,""),"") | FH30: =IF($CY$69<>0,IF($CY$69=DE30,EF30,""),"") | FK30: =IF($CY$70<>0, IF($CY$70=DE30, EF30, ""), "") | FN30: =IF($CY$71<>0, IF($CY$71=DE30, EF30, ""), "") | FQ30: =IF($CY$72<>0, IF($CY$72=DE30, EF30, ""), "") | FT30: =IF($CY$73<>0, IF($CY$73=DE30, EF30, ""), "") | FW30: =IF($CY$74<>0, IF($CY$74=DE30, EF30, ""), "") | FZ30: =IF($CY$75<>0, IF($CY$75=DE30, EF30, ""), "") | GC30: =IF($CY$76<>0, IF($CY$76=DE30, EF30, ""), "") | GF30: =CONCATENATE("0",GH30," - ",GI30) -> 04.1 - 20 | GG30: =CONCATENATE(GH30," ",GI30) -> 4.1 20 | GH30: 4.1 | GI30: 20 | GJ30: Up to 6 7/8" Specialized items for Turbine Sleeves. PDC Reinforced Bit | GK30: 1 | GL30: 1 | GM30: EA | GN30: 8100 | GO30: 1 | GP30: Up to 6 7/8" | GQ30: Specialized items for Turbine Sleeves. PDC Reinforced Bit | GS30: =ROWS($GJ$20:GJ30) -> 11 | GT30: =IF($O$7<>"", IF($O$7=$GJ30,$GS30,""),"") | GU30: =IFERROR(SMALL($GT$20:$GT$56,ROWS($GT$20:GT30)),"") | GW30: =IFERROR(INDEX($GF$20:$GR$83,$GU30,COLUMNS($GP30:GR30)),"") | GX30: =IFERROR(INDEX($GF$20:$GR$83,$GU30,COLUMNS($GP30:GS30)),"") | GY30: =IFERROR(INDEX($GF$20:$GR$83,$GU30,COLUMNS($GP30:GT30)),"") | GZ30: =IFERROR(INDEX($GF$20:$GR$83,$GU30,COLUMNS($GP30:GU30)),"") | HA30: =IFERROR(INDEX($GF$20:$GR$83,$GU30,COLUMNS($GP30:GV30)),"") | HB30: =IFERROR(INDEX($GF$20:$GR$83,$GU30,COLUMNS($GP30:GW30)),"") | HC30: =IFERROR(INDEX($GF$20:$GR$83,$GU30,COLUMNS($GP30:GX30)),"") | HD30: =IFERROR(INDEX($GF$20:$GR$83,$GU30,COLUMNS($GP30:GY30)),"") | ... HG30: =IFERROR(INDEX($GF$20:$GR$83,$GU30,COLUMNS($GP30:HB30)),"")
G31: =IF(F31<>"",IF($B$7="SAUDI ARAMCO",$F$52,IFERROR(INDEX($A$207:$B$228, MATCH($F$31, A207:A228, 0),2),0)),0) -> 0 | M31: Qty Reclaims Used | N31: # Cutters Replaced | O31: Reclaim $ Value | P31: # Bits Scrapped | Q31: # Bits Debrazed | R31: Special Repair | DB31: 647467 | DD31: 22 | DE31: 643433 | DF31: 1913 CT70 0.010 | DG31: =DR31 & " " & DL31 -> 1913 CT70 0.010" | DH31: 19 | DI31: 1913 | DJ31: CT70 | DL31: 0.010" | DM31: 0 | DN31: 51 | DO31: 660 | DR31: =DI31 & " " & DJ31 & " " & DK31 -> 1913 CT70 | DS31: =DT31*1.3 -> 0 | DV31: S | DW31: 6.5.1 | DX31: 30 | DY31: 19mm Cutter Replacement Super Premium | DZ31: 19mm | EA31: 1 | EB31: EA | EC31: 836 | ED31: 6.5.1 30 | EE31: =SUMIF($G$12:$G$21,$DE31,$E$12:$E$21) -> 0 | EF31: =ROWS($DE$2:DE31) -> 30 | EG31: =IF($CY$60<>0,IF($CY$60=DE31,EF31,""),"") | EJ31: =IF($CY$61<>0,IF($CY$61=DE31,EF31,""),"") | EM31: =IF($CY$62<>0,IF($CY$62=DE31,EF31,""),"") | EP31: =IF($CY$63<>0,IF($CY$63=DE31,EF31,""),"") | ES31: =IF($CY$64<>0,IF($CY$64=DE31,EF31,""),"") | EV31: =IF($CY$65<>0,IF($CY$65=DE31,EF31,""),"") | EY31: =IF($CY$66<>0,IF($CY$66=DE31,EF31,""),"") | FB31: =IF($CY$67<>0,IF($CY$67=DE31,EF31,""),"") | FE31: =IF($CY$68<>0,IF($CY$68=DE31,EF31,""),"") | FH31: =IF($CY$69<>0,IF($CY$69=DE31,EF31,""),"") | FK31: =IF($CY$70<>0, IF($CY$70=DE31, EF31, ""), "") | FN31: =IF($CY$71<>0, IF($CY$71=DE31, EF31, ""), "") | FQ31: =IF($CY$72<>0, IF($CY$72=DE31, EF31, ""), "") | FT31: =IF($CY$73<>0, IF($CY$73=DE31, EF31, ""), "") | FW31: =IF($CY$74<>0, IF($CY$74=DE31, EF31, ""), "") | FZ31: =IF($CY$75<>0, IF($CY$75=DE31, EF31, ""), "") | GC31: =IF($CY$76<>0, IF($CY$76=DE31, EF31, ""), "") | GF31: =CONCATENATE("0",GH31," - ",GI31) -> 04.2 - 10 | GG31: =CONCATENATE(GH31," ",GI31) -> 4.2 10 | GH31: 4.2 | GI31: 10 | GJ31: 7" to 8 7/8" Specialized items for Turbine Sleeves. Standard Bit | GK31: 2 | GL31: 1 | GM31: EA | GN31: 8250 | GO31: 1 | GP31: 7"-8 7/8" | GQ31: Specialized items for Turbine Sleeves. Standard Bit | GS31: =ROWS($GJ$20:GJ31) -> 12 | GT31: =IF($O$7<>"", IF($O$7=$GJ31,$GS31,""),"")
D32: ARDT PROCESSES | H32: Add 1 to Show Full Data in Internal eval. | L32: 1 | M32: =L29 -> 0 | N32: =E29 -> 0 | O32: =Quotation!AN58 -> 0 | P32: =IF(OR(L4=1,L5=1),1,0) -> 0 | R32: =IF('Eval-LSTK'!D64<>"",IF(OR(Quotation!Y33<>0,Quotation!Y37<>0,Quotation!Y41<>0),1,0),0) -> 0 | DB32: 703670 | DD32: 17 | DE32: 643435 | DF32: 1913 CT 70 0.018 L | DG32: =DR32 & " " & DL32 -> 1913 CT 70 L 0.018" | DH32: 19 | DI32: 1913 | DJ32: CT 70 | DK32: L | DL32: 0.018" | DM32: 0 | DN32: 57 | DO32: 660 | DR32: =DI32 & " " & DJ32 & " " & DK32 -> 1913 CT 70 L | DS32: =DT32*1.3 -> 0 | DV32: S | DW32: 6.5.1 | DX32: 30 | DY32: 19mm Cutter Replacement Super Premium | DZ32: 19mm | EA32: 1 | EB32: EA | EC32: 836 | ED32: 6.5.1 30 | EE32: =SUMIF($G$12:$G$21,$DE32,$E$12:$E$21) -> 0 | EF32: =ROWS($DE$2:DE32) -> 31 | EG32: =IF($CY$60<>0,IF($CY$60=DE32,EF32,""),"") | EJ32: =IF($CY$61<>0,IF($CY$61=DE32,EF32,""),"") | EM32: =IF($CY$62<>0,IF($CY$62=DE32,EF32,""),"") | EP32: =IF($CY$63<>0,IF($CY$63=DE32,EF32,""),"") | ES32: =IF($CY$64<>0,IF($CY$64=DE32,EF32,""),"") | EV32: =IF($CY$65<>0,IF($CY$65=DE32,EF32,""),"") | EY32: =IF($CY$66<>0,IF($CY$66=DE32,EF32,""),"") | FB32: =IF($CY$67<>0,IF($CY$67=DE32,EF32,""),"") | FE32: =IF($CY$68<>0,IF($CY$68=DE32,EF32,""),"") | FH32: =IF($CY$69<>0,IF($CY$69=DE32,EF32,""),"") | FK32: =IF($CY$70<>0, IF($CY$70=DE32, EF32, ""), "") | FN32: =IF($CY$71<>0, IF($CY$71=DE32, EF32, ""), "") | FQ32: =IF($CY$72<>0, IF($CY$72=DE32, EF32, ""), "") | FT32: =IF($CY$73<>0, IF($CY$73=DE32, EF32, ""), "") | FW32: =IF($CY$74<>0, IF($CY$74=DE32, EF32, ""), "") | FZ32: =IF($CY$75<>0, IF($CY$75=DE32, EF32, ""), "") | GC32: =IF($CY$76<>0, IF($CY$76=DE32, EF32, ""), "") | GF32: =CONCATENATE("0",GH32," - ",GI32) -> 04.2 - 20 | GG32: =CONCATENATE(GH32," ",GI32) -> 4.2 20 | GH32: 4.2 | GI32: 20 | GJ32: 7" to 8 7/8" Specialized items for Turbine Sleeves. PDC Reinforced Bit | GK32: 2 | GL32: 1 | GM32: EA | GN32: 11050 | GO32: 1 | GP32: 7"-8 7/8" | GQ32: Specialized items for Turbine Sleeves. PDC Reinforced Bit | GS32: =ROWS($GJ$20:GJ32) -> 13 | GT32: =IF($O$7<>"", IF($O$7=$GJ32,$GS32,""),"")
D33: Cerebro Installation Add 1 to add the charge | DB33: 708305 | DD33: 28 | DE33: 646938 | DF33: 1308CT66 0.010" | DG33: =DR33 & " " & DL33 -> 1308 CT66 0.010" | DH33: 13 | DI33: 1308 | DJ33: CT66 | DL33: 0.010" | DM33: 0 | DN33: 17 | DO33: 360 | DR33: =DI33 & " " & DJ33 & " " & DK33 -> 1308 CT66 | DS33: =DT33*1.3 -> 0 | DV33: P | DW33: 6.3.1 | DX33: 20 | DY33: 13mm Cutter Replacement Premium | DZ33: 13mm | EA33: 1 | EB33: EA | EC33: 413 | ED33: 6.3.1 20 | EE33: =SUMIF($G$12:$G$21,$DE33,$E$12:$E$21) -> 0 | EF33: =ROWS($DE$2:DE33) -> 32 | EG33: =IF($CY$60<>0,IF($CY$60=DE33,EF33,""),"") | EJ33: =IF($CY$61<>0,IF($CY$61=DE33,EF33,""),"") | EM33: =IF($CY$62<>0,IF($CY$62=DE33,EF33,""),"") | EP33: =IF($CY$63<>0,IF($CY$63=DE33,EF33,""),"") | ES33: =IF($CY$64<>0,IF($CY$64=DE33,EF33,""),"") | EV33: =IF($CY$65<>0,IF($CY$65=DE33,EF33,""),"") | EY33: =IF($CY$66<>0,IF($CY$66=DE33,EF33,""),"") | FB33: =IF($CY$67<>0,IF($CY$67=DE33,EF33,""),"") | FE33: =IF($CY$68<>0,IF($CY$68=DE33,EF33,""),"") | FH33: =IF($CY$69<>0,IF($CY$69=DE33,EF33,""),"") | FK33: =IF($CY$70<>0, IF($CY$70=DE33, EF33, ""), "") | FN33: =IF($CY$71<>0, IF($CY$71=DE33, EF33, ""), "") | FQ33: =IF($CY$72<>0, IF($CY$72=DE33, EF33, ""), "") | FT33: =IF($CY$73<>0, IF($CY$73=DE33, EF33, ""), "") | FW33: =IF($CY$74<>0, IF($CY$74=DE33, EF33, ""), "") | FZ33: =IF($CY$75<>0, IF($CY$75=DE33, EF33, ""), "") | GC33: =IF($CY$76<>0, IF($CY$76=DE33, EF33, ""), "") | GF33: =CONCATENATE("0",GH33," - ",GI33) -> 06.1.1 - 10 | GG33: =CONCATENATE(GH33," ",GI33) -> 6.1.1 10 | GH33: 6.1.1 | GI33: 10 | GJ33: 8mm Cutter Replacement Standard | GK33: 8mm | GL33: 1 | GM33: EA | GN33: 196 | GO33: =SUMIF($ED$2:$ED$276,$GG33,$EE$2:$EE$276) -> 0 | GP33: 8mm | GQ33: Cutter Replacement Standard | GS33: =ROWS($GJ$20:GJ33) -> 14 | GT33: =IF($GO33<>0,$GS33,"")
DB34: 708306 | DD34: 72 | DE34: 646941 | DF34: 1613 CT66 0.010 | DG34: =DR34 & " " & DL34 -> 1613 CT66 0.010" | DH34: 16 | DI34: 1613 | DJ34: CT66 | DL34: 0.010" | DM34: 0 | DN34: 4 | DO34: 497 | DR34: =DI34 & " " & DJ34 & " " & DK34 -> 1613 CT66 | DS34: =DT34*1.3 -> 0 | DV34: P | DW34: 6.4.1 | DX34: 20 | DY34: 16mm Cutter Replacement Premium | DZ34: 16mm | EA34: 1 | EB34: EA | EC34: 545 | ED34: 6.4.1 20 | EE34: =SUMIF($G$12:$G$21,$DE34,$E$12:$E$21) -> 0 | EF34: =ROWS($DE$2:DE34) -> 33 | EG34: =IF($CY$60<>0,IF($CY$60=DE34,EF34,""),"") | EJ34: =IF($CY$61<>0,IF($CY$61=DE34,EF34,""),"") | EM34: =IF($CY$62<>0,IF($CY$62=DE34,EF34,""),"") | EP34: =IF($CY$63<>0,IF($CY$63=DE34,EF34,""),"") | ES34: =IF($CY$64<>0,IF($CY$64=DE34,EF34,""),"") | EV34: =IF($CY$65<>0,IF($CY$65=DE34,EF34,""),"") | EY34: =IF($CY$66<>0,IF($CY$66=DE34,EF34,""),"") | FB34: =IF($CY$67<>0,IF($CY$67=DE34,EF34,""),"") | FE34: =IF($CY$68<>0,IF($CY$68=DE34,EF34,""),"") | FH34: =IF($CY$69<>0,IF($CY$69=DE34,EF34,""),"") | FK34: =IF($CY$70<>0, IF($CY$70=DE34, EF34, ""), "") | FN34: =IF($CY$71<>0, IF($CY$71=DE34, EF34, ""), "") | FQ34: =IF($CY$72<>0, IF($CY$72=DE34, EF34, ""), "") | FT34: =IF($CY$73<>0, IF($CY$73=DE34, EF34, ""), "") | FW34: =IF($CY$74<>0, IF($CY$74=DE34, EF34, ""), "") | FZ34: =IF($CY$75<>0, IF($CY$75=DE34, EF34, ""), "") | GC34: =IF($CY$76<>0, IF($CY$76=DE34, EF34, ""), "") | GF34: =CONCATENATE("0",GH34," - ",GI34) -> 06.1.1 - 20 | GG34: =CONCATENATE(GH34," ",GI34) -> 6.1.1 20 | GH34: 6.1.1 | GI34: 20 | GJ34: 8mm Cutter Replacement Premium | GK34: 8mm | GL34: 1 | GM34: EA | GN34: 302 | GO34: =SUMIF($ED$2:$ED$276,$GG34,$EE$2:$EE$276) -> 0 | GP34: 8mm | GQ34: Cutter Replacement Premium | GS34: =ROWS($GJ$20:GJ34) -> 15 | GT34: =IF($GO34<>0,$GS34,"")
DB35: 717748 | DD35: 54 | DE35: 647436 | DF35: 1613 CT200 0.018 | DG35: =DR35 & " " & DL35 -> 1613 CT200 0.018" | DH35: 16 | DI35: 1613 | DJ35: CT200 | DL35: 0.018" | DM35: 19 | DN35: 0 | DO35: 497 | DR35: =DI35 & " " & DJ35 & " " & DK35 -> 1613 CT200 | DS35: =DT35*1.3 -> 64.428 | DT35: 49.56 | DU35: 100 | DV35: B | DW35: 6.4.1 | DX35: 10 | DY35: 16mm Cutter Replacement Standard | DZ35: 16mm | EA35: 1 | EB35: EA | EC35: 490 | ED35: 6.4.1 10 | EE35: =SUMIF($G$12:$G$21,$DE35,$E$12:$E$21) -> 0 | EF35: =ROWS($DE$2:DE35) -> 34 | EG35: =IF($CY$60<>0,IF($CY$60=DE35,EF35,""),"") | EJ35: =IF($CY$61<>0,IF($CY$61=DE35,EF35,""),"") | EM35: =IF($CY$62<>0,IF($CY$62=DE35,EF35,""),"") | EP35: =IF($CY$63<>0,IF($CY$63=DE35,EF35,""),"") | ES35: =IF($CY$64<>0,IF($CY$64=DE35,EF35,""),"") | EV35: =IF($CY$65<>0,IF($CY$65=DE35,EF35,""),"") | EY35: =IF($CY$66<>0,IF($CY$66=DE35,EF35,""),"") | FB35: =IF($CY$67<>0,IF($CY$67=DE35,EF35,""),"") | FE35: =IF($CY$68<>0,IF($CY$68=DE35,EF35,""),"") | FH35: =IF($CY$69<>0,IF($CY$69=DE35,EF35,""),"") | FK35: =IF($CY$70<>0, IF($CY$70=DE35, EF35, ""), "") | FN35: =IF($CY$71<>0, IF($CY$71=DE35, EF35, ""), "") | FQ35: =IF($CY$72<>0, IF($CY$72=DE35, EF35, ""), "") | FT35: =IF($CY$73<>0, IF($CY$73=DE35, EF35, ""), "") | FW35: =IF($CY$74<>0, IF($CY$74=DE35, EF35, ""), "") | FZ35: =IF($CY$75<>0, IF($CY$75=DE35, EF35, ""), "") | GC35: =IF($CY$76<>0, IF($CY$76=DE35, EF35, ""), "") | GF35: =CONCATENATE("0",GH35," - ",GI35) -> 06.1.1 - 30 | GG35: =CONCATENATE(GH35," ",GI35) -> 6.1.1 30 | GH35: 6.1.1 | GI35: 30 | GJ35: 8mm Cutter Replacement Super Premium | GK35: 8mm | GL35: 1 | GM35: EA | GN35: 376 | GO35: =SUMIF($ED$2:$ED$276,$GG35,$EE$2:$EE$276) -> 0 | GP35: 8mm | GQ35: Cutter Replacement Super Premium | GS35: =ROWS($GJ$20:GJ35) -> 16 | GT35: =IF($GO35<>0,$GS35,"")
DB36: 717749 | DD36: 73 | DE36: 647464 | DF36: 16mm Short Bullet CT66 0.018 | DG36: =DR36 & " " & DL36 -> 16 CT66 Short Bullet 0.018" | DH36: 16 | DI36: 16 | DJ36: CT66 | DK36: Short Bullet | DL36: 0.018" | DM36: 0 | DN36: 8 | DO36: 497 | DR36: =DI36 & " " & DJ36 & " " & DK36 -> 16 CT66 Short Bullet | DS36: =DT36*1.3 -> 0 | DV36: P | DW36: 6.4.1 | DX36: 20 | DY36: 16mm Cutter Replacement Premium | DZ36: 16mm | EA36: 1 | EB36: EA | EC36: 545 | ED36: 6.4.1 20 | EE36: =SUMIF($G$12:$G$21,$DE36,$E$12:$E$21) -> 0 | EF36: =ROWS($DE$2:DE36) -> 35 | EG36: =IF($CY$60<>0,IF($CY$60=DE36,EF36,""),"") | EJ36: =IF($CY$61<>0,IF($CY$61=DE36,EF36,""),"") | EM36: =IF($CY$62<>0,IF($CY$62=DE36,EF36,""),"") | EP36: =IF($CY$63<>0,IF($CY$63=DE36,EF36,""),"") | ES36: =IF($CY$64<>0,IF($CY$64=DE36,EF36,""),"") | EV36: =IF($CY$65<>0,IF($CY$65=DE36,EF36,""),"") | EY36: =IF($CY$66<>0,IF($CY$66=DE36,EF36,""),"") | FB36: =IF($CY$67<>0,IF($CY$67=DE36,EF36,""),"") | FE36: =IF($CY$68<>0,IF($CY$68=DE36,EF36,""),"") | FH36: =IF($CY$69<>0,IF($CY$69=DE36,EF36,""),"") | FK36: =IF($CY$70<>0, IF($CY$70=DE36, EF36, ""), "") | FN36: =IF($CY$71<>0, IF($CY$71=DE36, EF36, ""), "") | FQ36: =IF($CY$72<>0, IF($CY$72=DE36, EF36, ""), "") | FT36: =IF($CY$73<>0, IF($CY$73=DE36, EF36, ""), "") | FW36: =IF($CY$74<>0, IF($CY$74=DE36, EF36, ""), "") | FZ36: =IF($CY$75<>0, IF($CY$75=DE36, EF36, ""), "") | GC36: =IF($CY$76<>0, IF($CY$76=DE36, EF36, ""), "") | GF36: =CONCATENATE("0",GH36," - ",GI36) -> 06.1.1 - 40 | GG36: =CONCATENATE(GH36," ",GI36) -> 6.1.1 40 | GH36: 6.1.1 | GI36: 40 | GJ36: 8mm Cutter Replacement Other | GK36: 8mm | GL36: 1 | GM36: EA | GN36: 290 | GO36: =SUMIF($ED$2:$ED$276,$GG36,$EE$2:$EE$276) -> 0 | GP36: 8mm | GQ36: Cutter Replacement Other | GS36: =ROWS($GJ$20:GJ36) -> 17 | GT36: =IF($GO36<>0,$GS36,"")
DB37: 717751 | DD37: 74 | DE37: 647467 | DF37: 16mm Long Bullet CT66 0.018 | DG37: =DR37 & " " & DL37 -> 16 CT66 Long Bullet 0.018" | DH37: 16 | DI37: 16 | DJ37: CT66 | DK37: Long Bullet | DL37: 0.018" | DM37: 0 | DN37: 4 | DO37: 497 | DR37: =DI37 & " " & DJ37 & " " & DK37 -> 16 CT66 Long Bullet | DS37: =DT37*1.3 -> 0 | DV37: P | DW37: 6.4.1 | DX37: 20 | DY37: 16mm Cutter Replacement Premium | DZ37: 16mm | EA37: 1 | EB37: EA | EC37: 545 | ED37: 6.4.1 20 | EE37: =SUMIF($G$12:$G$21,$DE37,$E$12:$E$21) -> 0 | EF37: =ROWS($DE$2:DE37) -> 36 | EG37: =IF($CY$60<>0,IF($CY$60=DE37,EF37,""),"") | EJ37: =IF($CY$61<>0,IF($CY$61=DE37,EF37,""),"") | EM37: =IF($CY$62<>0,IF($CY$62=DE37,EF37,""),"") | EP37: =IF($CY$63<>0,IF($CY$63=DE37,EF37,""),"") | ES37: =IF($CY$64<>0,IF($CY$64=DE37,EF37,""),"") | EV37: =IF($CY$65<>0,IF($CY$65=DE37,EF37,""),"") | EY37: =IF($CY$66<>0,IF($CY$66=DE37,EF37,""),"") | FB37: =IF($CY$67<>0,IF($CY$67=DE37,EF37,""),"") | FE37: =IF($CY$68<>0,IF($CY$68=DE37,EF37,""),"") | FH37: =IF($CY$69<>0,IF($CY$69=DE37,EF37,""),"") | FK37: =IF($CY$70<>0, IF($CY$70=DE37, EF37, ""), "") | FN37: =IF($CY$71<>0, IF($CY$71=DE37, EF37, ""), "") | FQ37: =IF($CY$72<>0, IF($CY$72=DE37, EF37, ""), "") | FT37: =IF($CY$73<>0, IF($CY$73=DE37, EF37, ""), "") | FW37: =IF($CY$74<>0, IF($CY$74=DE37, EF37, ""), "") | FZ37: =IF($CY$75<>0, IF($CY$75=DE37, EF37, ""), "") | GC37: =IF($CY$76<>0, IF($CY$76=DE37, EF37, ""), "") | GF37: =CONCATENATE("0",GH37," - ",GI37) -> 06.1.1 - 50 | GG37: =CONCATENATE(GH37," ",GI37) -> 6.1.1 50 | GH37: 6.1.1 | GI37: 50 | GJ37: 8mm Cutter Replacement Depth of Cut Control Elements/Impact Arrestor-Diamond | GK37: 8mm | GL37: 1 | GM37: EA | GN37: 202 | GO37: =SUMIF($ED$2:$ED$276,$GG37,$EE$2:$EE$276) -> 0 | GP37: 8mm | GQ37: Cutter Replacement Depth of Cut Control Elements/Impact Arrestor-Diamond | GS37: =ROWS($GJ$20:GJ37) -> 18 | GT37: =IF($GO37<>0,$GS37,"")
DB38: 729434 | DD38: 11 | DE38: 703670 | DF38: 1313 CT200 0.010 | DG38: =DR38 & " " & DL38 -> 1313 CT200 0.010" | DH38: 13 | DI38: 1313 | DJ38: CT200 | DL38: 0.010" | DM38: 54 | DN38: 0 | DO38: 360 | DR38: =DI38 & " " & DJ38 & " " & DK38 -> 1313 CT200 | DS38: =DT38*1.3 -> 38.088267 | DT38: 29.298667 | DU38: 100 | DV38: B | DW38: 6.3.1 | DX38: 10 | DY38: 13mm Cutter Replacement Standard | DZ38: 13mm | EA38: 1 | EB38: EA | EC38: 345 | ED38: 6.3.1 10 | EE38: =SUMIF($G$12:$G$21,$DE38,$E$12:$E$21) -> 0 | EF38: =ROWS($DE$2:DE38) -> 37 | EG38: =IF($CY$60<>0,IF($CY$60=DE38,EF38,""),"") | EJ38: =IF($CY$61<>0,IF($CY$61=DE38,EF38,""),"") | EM38: =IF($CY$62<>0,IF($CY$62=DE38,EF38,""),"") | EP38: =IF($CY$63<>0,IF($CY$63=DE38,EF38,""),"") | ES38: =IF($CY$64<>0,IF($CY$64=DE38,EF38,""),"") | EV38: =IF($CY$65<>0,IF($CY$65=DE38,EF38,""),"") | EY38: =IF($CY$66<>0,IF($CY$66=DE38,EF38,""),"") | FB38: =IF($CY$67<>0,IF($CY$67=DE38,EF38,""),"") | FE38: =IF($CY$68<>0,IF($CY$68=DE38,EF38,""),"") | FH38: =IF($CY$69<>0,IF($CY$69=DE38,EF38,""),"") | FK38: =IF($CY$70<>0, IF($CY$70=DE38, EF38, ""), "") | FN38: =IF($CY$71<>0, IF($CY$71=DE38, EF38, ""), "") | FQ38: =IF($CY$72<>0, IF($CY$72=DE38, EF38, ""), "") | FT38: =IF($CY$73<>0, IF($CY$73=DE38, EF38, ""), "") | FW38: =IF($CY$74<>0, IF($CY$74=DE38, EF38, ""), "") | FZ38: =IF($CY$75<>0, IF($CY$75=DE38, EF38, ""), "") | GC38: =IF($CY$76<>0, IF($CY$76=DE38, EF38, ""), "") | GF38: =CONCATENATE("0",GH38," - ",GI38) -> 06.1.1 - 60 | GG38: =CONCATENATE(GH38," ",GI38) -> 6.1.1 60 | GH38: 6.1.1 | GI38: 60 | GJ38: 8mm Cutter Replacement Depth of Cut Control Elements/Impact Arrestor-Carbide | GK38: 8mm | GL38: 1 | GM38: EA | GN38: 135 | GO38: =SUMIF($ED$2:$ED$276,$GG38,$EE$2:$EE$276) -> 0 | GP38: 8mm | GQ38: Cutter Replacement Depth of Cut Control Elements/Impact Arrestor-Carbide | GS38: =ROWS($GJ$20:GJ38) -> 19 | GT38: =IF($GO38<>0,$GS38,"")
DB39: 729435 | DD39: 12 | DE39: 708305 | DF39: 1913CT200 0.010" | DG39: =DR39 & " " & DL39 -> 1913 CT200 0.010" | DH39: 19 | DI39: 1913 | DJ39: CT200 | DL39: 0.010" | DM39: 17 | DN39: 0 | DO39: 660 | DR39: =DI39 & " " & DJ39 & " " & DK39 -> 1913 CT200 | DS39: =DT39*1.3 -> 0 | DV39: B | DW39: 6.5.1 | DX39: 10 | DY39: 19mm Cutter Replacement Standard | DZ39: 19mm | EA39: 1 | EB39: EA | EC39: 615 | ED39: 6.5.1 10 | EE39: =SUMIF($G$12:$G$21,$DE39,$E$12:$E$21) -> 0 | EF39: =ROWS($DE$2:DE39) -> 38 | EG39: =IF($CY$60<>0,IF($CY$60=DE39,EF39,""),"") | EJ39: =IF($CY$61<>0,IF($CY$61=DE39,EF39,""),"") | EM39: =IF($CY$62<>0,IF($CY$62=DE39,EF39,""),"") | EP39: =IF($CY$63<>0,IF($CY$63=DE39,EF39,""),"") | ES39: =IF($CY$64<>0,IF($CY$64=DE39,EF39,""),"") | EV39: =IF($CY$65<>0,IF($CY$65=DE39,EF39,""),"") | EY39: =IF($CY$66<>0,IF($CY$66=DE39,EF39,""),"") | FB39: =IF($CY$67<>0,IF($CY$67=DE39,EF39,""),"") | FE39: =IF($CY$68<>0,IF($CY$68=DE39,EF39,""),"") | FH39: =IF($CY$69<>0,IF($CY$69=DE39,EF39,""),"") | FK39: =IF($CY$70<>0, IF($CY$70=DE39, EF39, ""), "") | FN39: =IF($CY$71<>0, IF($CY$71=DE39, EF39, ""), "") | FQ39: =IF($CY$72<>0, IF($CY$72=DE39, EF39, ""), "") | FT39: =IF($CY$73<>0, IF($CY$73=DE39, EF39, ""), "") | FW39: =IF($CY$74<>0, IF($CY$74=DE39, EF39, ""), "") | FZ39: =IF($CY$75<>0, IF($CY$75=DE39, EF39, ""), "") | GC39: =IF($CY$76<>0, IF($CY$76=DE39, EF39, ""), "") | GF39: =CONCATENATE("0",GH39," - ",GI39) -> 06.2.1 - 10 | GG39: =CONCATENATE(GH39," ",GI39) -> 6.2.1 10 | GH39: 6.2.1 | GI39: 10 | GJ39: 10.5mm Cutter Replacement Standard | GK39: 10.5mm | GL39: 1 | GM39: EA | GN39: 215 | GO39: =SUMIF($ED$2:$ED$276,$GG39,$EE$2:$EE$276) -> 0 | GP39: 10.5mm | GQ39: Cutter Replacement Standard | GS39: =ROWS($GJ$20:GJ39) -> 20 | GT39: =IF($GO39<>0,$GS39,"")
DB40: 729687 | DD40: 49 | DE40: 708306 | DF40: 1913 CT200 0.018'' | DG40: =DR40 & " " & DL40 -> 1913 CT200 0.018" | DH40: 19 | DI40: 1913 | DJ40: CT200 | DL40: 0.018" | DM40: 19 | DN40: 0 | DO40: 660 | DR40: =DI40 & " " & DJ40 & " " & DK40 -> 1913 CT200 | DS40: =DT40*1.3 -> 83.902 | DT40: 64.54 | DV40: B | DW40: 6.5.1 | DX40: 10 | DY40: 19mm Cutter Replacement Standard | DZ40: 19mm | EA40: 1 | EB40: EA | EC40: 615 | ED40: 6.5.1 10 | EE40: =SUMIF($G$12:$G$21,$DE40,$E$12:$E$21) -> 0 | EF40: =ROWS($DE$2:DE40) -> 39 | EG40: =IF($CY$60<>0,IF($CY$60=DE40,EF40,""),"") | EJ40: =IF($CY$61<>0,IF($CY$61=DE40,EF40,""),"") | EM40: =IF($CY$62<>0,IF($CY$62=DE40,EF40,""),"") | EP40: =IF($CY$63<>0,IF($CY$63=DE40,EF40,""),"") | ES40: =IF($CY$64<>0,IF($CY$64=DE40,EF40,""),"") | EV40: =IF($CY$65<>0,IF($CY$65=DE40,EF40,""),"") | EY40: =IF($CY$66<>0,IF($CY$66=DE40,EF40,""),"") | FB40: =IF($CY$67<>0,IF($CY$67=DE40,EF40,""),"") | FE40: =IF($CY$68<>0,IF($CY$68=DE40,EF40,""),"") | FH40: =IF($CY$69<>0,IF($CY$69=DE40,EF40,""),"") | FK40: =IF($CY$70<>0, IF($CY$70=DE40, EF40, ""), "") | FN40: =IF($CY$71<>0, IF($CY$71=DE40, EF40, ""), "") | FQ40: =IF($CY$72<>0, IF($CY$72=DE40, EF40, ""), "") | FT40: =IF($CY$73<>0, IF($CY$73=DE40, EF40, ""), "") | FW40: =IF($CY$74<>0, IF($CY$74=DE40, EF40, ""), "") | FZ40: =IF($CY$75<>0, IF($CY$75=DE40, EF40, ""), "") | GC40: =IF($CY$76<>0, IF($CY$76=DE40, EF40, ""), "") | GF40: =CONCATENATE("0",GH40," - ",GI40) -> 06.2.1 - 20 | GG40: =CONCATENATE(GH40," ",GI40) -> 6.2.1 20 | GH40: 6.2.1 | GI40: 20 | GJ40: 10.5mm Cutter Replacement Premium | GK40: 10.5mm | GL40: 1 | GM40: EA | GN40: 328 | GO40: =SUMIF($ED$2:$ED$276,$GG40,$EE$2:$EE$276) -> 0 | GP40: 10.5mm | GQ40: Cutter Replacement Premium | GS40: =ROWS($GJ$20:GJ40) -> 21 | GT40: =IF($GO40<>0,$GS40,"")
B41: =IF(NOT(COUNTIF(B3,"*x*")),IF(B3<>"",TEXT(SUBSTITUTE(SUBSTITUTE(SUBSTITUTE(B3,"-"," "),"""",""),"''",""),"0 0/00")&"""",""),B3) -> 6 1/08" | BR41: =IF(BR44=BR43,BR43&"a",BR43&"b") -> 1a | BS41: =IF(BS44=BS43,BS43&"a",BS44&"b") -> 2a | BT41: =IF(BT44=BT43,BT43&"a",BT44&"b") -> 3a | BU41: =IF(BU44=BU43,BU43&"a",BU44&"b") -> 4a | BV41: =IF(BV44=BV43,BV43&"a",BV44&"b") -> 5a | BW41: =IF(BW44=BW43,BW43&"a",BW44&"b") -> 6a | BX41: =IF(BX44=BX43,BX43&"a",BX44&"b") -> 7a | BY41: =IF(BY44=BY43,BY43&"a",BY44&"b") -> 8a | BZ41: =IF(BZ44=BZ43,BZ43&"a",BZ44&"b") -> 0a | ... CZ41: =IF(CZ44=CZ43,CZ43&"a",CZ44&"b") -> 0a | DB41: 729688 | DD41: 32 | DE41: 717748 | DF41: 1010 CT200 .018 | DG41: =DR41 & " " & DL41 -> 1010 CT200 0.018" | DH41: 10 | DI41: 1010 | DJ41: CT200 | DL41: 0.018" | DM41: 26 | DN41: 176 | DO41: 272 | DQ41: 50 | DR41: =DI41 & " " & DJ41 & " " & DK41 -> 1010 CT200 | DS41: =DT41*1.3 -> 0 | DV41: B | DW41: 6.2.1 | DX41: 10 | DY41: 10.5mm Cutter Replacement Standard | DZ41: 10.5mm | EA41: 1 | EB41: EA | EC41: 215 | ED41: 6.2.1 10 | EE41: =SUMIF($G$12:$G$21,$DE41,$E$12:$E$21) -> 0 | EF41: =ROWS($DE$2:DE41) -> 40 | EG41: =IF($CY$60<>0,IF($CY$60=DE41,EF41,""),"") | EJ41: =IF($CY$61<>0,IF($CY$61=DE41,EF41,""),"") | EM41: =IF($CY$62<>0,IF($CY$62=DE41,EF41,""),"") | EP41: =IF($CY$63<>0,IF($CY$63=DE41,EF41,""),"") | ES41: =IF($CY$64<>0,IF($CY$64=DE41,EF41,""),"") | EV41: =IF($CY$65<>0,IF($CY$65=DE41,EF41,""),"") | EY41: =IF($CY$66<>0,IF($CY$66=DE41,EF41,""),"") | FB41: =IF($CY$67<>0,IF($CY$67=DE41,EF41,""),"") | FE41: =IF($CY$68<>0,IF($CY$68=DE41,EF41,""),"") | FH41: =IF($CY$69<>0,IF($CY$69=DE41,EF41,""),"") | FK41: =IF($CY$70<>0, IF($CY$70=DE41, EF41, ""), "") | FN41: =IF($CY$71<>0, IF($CY$71=DE41, EF41, ""), "") | FQ41: =IF($CY$72<>0, IF($CY$72=DE41, EF41, ""), "") | FT41: =IF($CY$73<>0, IF($CY$73=DE41, EF41, ""), "") | FW41: =IF($CY$74<>0, IF($CY$74=DE41, EF41, ""), "") | FZ41: =IF($CY$75<>0, IF($CY$75=DE41, EF41, ""), "") | GC41: =IF($CY$76<>0, IF($CY$76=DE41, EF41, ""), "") | GF41: =CONCATENATE("0",GH41," - ",GI41) -> 06.2.1 - 30 | GG41: =CONCATENATE(GH41," ",GI41) -> 6.2.1 30 | GH41: 6.2.1 | GI41: 30 | GJ41: 10.5mm Cutter Replacement Super Premium | GK41: 10.5mm | GL41: 1 | GM41: EA | GN41: 419 | GO41: =SUMIF($ED$2:$ED$276,$GG41,$EE$2:$EE$276) -> 0 | GP41: 10.5mm | GQ41: Cutter Replacement Super Premium | GS41: =ROWS($GJ$20:GJ41) -> 22 | GT41: =IF($GO41<>0,$GS41,"")
B42: =IF(NOT(COUNTIF(B3,"*x*")),IF(B3<>"",TEXT(SUBSTITUTE(SUBSTITUTE(SUBSTITUTE(B3,"-"," "),"""",""),"''",""),"0 0/0")&"""",""),B3) -> 6 1/8" | BR42: =IF(BR44=BR43,BR43&"a",BR43&"b") -> 1a | BS42: =IF(BS44=BS43,BS43&"a",BS43&"b") -> 2a | BT42: =IF(BT44=BT43,BT43&"a",BT43&"b") -> 3a | BU42: =IF(BU44=BU43,BU43&"a",BU43&"b") -> 4a | BV42: =IF(BV44=BV43,BV43&"a",BV43&"b") -> 5a | BW42: =IF(BW44=BW43,BW43&"a",BW43&"b") -> 6a | BX42: =IF(BX44=BX43,BX43&"a",BX43&"b") -> 7a | BY42: =IF(BY44=BY43,BY43&"a",BY43&"b") -> 8a | ... CZ42: =IF(CZ44=CZ43,CZ43&"a",CZ43&"b") -> 0a | DB42: 729689 | DD42: 13 | DE42: 717749 | DF42: 1308CT200 0.010" | DG42: =DR42 & " " & DL42 -> 1308 CT200 0.010" | DH42: 13 | DI42: 1308 | DJ42: CT200 | DL42: 0.010" | DM42: 84 | DN42: 0 | DO42: 360 | DR42: =DI42 & " " & DJ42 & " " & DK42 -> 1308 CT200 | DS42: =DT42*1.3 -> 39.468 | DT42: 30.36 | DU42: 100 | DV42: B | DW42: 6.3.1 | DX42: 10 | DY42: 13mm Cutter Replacement Standard | DZ42: 13mm | EA42: 1 | EB42: EA | EC42: 345 | ED42: 6.3.1 10 | EE42: =SUMIF($G$12:$G$21,$DE42,$E$12:$E$21) -> 0 | EF42: =ROWS($DE$2:DE42) -> 41 | EG42: =IF($CY$60<>0,IF($CY$60=DE42,EF42,""),"") | EJ42: =IF($CY$61<>0,IF($CY$61=DE42,EF42,""),"") | EM42: =IF($CY$62<>0,IF($CY$62=DE42,EF42,""),"") | EP42: =IF($CY$63<>0,IF($CY$63=DE42,EF42,""),"") | ES42: =IF($CY$64<>0,IF($CY$64=DE42,EF42,""),"") | EV42: =IF($CY$65<>0,IF($CY$65=DE42,EF42,""),"") | EY42: =IF($CY$66<>0,IF($CY$66=DE42,EF42,""),"") | FB42: =IF($CY$67<>0,IF($CY$67=DE42,EF42,""),"") | FE42: =IF($CY$68<>0,IF($CY$68=DE42,EF42,""),"") | FH42: =IF($CY$69<>0,IF($CY$69=DE42,EF42,""),"") | FK42: =IF($CY$70<>0, IF($CY$70=DE42, EF42, ""), "") | FN42: =IF($CY$71<>0, IF($CY$71=DE42, EF42, ""), "") | FQ42: =IF($CY$72<>0, IF($CY$72=DE42, EF42, ""), "") | FT42: =IF($CY$73<>0, IF($CY$73=DE42, EF42, ""), "") | FW42: =IF($CY$74<>0, IF($CY$74=DE42, EF42, ""), "") | FZ42: =IF($CY$75<>0, IF($CY$75=DE42, EF42, ""), "") | GC42: =IF($CY$76<>0, IF($CY$76=DE42, EF42, ""), "") | GF42: =CONCATENATE("0",GH42," - ",GI42) -> 06.2.1 - 40 | GG42: =CONCATENATE(GH42," ",GI42) -> 6.2.1 40 | GH42: 6.2.1 | GI42: 40 | GJ42: 10.5mm Cutter Replacement Other | GK42: 10.5mm | GL42: 1 | GM42: EA | GN42: 333 | GO42: =SUMIF($ED$2:$ED$276,$GG42,$EE$2:$EE$276) -> 0 | GP42: 10.5mm | GQ42: Cutter Replacement Other | GS42: =ROWS($GJ$20:GJ42) -> 23 | GT42: =IF($GO42<>0,$GS42,"")
A43: =COUNTIF(B42,"*0/*") -> 0 | B43: =IF(COUNTIF(B42,"*0/*"),B41,B42) -> 6 1/8" | C43: =IFERROR(VALUE(IF(OR(COUNTIF(B43,"*X*"),COUNTIF(B43,"*x*")),LEFT(B43,1),SUBSTITUTE(B43,"""",""))),"") -> 6.125 | E43: 8 3/8 x 4 | F43: Upper Section Size | BR43: =IF(SUM(BR46:BR57)=0,0,1) -> 1 | BS43: =IF(SUM(BS46:BS57)=0,0,BR43+1) -> 2 | BT43: =IF(SUM(BT46:BT57)=0,0,BS43+1) -> 3 | BU43: =IF(SUM(BU46:BU57)=0,0,BT43+1) -> 4 | BV43: =IF(SUM(BV46:BV57)=0,0,BU43+1) -> 5 | BW43: =IF(SUM(BW46:BW57)=0,0,BV43+1) -> 6 | BX43: =IF(SUM(BX46:BX57)=0,0,BW43+1) -> 7 | BY43: =IF(SUM(BY46:BY57)=0,0,BX43+1) -> 8 | BZ43: =IF(SUM(BZ46:BZ57)=0,0,BY43+1) -> 0 | ... CZ43: =IF(SUM(CZ46:CZ57)=0,0,CY43+1) -> 0 | DB43: 729690 | DD43: 39 | DE43: 717751 | DF43: 1308CT200 0.018" | DG43: =DR43 & " " & DL43 -> 1308 CT200 0.018" | DH43: 13 | DI43: 1308 | DJ43: CT200 | DL43: 0.018" | DM43: 28 | DN43: 0 | DO43: 360 | DR43: =DI43 & " " & DJ43 & " " & DK43 -> 1308 CT200 | DS43: =DT43*1.3 -> 38.6672 | DT43: 29.744 | DV43: B | DW43: 6.3.1 | DX43: 10 | DY43: 13mm Cutter Replacement Standard | DZ43: 13mm | EA43: 1 | EB43: EA | EC43: 345 | ED43: 6.3.1 10 | EE43: =SUMIF($G$12:$G$21,$DE43,$E$12:$E$21) -> 0 | EF43: =ROWS($DE$2:DE43) -> 42 | EG43: =IF($CY$60<>0,IF($CY$60=DE43,EF43,""),"") | EJ43: =IF($CY$61<>0,IF($CY$61=DE43,EF43,""),"") | EM43: =IF($CY$62<>0,IF($CY$62=DE43,EF43,""),"") | EP43: =IF($CY$63<>0,IF($CY$63=DE43,EF43,""),"") | ES43: =IF($CY$64<>0,IF($CY$64=DE43,EF43,""),"") | EV43: =IF($CY$65<>0,IF($CY$65=DE43,EF43,""),"") | EY43: =IF($CY$66<>0,IF($CY$66=DE43,EF43,""),"") | FB43: =IF($CY$67<>0,IF($CY$67=DE43,EF43,""),"") | FE43: =IF($CY$68<>0,IF($CY$68=DE43,EF43,""),"") | FH43: =IF($CY$69<>0,IF($CY$69=DE43,EF43,""),"") | FK43: =IF($CY$70<>0, IF($CY$70=DE43, EF43, ""), "") | FN43: =IF($CY$71<>0, IF($CY$71=DE43, EF43, ""), "") | FQ43: =IF($CY$72<>0, IF($CY$72=DE43, EF43, ""), "") | FT43: =IF($CY$73<>0, IF($CY$73=DE43, EF43, ""), "") | FW43: =IF($CY$74<>0, IF($CY$74=DE43, EF43, ""), "") | FZ43: =IF($CY$75<>0, IF($CY$75=DE43, EF43, ""), "") | GC43: =IF($CY$76<>0, IF($CY$76=DE43, EF43, ""), "") | GF43: =CONCATENATE("0",GH43," - ",GI43) -> 06.2.1 - 50 | GG43: =CONCATENATE(GH43," ",GI43) -> 6.2.1 50 | GH43: 6.2.1 | GI43: 50 | GJ43: 10.5mm Cutter Replacement Depth of Cut Control Elements/Impact Arrestor-Diamond | GK43: 10.5mm | GL43: 1 | GM43: EA | GN43: 202 | GO43: =SUMIF($ED$2:$ED$276,$GG43,$EE$2:$EE$276) -> 0 | GP43: 10.5mm | GQ43: Cutter Replacement Depth of Cut Control Elements/Impact Arrestor-Diamond | GS43: =ROWS($GJ$20:GJ43) -> 24 | GT43: =IF($GO43<>0,$GS43,"")
B44: =B6 -> 46035 | G44: 2 3/8" | BF44: Cutter Details | BQ44: =MAX(BR44:DA44) -> 8 | BR44: =IF(SUM(BR46:BR57)=0,0,1) -> 1 | BS44: =IF(SUM(BS46:BS57)=0,0,IF(BR44=0,BQ44+1,BR44+1)) -> 2 | BT44: =IF(SUM(BT46:BT57)=0,0,IF(BS44=0,BR44+1,BS44+1)) -> 3 | BU44: =IF(SUM(BU46:BU57)=0,0,IF(BT44=0,BS44+1,BT44+1)) -> 4 | BV44: =IF(SUM(BV46:BV57)=0,0,IF(BU44=0,BT44+1,BU44+1)) -> 5 | BW44: =IF(SUM(BW46:BW57)=0,0,IF(BV44=0,BU44+1,BV44+1)) -> 6 | BX44: =IF(SUM(BX46:BX57)=0,0,IF(BW44=0,BV44+1,BW44+1)) -> 7 | BY44: =IF(SUM(BY46:BY57)=0,0,IF(BX44=0,BW44+1,BX44+1)) -> 8 | BZ44: =IF(SUM(BZ46:BZ57)=0,0,IF(BY44=0,BX44+1,BY44+1)) -> 0 | ... CZ44: =IF(SUM(CZ46:CZ57)=0,0,IF(CY44=0,CX44+1,CY44+1)) -> 0 | DB44: 729691 | DD44: 30 | DE44: 729434 | DF44: 1308CT82 .010 | DG44: =DR44 & " " & DL44 -> 1308 CT82 0.010" | DH44: 13 | DI44: 1308 | DJ44: CT82 | DL44: 0.010" | DM44: 52 | DN44: 0 | DO44: 360 | DR44: =DI44 & " " & DJ44 & " " & DK44 -> 1308 CT82 | DS44: =DT44*1.3 -> 0 | DU44: 210 | DV44: S | DW44: 6.3.1 | DX44: 30 | DY44: 13mm Cutter Replacement Super Premium | DZ44: 13mm | EA44: 1 | EB44: EA | EC44: 480 | ED44: 6.3.1 30 | EE44: =SUMIF($G$12:$G$21,$DE44,$E$12:$E$21) -> 0 | EF44: =ROWS($DE$2:DE44) -> 43 | EG44: =IF($CY$60<>0,IF($CY$60=DE44,EF44,""),"") | EJ44: =IF($CY$61<>0,IF($CY$61=DE44,EF44,""),"") | EM44: =IF($CY$62<>0,IF($CY$62=DE44,EF44,""),"") | EP44: =IF($CY$63<>0,IF($CY$63=DE44,EF44,""),"") | ES44: =IF($CY$64<>0,IF($CY$64=DE44,EF44,""),"") | EV44: =IF($CY$65<>0,IF($CY$65=DE44,EF44,""),"") | EY44: =IF($CY$66<>0,IF($CY$66=DE44,EF44,""),"") | FB44: =IF($CY$67<>0,IF($CY$67=DE44,EF44,""),"") | FE44: =IF($CY$68<>0,IF($CY$68=DE44,EF44,""),"") | FH44: =IF($CY$69<>0,IF($CY$69=DE44,EF44,""),"") | FK44: =IF($CY$70<>0, IF($CY$70=DE44, EF44, ""), "") | FN44: =IF($CY$71<>0, IF($CY$71=DE44, EF44, ""), "") | FQ44: =IF($CY$72<>0, IF($CY$72=DE44, EF44, ""), "") | FT44: =IF($CY$73<>0, IF($CY$73=DE44, EF44, ""), "") | FW44: =IF($CY$74<>0, IF($CY$74=DE44, EF44, ""), "") | FZ44: =IF($CY$75<>0, IF($CY$75=DE44, EF44, ""), "") | GC44: =IF($CY$76<>0, IF($CY$76=DE44, EF44, ""), "") | GF44: =CONCATENATE("0",GH44," - ",GI44) -> 06.2.1 - 60 | GG44: =CONCATENATE(GH44," ",GI44) -> 6.2.1 60 | GH44: 6.2.1 | GI44: 60 | GJ44: 10.5mm Cutter Replacement Depth of Cut Control Elements/Impact Arrestor-Carbide | GK44: 10.5mm | GL44: 1 | GM44: EA | GN44: 135 | GO44: =SUMIF($ED$2:$ED$276,$GG44,$EE$2:$EE$276) -> 0 | GP44: 10.5mm | GQ44: Cutter Replacement Depth of Cut Control Elements/Impact Arrestor-Carbide | GS44: =ROWS($GJ$20:GJ44) -> 25 | GT44: =IF($GO44<>0,$GS44,"")
G45: 2 7/8" | L45: MAT | O45: X# | P45: Component | Q45: Quantity | R45: Remark | S45: Size | T45: Type | U45: MAT | W45: C1 | X45: C2 | Y45: C3 | Z45: C4 | AA45: C5 | AB45: C6 | AC45: C7 | AD45: C8 | AE45: C9 | AF45: C10 | AG45: C11 | AH45: C12 | AI45: C13 | AJ45: C14 | AK45: C15 | AL45: C16 | AM45: C17 | AN45: C18 | AO45: C19 | AP45: C20 | AQ45: C21 | AR45: C22 | AS45: C23 | AT45: C24 | AU45: C25 | AV45: C26 | AW45: C27 | AX45: C28 | AY45: C29 | AZ45: C30 | BA45: C31 | BB45: C32 | BC45: C33 | BD45: C34 | BF45: H1 | BG45: H2 | BH45: H3 | BI45: X# | BJ45: Component | BK45: Quantity | BL45: Remark | BM45: Size | BN45: Type | BO45: Quantity | BR45: =IF(BR44=0,"","C"&BR44) -> C1 | BS45: =IF(BS44=0,"","C"&BS44) -> C2 | BT45: =IF(BT44=0,"","C"&BT44) -> C3 | BU45: =IF(BU44=0,"","C"&BU44) -> C4 | BV45: =IF(BV44=0,"","C"&BV44) -> C5 | BW45: =IF(BW44=0,"","C"&BW44) -> C6 | BX45: =IF(BX44=0,"","C"&BX44) -> C7 | BY45: =IF(BY44=0,"","C"&BY44) -> C8 | ... DA45: =IF(DA44=0,"","C"&DA44) | DB45: 742473 | DD45: 40 | DE45: 729435 | DF45: 1313 CT82 .010" | DG45: =DR45 & " " & DL45 -> 1313 CT82 0.010" | DH45: 13 | DI45: 1313 | DJ45: CT82 | DL45: 0.010" | DM45: 40 | DN45: 2 | DO45: 360 | DR45: =DI45 & " " & DJ45 & " " & DK45 -> 1313 CT82 | DS45: =DT45*1.3 -> 159.809 | DT45: 122.93 | DU45: 220 | DV45: S | DW45: 6.3.1 | DX45: 30 | DY45: 13mm Cutter Replacement Super Premium | DZ45: 13mm | EA45: 1 | EB45: EA | EC45: 480 | ED45: 6.3.1 30 | EE45: =SUMIF($G$12:$G$21,$DE45,$E$12:$E$21) -> 0 | EF45: =ROWS($DE$2:DE45) -> 44 | EG45: =IF($CY$60<>0,IF($CY$60=DE45,EF45,""),"") | EJ45: =IF($CY$61<>0,IF($CY$61=DE45,EF45,""),"") | EM45: =IF($CY$62<>0,IF($CY$62=DE45,EF45,""),"") | EP45: =IF($CY$63<>0,IF($CY$63=DE45,EF45,""),"") | ES45: =IF($CY$64<>0,IF($CY$64=DE45,EF45,""),"") | EV45: =IF($CY$65<>0,IF($CY$65=DE45,EF45,""),"") | EY45: =IF($CY$66<>0,IF($CY$66=DE45,EF45,""),"") | FB45: =IF($CY$67<>0,IF($CY$67=DE45,EF45,""),"") | FE45: =IF($CY$68<>0,IF($CY$68=DE45,EF45,""),"") | FH45: =IF($CY$69<>0,IF($CY$69=DE45,EF45,""),"") | FK45: =IF($CY$70<>0, IF($CY$70=DE45, EF45, ""), "") | FN45: =IF($CY$71<>0, IF($CY$71=DE45, EF45, ""), "") | FQ45: =IF($CY$72<>0, IF($CY$72=DE45, EF45, ""), "") | FT45: =IF($CY$73<>0, IF($CY$73=DE45, EF45, ""), "") | FW45: =IF($CY$74<>0, IF($CY$74=DE45, EF45, ""), "") | FZ45: =IF($CY$75<>0, IF($CY$75=DE45, EF45, ""), "") | GC45: =IF($CY$76<>0, IF($CY$76=DE45, EF45, ""), "") | GF45: =CONCATENATE("0",GH45," - ",GI45) -> 06.3.1 - 10 | GG45: =CONCATENATE(GH45," ",GI45) -> 6.3.1 10 | GH45: 6.3.1 | GI45: 10 | GJ45: 13mm Cutter Replacement Standard | GK45: 13mm | GL45: 1 | GM45: EA | GN45: 345 | GO45: =SUMIF($ED$2:$ED$276,$GG45,$EE$2:$EE$276) -> 0 | GP45: 13mm | GQ45: Cutter Replacement Standard | GS45: =ROWS($GJ$20:GJ45) -> 26 | GT45: =IF($GO45<>0,$GS45,"")
B46: Bit Size | G46: 3 1/2" | L46: 509477 | O46: 1 | P46: 418525 | Q46: 6 | S46: 8.5 | T46: MMD65H | U46: 1079481 | V46: B1 | W46: 2 | X46: 3 | Y46: 4 | Z46: 4 | AA46: 4 | AB46: 4 | AC46: 4 | AD46: 1 | BF46: =ROWS($U$46:U46) -> 1 | BG46: =IF(VALUE(SUBSTITUTE($B$5,"M",""))=U46,BF46,"") | BH46: =IFERROR(SMALL($BG$46:$BG$3014,ROWS($BG$46:BG46)),"") -> 1526 | BI46: =IFERROR(INDEX($O$46:$T$3015,$BH46:$BH57,COLUMNS($BE$46:BE46)),0) -> 1 | BJ46: =IFERROR(INDEX($O$46:$T$3015,$BH46:$BH57,COLUMNS($BE$46:BF46)),0) -> 1145493 | BK46: =IFERROR(INDEX($O$46:$T$3015,$BH46:$BH57,COLUMNS($BE$46:BG46)),0) -> 16 | BL46: =IFERROR(INDEX($O$46:$T$3015,$BH46:$BH57,COLUMNS($BE$46:BH46)),0) -> 0 | BM46: =IFERROR(INDEX($O$46:$T$3015,$BH46:$BH57,COLUMNS($BE$46:BI46)),0) -> 6 1/8" | BN46: =IFERROR(INDEX($O$46:$T$3015,$BH46:$BH57,COLUMNS($BE$46:BJ46)),0) -> HD54 | BO46: =IFERROR(INDEX($O$46:$T$3015,$BH46:$BH57,COLUMNS($BE$46:BG46)),0) -> 16 | BQ46: B1 | BR46: =IFERROR(INDEX($W$46:$BE$3014,$BH46:$BH56,COLUMNS($BE$46:BE46)),"") -> 1 | BS46: =IFERROR(INDEX($W$46:$BE$3014,$BH46:$BH56,COLUMNS($BE$46:BF46)),"") -> 1 | BT46: =IFERROR(INDEX($W$46:$BE$3014,$BH46:$BH56,COLUMNS($BE$46:BG46)),"") -> 1 | BU46: =IFERROR(INDEX($W$46:$BE$3014,$BH46:$BH56,COLUMNS($BE$46:BH46)),"") -> 3 | BV46: =IFERROR(INDEX($W$46:$BE$3014,$BH46:$BH56,COLUMNS($BE$46:BI46)),"") -> 3 | BW46: =IFERROR(INDEX($W$46:$BE$3014,$BH46:$BH56,COLUMNS($BE$46:BJ46)),"") -> 1 | BX46: =IFERROR(INDEX($W$46:$BE$3014,$BH46:$BH56,COLUMNS($BE$46:BK46)),"") -> 2 | BY46: =IFERROR(INDEX($W$46:$BE$3014,$BH46:$BH56,COLUMNS($BE$46:BL46)),"") -> 2 | ... DA46: =IFERROR(INDEX($W$46:$BE$3014,$BH46:$BH56,COLUMNS($BE$46:CN46)),"") | DB46: 742617 | DD46: 23 | DE46: 729687 | DF46: 1613 CT82 0.010 | DG46: =DR46 & " " & DL46 -> 1613 CT82 0.010" | DH46: 16 | DI46: 1613 | DJ46: CT82 | DL46: 0.010" | DM46: 58 | DN46: 22 | DO46: 497 | DR46: =DI46 & " " & DJ46 & " " & DK46 -> 1613 CT82 | DS46: =DT46*1.3 -> 202.111 | DT46: 155.47 | DU46: 250 | DV46: S | DW46: 6.4.1 | DX46: 30 | DY46: 16mm Cutter Replacement Super Premium | DZ46: 16mm | EA46: 1 | EB46: EA | EC46: 662 | ED46: 6.4.1 30 | EE46: =SUMIF($G$12:$G$21,$DE46,$E$12:$E$21) -> 0 | EF46: =ROWS($DE$2:DE46) -> 45 | EG46: =IF($CY$60<>0,IF($CY$60=DE46,EF46,""),"") | EJ46: =IF($CY$61<>0,IF($CY$61=DE46,EF46,""),"") | EM46: =IF($CY$62<>0,IF($CY$62=DE46,EF46,""),"") | EP46: =IF($CY$63<>0,IF($CY$63=DE46,EF46,""),"") | ES46: =IF($CY$64<>0,IF($CY$64=DE46,EF46,""),"") | EV46: =IF($CY$65<>0,IF($CY$65=DE46,EF46,""),"") | EY46: =IF($CY$66<>0,IF($CY$66=DE46,EF46,""),"") | FB46: =IF($CY$67<>0,IF($CY$67=DE46,EF46,""),"") | FE46: =IF($CY$68<>0,IF($CY$68=DE46,EF46,""),"") | FH46: =IF($CY$69<>0,IF($CY$69=DE46,EF46,""),"") | FK46: =IF($CY$70<>0, IF($CY$70=DE46, EF46, ""), "") | FN46: =IF($CY$71<>0, IF($CY$71=DE46, EF46, ""), "") | FQ46: =IF($CY$72<>0, IF($CY$72=DE46, EF46, ""), "") | FT46: =IF($CY$73<>0, IF($CY$73=DE46, EF46, ""), "") | FW46: =IF($CY$74<>0, IF($CY$74=DE46, EF46, ""), "") | FZ46: =IF($CY$75<>0, IF($CY$75=DE46, EF46, ""), "") | GC46: =IF($CY$76<>0, IF($CY$76=DE46, EF46, ""), "") | GF46: =CONCATENATE("0",GH46," - ",GI46) -> 06.3.1 - 20 | GG46: =CONCATENATE(GH46," ",GI46) -> 6.3.1 20 | GH46: 6.3.1 | GI46: 20 | GJ46: 13mm Cutter Replacement Premium | GK46: 13mm | GL46: 1 | GM46: EA | GN46: 413 | GO46: =SUMIF($ED$2:$ED$276,$GG46,$EE$2:$EE$276) -> 0 | GP46: 13mm | GQ46: Cutter Replacement Premium | GS46: =ROWS($GJ$20:GJ46) -> 27 | GT46: =IF($GO46<>0,$GS46,"")
G47: 4 1/2" | L47: 376796 | O47: 2 | P47: 871781 | Q47: 3 | R47: B1C1, B3C1 & B5C1 | S47: 8.5 | T47: MMD65H | U47: 1079481 | V47: B2 | W47: 4 | X47: 4 | Y47: 4 | Z47: 4 | AA47: 1 | BF47: =ROWS($U$46:U47) -> 2 | BG47: =IF(VALUE(SUBSTITUTE($B$5,"M",""))=U47,BF47,"") | BH47: =IFERROR(SMALL($BG$46:$BG$3014,ROWS($BG$46:BG47)),"") -> 1527 | BI47: =IFERROR(INDEX($O$46:$T$3015,$BH47:$BH58,COLUMNS($BE$46:BE47)),0) -> 2 | BJ47: =IFERROR(INDEX($O$46:$T$3015,$BH47:$BH58,COLUMNS($BE$46:BF47)),0) -> 418525 | BK47: =IFERROR(INDEX($O$46:$T$3015,$BH47:$BH58,COLUMNS($BE$46:BG47)),0) -> 10 | BL47: =IFERROR(INDEX($O$46:$T$3015,$BH47:$BH58,COLUMNS($BE$46:BH47)),0) -> 0 | BM47: =IFERROR(INDEX($O$46:$T$3015,$BH47:$BH58,COLUMNS($BE$46:BI47)),0) -> 6 1/8" | BN47: =IFERROR(INDEX($O$46:$T$3015,$BH47:$BH58,COLUMNS($BE$46:BJ47)),0) -> HD54 | BO47: =IFERROR(INDEX($O$46:$T$3015,$BH47:$BH58,COLUMNS($BE$46:BG47)),0) -> 10 | BQ47: B2 | BR47: =IFERROR(INDEX($W$46:$BE$3014,$BH47:$BH57,COLUMNS($BE$46:BE47)),"") -> 1 | BS47: =IFERROR(INDEX($W$46:$BE$3014,$BH47:$BH57,COLUMNS($BE$46:BF47)),"") -> 3 | BT47: =IFERROR(INDEX($W$46:$BE$3014,$BH47:$BH57,COLUMNS($BE$46:BG47)),"") -> 1 | BU47: =IFERROR(INDEX($W$46:$BE$3014,$BH47:$BH57,COLUMNS($BE$46:BH47)),"") -> 2 | BV47: =IFERROR(INDEX($W$46:$BE$3014,$BH47:$BH57,COLUMNS($BE$46:BI47)),"") -> 2 | BW47: =IFERROR(INDEX($W$46:$BE$3014,$BH47:$BH57,COLUMNS($BE$46:BJ47)),"") -> 0 | BX47: =IFERROR(INDEX($W$46:$BE$3014,$BH47:$BH57,COLUMNS($BE$46:BK47)),"") -> 0 | BY47: =IFERROR(INDEX($W$46:$BE$3014,$BH47:$BH57,COLUMNS($BE$46:BL47)),"") -> 0 | ... DA47: =IFERROR(INDEX($W$46:$BE$3014,$BH47:$BH57,COLUMNS($BE$46:CN47)),"") | DB47: 744015 | DD47: 20 | DE47: 729688 | DF47: 1308CT82 K 0.018" | DG47: =DR47 & " " & DL47 -> 1308 CT82 K 0.018" | DH47: 13 | DI47: 1308 | DJ47: CT82 | DK47: K | DL47: 0.018" | DM47: 72 | DN47: 0 | DO47: 360 | DR47: =DI47 & " " & DJ47 & " " & DK47 -> 1308 CT82 K | DS47: =DT47*1.3 -> 0 | DV47: S | DW47: 6.3.1 | DX47: 30 | DY47: 13mm Cutter Replacement Super Premium | DZ47: 13mm | EA47: 1 | EB47: EA | EC47: 480 | ED47: 6.3.1 30 | EE47: =SUMIF($G$12:$G$21,$DE47,$E$12:$E$21) -> 0 | EF47: =ROWS($DE$2:DE47) -> 46 | EG47: =IF($CY$60<>0,IF($CY$60=DE47,EF47,""),"") | EJ47: =IF($CY$61<>0,IF($CY$61=DE47,EF47,""),"") | EM47: =IF($CY$62<>0,IF($CY$62=DE47,EF47,""),"") | EP47: =IF($CY$63<>0,IF($CY$63=DE47,EF47,""),"") | ES47: =IF($CY$64<>0,IF($CY$64=DE47,EF47,""),"") | EV47: =IF($CY$65<>0,IF($CY$65=DE47,EF47,""),"") | EY47: =IF($CY$66<>0,IF($CY$66=DE47,EF47,""),"") | FB47: =IF($CY$67<>0,IF($CY$67=DE47,EF47,""),"") | FE47: =IF($CY$68<>0,IF($CY$68=DE47,EF47,""),"") | FH47: =IF($CY$69<>0,IF($CY$69=DE47,EF47,""),"") | FK47: =IF($CY$70<>0, IF($CY$70=DE47, EF47, ""), "") | FN47: =IF($CY$71<>0, IF($CY$71=DE47, EF47, ""), "") | FQ47: =IF($CY$72<>0, IF($CY$72=DE47, EF47, ""), "") | FT47: =IF($CY$73<>0, IF($CY$73=DE47, EF47, ""), "") | FW47: =IF($CY$74<>0, IF($CY$74=DE47, EF47, ""), "") | FZ47: =IF($CY$75<>0, IF($CY$75=DE47, EF47, ""), "") | GC47: =IF($CY$76<>0, IF($CY$76=DE47, EF47, ""), "") | GF47: =CONCATENATE("0",GH47," - ",GI47) -> 06.3.1 - 30 | GG47: =CONCATENATE(GH47," ",GI47) -> 6.3.1 30 | GH47: 6.3.1 | GI47: 30 | GJ47: 13mm Cutter Replacement Super Premium | GK47: 13mm | GL47: 1 | GM47: EA | GN47: 480 | GO47: =SUMIF($ED$2:$ED$276,$GG47,$EE$2:$EE$276) -> 0 | GP47: 13mm | GQ47: Cutter Replacement Super Premium | GS47: =ROWS($GJ$20:GJ47) -> 28 | GT47: =IF($GO47<>0,$GS47,"")
C48: 0 | G48: 6 5/8" | L48: 412958 | O48: 3 | P48: 853550 | Q48: 3 | R48: B1C2, B3C2 & B5C2 | S48: 8.5 | T48: MMD65H | U48: 1079481 | V48: B3 | W48: 2 | X48: 3 | Y48: 4 | Z48: 4 | AA48: 4 | AB48: 4 | AC48: 4 | AD48: 1 | BF48: =ROWS($U$46:U48) -> 3 | BG48: =IF(VALUE(SUBSTITUTE($B$5,"M",""))=U48,BF48,"") | BH48: =IFERROR(SMALL($BG$46:$BG$3014,ROWS($BG$46:BG48)),"") -> 1528 | BI48: =IFERROR(INDEX($O$46:$T$3015,$BH48:$BH59,COLUMNS($BE$46:BE48)),0) -> 3 | BJ48: =IFERROR(INDEX($O$46:$T$3015,$BH48:$BH59,COLUMNS($BE$46:BF48)),0) -> 1209332 | BK48: =IFERROR(INDEX($O$46:$T$3015,$BH48:$BH59,COLUMNS($BE$46:BG48)),0) -> 7 | BL48: =IFERROR(INDEX($O$46:$T$3015,$BH48:$BH59,COLUMNS($BE$46:BH48)),0) -> 0 | BM48: =IFERROR(INDEX($O$46:$T$3015,$BH48:$BH59,COLUMNS($BE$46:BI48)),0) -> 6 1/8" | BN48: =IFERROR(INDEX($O$46:$T$3015,$BH48:$BH59,COLUMNS($BE$46:BJ48)),0) -> HD54 | BO48: =IFERROR(INDEX($O$46:$T$3015,$BH48:$BH59,COLUMNS($BE$46:BG48)),0) -> 7 | BQ48: B3 | BR48: =IFERROR(INDEX($W$46:$BE$3014,$BH48:$BH58,COLUMNS($BE$46:BE48)),"") -> 1 | BS48: =IFERROR(INDEX($W$46:$BE$3014,$BH48:$BH58,COLUMNS($BE$46:BF48)),"") -> 1 | BT48: =IFERROR(INDEX($W$46:$BE$3014,$BH48:$BH58,COLUMNS($BE$46:BG48)),"") -> 1 | BU48: =IFERROR(INDEX($W$46:$BE$3014,$BH48:$BH58,COLUMNS($BE$46:BH48)),"") -> 3 | BV48: =IFERROR(INDEX($W$46:$BE$3014,$BH48:$BH58,COLUMNS($BE$46:BI48)),"") -> 1 | BW48: =IFERROR(INDEX($W$46:$BE$3014,$BH48:$BH58,COLUMNS($BE$46:BJ48)),"") -> 2 | BX48: =IFERROR(INDEX($W$46:$BE$3014,$BH48:$BH58,COLUMNS($BE$46:BK48)),"") -> 2 | BY48: =IFERROR(INDEX($W$46:$BE$3014,$BH48:$BH58,COLUMNS($BE$46:BL48)),"") -> 0 | ... DA48: =IFERROR(INDEX($W$46:$BE$3014,$BH48:$BH58,COLUMNS($BE$46:CN48)),"") | DB48: 745171 | DD48: 41 | DE48: 729689 | DF48: 1313 CT82 .018" | DG48: =DR48 & " " & DL48 -> 1313 CT82 0.018" | DH48: 13 | DI48: 1313 | DJ48: CT82 | DL48: 0.018" | DM48: 64 | DN48: 0 | DO48: 360 | DR48: =DI48 & " " & DJ48 & " " & DK48 -> 1313 CT82 | DS48: =DT48*1.3 -> 0 | DU48: 250 | DV48: S | DW48: 6.3.1 | DX48: 30 | DY48: 13mm Cutter Replacement Super Premium | DZ48: 13mm | EA48: 1 | EB48: EA | EC48: 480 | ED48: 6.3.1 30 | EE48: =SUMIF($G$12:$G$21,$DE48,$E$12:$E$21) -> 0 | EF48: =ROWS($DE$2:DE48) -> 47 | EG48: =IF($CY$60<>0,IF($CY$60=DE48,EF48,""),"") | EJ48: =IF($CY$61<>0,IF($CY$61=DE48,EF48,""),"") | EM48: =IF($CY$62<>0,IF($CY$62=DE48,EF48,""),"") | EP48: =IF($CY$63<>0,IF($CY$63=DE48,EF48,""),"") | ES48: =IF($CY$64<>0,IF($CY$64=DE48,EF48,""),"") | EV48: =IF($CY$65<>0,IF($CY$65=DE48,EF48,""),"") | EY48: =IF($CY$66<>0,IF($CY$66=DE48,EF48,""),"") | FB48: =IF($CY$67<>0,IF($CY$67=DE48,EF48,""),"") | FE48: =IF($CY$68<>0,IF($CY$68=DE48,EF48,""),"") | FH48: =IF($CY$69<>0,IF($CY$69=DE48,EF48,""),"") | FK48: =IF($CY$70<>0, IF($CY$70=DE48, EF48, ""), "") | FN48: =IF($CY$71<>0, IF($CY$71=DE48, EF48, ""), "") | FQ48: =IF($CY$72<>0, IF($CY$72=DE48, EF48, ""), "") | FT48: =IF($CY$73<>0, IF($CY$73=DE48, EF48, ""), "") | FW48: =IF($CY$74<>0, IF($CY$74=DE48, EF48, ""), "") | FZ48: =IF($CY$75<>0, IF($CY$75=DE48, EF48, ""), "") | GC48: =IF($CY$76<>0, IF($CY$76=DE48, EF48, ""), "") | GF48: =CONCATENATE("0",GH48," - ",GI48) -> 06.3.1 - 40 | GG48: =CONCATENATE(GH48," ",GI48) -> 6.3.1 40 | GH48: 6.3.1 | GI48: 40 | GJ48: 13mm Cutter Replacement Other | GK48: 13mm | GL48: 1 | GM48: EA | GN48: 333 | GO48: =SUMIF($ED$2:$ED$276,$GG48,$EE$2:$EE$276) -> 0 | GP48: 13mm | GQ48: Cutter Replacement Other | GS48: =ROWS($GJ$20:GJ48) -> 29 | GT48: =IF($GO48<>0,$GS48,"")
C49: 7 | G49: 7 5/8" | L49: 508149 | O49: 4 | P49: 853551 | Q49: 28 | S49: 8.5 | T49: MMD65H | U49: 1079481 | V49: B4 | W49: 4 | X49: 4 | Y49: 4 | Z49: 4 | AA49: 4 | AB49: 1 | BF49: =ROWS($U$46:U49) -> 4 | BG49: =IF(VALUE(SUBSTITUTE($B$5,"M",""))=U49,BF49,"") | BH49: =IFERROR(SMALL($BG$46:$BG$3014,ROWS($BG$46:BG49)),"") -> 1529 | BI49: =IFERROR(INDEX($O$46:$T$3015,$BH49:$BH60,COLUMNS($BE$46:BE49)),0) -> 0 | BJ49: =IFERROR(INDEX($O$46:$T$3015,$BH49:$BH60,COLUMNS($BE$46:BF49)),0) -> 0 | BK49: =IFERROR(INDEX($O$46:$T$3015,$BH49:$BH60,COLUMNS($BE$46:BG49)),0) -> 0 | BL49: =IFERROR(INDEX($O$46:$T$3015,$BH49:$BH60,COLUMNS($BE$46:BH49)),0) -> 0 | BM49: =IFERROR(INDEX($O$46:$T$3015,$BH49:$BH60,COLUMNS($BE$46:BI49)),0) -> 6 1/8" | BN49: =IFERROR(INDEX($O$46:$T$3015,$BH49:$BH60,COLUMNS($BE$46:BJ49)),0) -> HD54 | BO49: =IFERROR(INDEX($O$46:$T$3015,$BH49:$BH60,COLUMNS($BE$46:BG49)),0) -> 0 | BQ49: B4 | BR49: =IFERROR(INDEX($W$46:$BE$3014,$BH49:$BH59,COLUMNS($BE$46:BE49)),"") -> 1 | BS49: =IFERROR(INDEX($W$46:$BE$3014,$BH49:$BH59,COLUMNS($BE$46:BF49)),"") -> 1 | BT49: =IFERROR(INDEX($W$46:$BE$3014,$BH49:$BH59,COLUMNS($BE$46:BG49)),"") -> 1 | BU49: =IFERROR(INDEX($W$46:$BE$3014,$BH49:$BH59,COLUMNS($BE$46:BH49)),"") -> 3 | BV49: =IFERROR(INDEX($W$46:$BE$3014,$BH49:$BH59,COLUMNS($BE$46:BI49)),"") -> 1 | BW49: =IFERROR(INDEX($W$46:$BE$3014,$BH49:$BH59,COLUMNS($BE$46:BJ49)),"") -> 1 | BX49: =IFERROR(INDEX($W$46:$BE$3014,$BH49:$BH59,COLUMNS($BE$46:BK49)),"") -> 2 | BY49: =IFERROR(INDEX($W$46:$BE$3014,$BH49:$BH59,COLUMNS($BE$46:BL49)),"") -> 2 | ... DA49: =IFERROR(INDEX($W$46:$BE$3014,$BH49:$BH59,COLUMNS($BE$46:CN49)),"") | DB49: 745338 | DD49: 45 | DE49: 729690 | DF49: 1608 CT82 .018'' | DG49: =DR49 & " " & DL49 -> 1608 CT82 0.018" | DH49: 16 | DI49: 1608 | DJ49: CT82 | DL49: 0.018" | DM49: 46 | DN49: 0 | DO49: 497 | DR49: =DI49 & " " & DJ49 & " " & DK49 -> 1608 CT82 | DS49: =DT49*1.3 -> 0 | DV49: S | DW49: 6.4.1 | DX49: 30 | DY49: 16mm Cutter Replacement Super Premium | DZ49: 16mm | EA49: 1 | EB49: EA | EC49: 662 | ED49: 6.4.1 30 | EE49: =SUMIF($G$12:$G$21,$DE49,$E$12:$E$21) -> 0 | EF49: =ROWS($DE$2:DE49) -> 48 | EG49: =IF($CY$60<>0,IF($CY$60=DE49,EF49,""),"") | EJ49: =IF($CY$61<>0,IF($CY$61=DE49,EF49,""),"") | EM49: =IF($CY$62<>0,IF($CY$62=DE49,EF49,""),"") | EP49: =IF($CY$63<>0,IF($CY$63=DE49,EF49,""),"") | ES49: =IF($CY$64<>0,IF($CY$64=DE49,EF49,""),"") | EV49: =IF($CY$65<>0,IF($CY$65=DE49,EF49,""),"") | EY49: =IF($CY$66<>0,IF($CY$66=DE49,EF49,""),"") | FB49: =IF($CY$67<>0,IF($CY$67=DE49,EF49,""),"") | FE49: =IF($CY$68<>0,IF($CY$68=DE49,EF49,""),"") | FH49: =IF($CY$69<>0,IF($CY$69=DE49,EF49,""),"") | FK49: =IF($CY$70<>0, IF($CY$70=DE49, EF49, ""), "") | FN49: =IF($CY$71<>0, IF($CY$71=DE49, EF49, ""), "") | FQ49: =IF($CY$72<>0, IF($CY$72=DE49, EF49, ""), "") | FT49: =IF($CY$73<>0, IF($CY$73=DE49, EF49, ""), "") | FW49: =IF($CY$74<>0, IF($CY$74=DE49, EF49, ""), "") | FZ49: =IF($CY$75<>0, IF($CY$75=DE49, EF49, ""), "") | GC49: =IF($CY$76<>0, IF($CY$76=DE49, EF49, ""), "") | GF49: =CONCATENATE("0",GH49," - ",GI49) -> 06.3.1 - 50 | GG49: =CONCATENATE(GH49," ",GI49) -> 6.3.1 50 | GH49: 6.3.1 | GI49: 50 | GJ49: 13mm Cutter Replacement Depth of Cut Control Elements/Impact Arrestor-Diamond | GK49: 13mm | GL49: 1 | GM49: EA | GN49: 202 | GO49: =SUMIF($ED$2:$ED$276,$GG49,$EE$2:$EE$276) -> 0 | GP49: 13mm | GQ49: Cutter Replacement Depth of Cut Control Elements/Impact Arrestor-Diamond | GS49: =ROWS($GJ$20:GJ49) -> 30 | GT49: =IF($GO49<>0,$GS49,"")
C50: 9 | G50: 8 5/8" | L50: 549372 | S50: 8.5 | T50: MMD65H | U50: 1079481 | V50: B5 | W50: 2 | X50: 3 | Y50: 4 | Z50: 4 | AA50: 4 | AB50: 4 | AC50: 4 | AD50: 1 | BF50: =ROWS($U$46:U50) -> 5 | BG50: =IF(VALUE(SUBSTITUTE($B$5,"M",""))=U50,BF50,"") | BH50: =IFERROR(SMALL($BG$46:$BG$3014,ROWS($BG$46:BG50)),"") -> 1530 | BI50: =IFERROR(INDEX($O$46:$T$3015,$BH50:$BH61,COLUMNS($BE$46:BE50)),0) -> 0 | BJ50: =IFERROR(INDEX($O$46:$T$3015,$BH50:$BH61,COLUMNS($BE$46:BF50)),0) -> 0 | BK50: =IFERROR(INDEX($O$46:$T$3015,$BH50:$BH61,COLUMNS($BE$46:BG50)),0) -> 0 | BL50: =IFERROR(INDEX($O$46:$T$3015,$BH50:$BH61,COLUMNS($BE$46:BH50)),0) -> 0 | BM50: =IFERROR(INDEX($O$46:$T$3015,$BH50:$BH61,COLUMNS($BE$46:BI50)),0) -> 6 1/8" | BN50: =IFERROR(INDEX($O$46:$T$3015,$BH50:$BH61,COLUMNS($BE$46:BJ50)),0) -> HD54 | BO50: =IFERROR(INDEX($O$46:$T$3015,$BH50:$BH61,COLUMNS($BE$46:BG50)),0) -> 0 | BQ50: B5 | BR50: =IFERROR(INDEX($W$46:$BE$3014,$BH50:$BH60,COLUMNS($BE$46:BE50)),"") -> 3 | BS50: =IFERROR(INDEX($W$46:$BE$3014,$BH50:$BH60,COLUMNS($BE$46:BF50)),"") -> 3 | BT50: =IFERROR(INDEX($W$46:$BE$3014,$BH50:$BH60,COLUMNS($BE$46:BG50)),"") -> 1 | BU50: =IFERROR(INDEX($W$46:$BE$3014,$BH50:$BH60,COLUMNS($BE$46:BH50)),"") -> 2 | BV50: =IFERROR(INDEX($W$46:$BE$3014,$BH50:$BH60,COLUMNS($BE$46:BI50)),"") -> 2 | BW50: =IFERROR(INDEX($W$46:$BE$3014,$BH50:$BH60,COLUMNS($BE$46:BJ50)),"") -> 0 | BX50: =IFERROR(INDEX($W$46:$BE$3014,$BH50:$BH60,COLUMNS($BE$46:BK50)),"") -> 0 | BY50: =IFERROR(INDEX($W$46:$BE$3014,$BH50:$BH60,COLUMNS($BE$46:BL50)),"") -> 0 | ... DA50: =IFERROR(INDEX($W$46:$BE$3014,$BH50:$BH60,COLUMNS($BE$46:CN50)),"") | DB50: 745573 | DD50: 21 | DE50: 729691 | DF50: 1613 CT82 0.018 | DG50: =DR50 & " " & DL50 -> 1613 CT82 0.018" | DH50: 16 | DI50: 1613 | DJ50: CT82 | DL50: 0.018" | DM50: 88 | DN50: 158 | DO50: 497 | DR50: =DI50 & " " & DJ50 & " " & DK50 -> 1613 CT82 | DS50: =DT50*1.3 -> 261.3 | DT50: 201 | DU50: 300 | DV50: S | DW50: 6.4.1 | DX50: 30 | DY50: 16mm Cutter Replacement Super Premium | DZ50: 16mm | EA50: 1 | EB50: EA | EC50: 662 | ED50: 6.4.1 30 | EE50: =SUMIF($G$12:$G$21,$DE50,$E$12:$E$21) -> 0 | EF50: =ROWS($DE$2:DE50) -> 49 | EG50: =IF($CY$60<>0,IF($CY$60=DE50,EF50,""),"") | EJ50: =IF($CY$61<>0,IF($CY$61=DE50,EF50,""),"") | EM50: =IF($CY$62<>0,IF($CY$62=DE50,EF50,""),"") | EP50: =IF($CY$63<>0,IF($CY$63=DE50,EF50,""),"") | ES50: =IF($CY$64<>0,IF($CY$64=DE50,EF50,""),"") | EV50: =IF($CY$65<>0,IF($CY$65=DE50,EF50,""),"") | EY50: =IF($CY$66<>0,IF($CY$66=DE50,EF50,""),"") | FB50: =IF($CY$67<>0,IF($CY$67=DE50,EF50,""),"") | FE50: =IF($CY$68<>0,IF($CY$68=DE50,EF50,""),"") | FH50: =IF($CY$69<>0,IF($CY$69=DE50,EF50,""),"") | FK50: =IF($CY$70<>0, IF($CY$70=DE50, EF50, ""), "") | FN50: =IF($CY$71<>0, IF($CY$71=DE50, EF50, ""), "") | FQ50: =IF($CY$72<>0, IF($CY$72=DE50, EF50, ""), "") | FT50: =IF($CY$73<>0, IF($CY$73=DE50, EF50, ""), "") | FW50: =IF($CY$74<>0, IF($CY$74=DE50, EF50, ""), "") | FZ50: =IF($CY$75<>0, IF($CY$75=DE50, EF50, ""), "") | GC50: =IF($CY$76<>0, IF($CY$76=DE50, EF50, ""), "") | GF50: =CONCATENATE("0",GH50," - ",GI50) -> 06.3.1 - 60 | GG50: =CONCATENATE(GH50," ",GI50) -> 6.3.1 60 | GH50: 6.3.1 | GI50: 60 | GJ50: 13mm Cutter Replacement Depth of Cut Control Elements/Impact Arrestor-Carbide | GK50: 13mm | GL50: 1 | GM50: EA | GN50: 135 | GO50: =SUMIF($ED$2:$ED$276,$GG50,$EE$2:$EE$276) -> 0 | GP50: 13mm | GQ50: Cutter Replacement Depth of Cut Control Elements/Impact Arrestor-Carbide | GS50: =ROWS($GJ$20:GJ50) -> 31 | GT50: =IF($GO50<>0,$GS50,"")
C51: 15 | F51: ARAMCO U.S.R. COST | H51: LSTK U.S.R. COST | L51: 616958 | S51: 8.5 | T51: MMD65H | U51: 1079481 | V51: B6 | W51: 4 | X51: 4 | Y51: 4 | Z51: 4 | AA51: 1 | BF51: =ROWS($U$46:U51) -> 6 | BG51: =IF(VALUE(SUBSTITUTE($B$5,"M",""))=U51,BF51,"") | BH51: =IFERROR(SMALL($BG$46:$BG$3014,ROWS($BG$46:BG51)),"") | BI51: =IFERROR(INDEX($O$46:$T$3015,$BH51:$BH62,COLUMNS($BE$46:BE51)),0) -> 0 | BJ51: =IFERROR(INDEX($O$46:$T$3015,$BH51:$BH62,COLUMNS($BE$46:BF51)),0) -> 0 | BK51: =IFERROR(INDEX($O$46:$T$3015,$BH51:$BH62,COLUMNS($BE$46:BG51)),0) -> 0 | BL51: =IFERROR(INDEX($O$46:$T$3015,$BH51:$BH62,COLUMNS($BE$46:BH51)),0) -> 0 | BM51: =IFERROR(INDEX($O$46:$T$3015,$BH51:$BH62,COLUMNS($BE$46:BI51)),0) -> 0 | BN51: =IFERROR(INDEX($O$46:$T$3015,$BH51:$BH62,COLUMNS($BE$46:BJ51)),0) -> 0 | BO51: =IFERROR(INDEX($O$46:$T$3015,$BH51:$BH62,COLUMNS($BE$46:BG51)),0) -> 0 | BQ51: B6 | BR51: =IFERROR(INDEX($W$46:$BE$3014,$BH51:$BH61,COLUMNS($BE$46:BE51)),"") | BS51: =IFERROR(INDEX($W$46:$BE$3014,$BH51:$BH61,COLUMNS($BE$46:BF51)),"") | BT51: =IFERROR(INDEX($W$46:$BE$3014,$BH51:$BH61,COLUMNS($BE$46:BG51)),"") | BU51: =IFERROR(INDEX($W$46:$BE$3014,$BH51:$BH61,COLUMNS($BE$46:BH51)),"") | BV51: =IFERROR(INDEX($W$46:$BE$3014,$BH51:$BH61,COLUMNS($BE$46:BI51)),"") | BW51: =IFERROR(INDEX($W$46:$BE$3014,$BH51:$BH61,COLUMNS($BE$46:BJ51)),"") | BX51: =IFERROR(INDEX($W$46:$BE$3014,$BH51:$BH61,COLUMNS($BE$46:BK51)),"") | BY51: =IFERROR(INDEX($W$46:$BE$3014,$BH51:$BH61,COLUMNS($BE$46:BL51)),"") | ... DA51: =IFERROR(INDEX($W$46:$BE$3014,$BH51:$BH61,COLUMNS($BE$46:CN51)),"") | DB51: 745576 | DD51: 42 | DE51: 742473 | DF51: 1308 CT91 .010" | DG51: =DR51 & " " & DL51 -> 1308 CT91 0.010" | DH51: 13 | DI51: 1308 | DJ51: CT91 | DL51: 0.010" | DM51: 71 | DN51: 0 | DO51: 360 | DR51: =DI51 & " " & DJ51 & " " & DK51 -> 1308 CT91 | DS51: =DT51*1.3 -> 0 | DV51: B | DW51: 6.3.1 | DX51: 10 | DY51: 13mm Cutter Replacement Standard | DZ51: 13mm | EA51: 1 | EB51: EA | EC51: 345 | ED51: 6.3.1 10 | EE51: =SUMIF($G$12:$G$21,$DE51,$E$12:$E$21) -> 0 | EF51: =ROWS($DE$2:DE51) -> 50 | EG51: =IF($CY$60<>0,IF($CY$60=DE51,EF51,""),"") | EJ51: =IF($CY$61<>0,IF($CY$61=DE51,EF51,""),"") | EM51: =IF($CY$62<>0,IF($CY$62=DE51,EF51,""),"") | EP51: =IF($CY$63<>0,IF($CY$63=DE51,EF51,""),"") | ES51: =IF($CY$64<>0,IF($CY$64=DE51,EF51,""),"") | EV51: =IF($CY$65<>0,IF($CY$65=DE51,EF51,""),"") | EY51: =IF($CY$66<>0,IF($CY$66=DE51,EF51,""),"") | FB51: =IF($CY$67<>0,IF($CY$67=DE51,EF51,""),"") | FE51: =IF($CY$68<>0,IF($CY$68=DE51,EF51,""),"") | FH51: =IF($CY$69<>0,IF($CY$69=DE51,EF51,""),"") | FK51: =IF($CY$70<>0, IF($CY$70=DE51, EF51, ""), "") | FN51: =IF($CY$71<>0, IF($CY$71=DE51, EF51, ""), "") | FQ51: =IF($CY$72<>0, IF($CY$72=DE51, EF51, ""), "") | FT51: =IF($CY$73<>0, IF($CY$73=DE51, EF51, ""), "") | FW51: =IF($CY$74<>0, IF($CY$74=DE51, EF51, ""), "") | FZ51: =IF($CY$75<>0, IF($CY$75=DE51, EF51, ""), "") | GC51: =IF($CY$76<>0, IF($CY$76=DE51, EF51, ""), "") | GF51: =CONCATENATE("0",GH51," - ",GI51) -> 06.4.1 - 10 | GG51: =CONCATENATE(GH51," ",GI51) -> 6.4.1 10 | GH51: 6.4.1 | GI51: 10 | GJ51: 16mm Cutter Replacement Standard | GK51: 16mm | GL51: 1 | GM51: EA | GN51: 490 | GO51: =SUMIF($ED$2:$ED$276,$GG51,$EE$2:$EE$276) -> 0 | GP51: 16mm | GQ51: Cutter Replacement Standard | GS51: =ROWS($GJ$20:GJ51) -> 32 | GT51: =IF($GO51<>0,$GS51,"")
F52: =IFERROR(INDEX($GN$63:$GN$69,MATCH(E31,$GK$63:$GK$69,0),1),0) -> 0 | H52: =IFERROR(INDEX(H54:H60,MATCH(E31,F54:F60,0),1),0) -> 0 | L52: 639070 | O52: 1 | P52: 871781 | Q52: 6 | S52: 6.125 | T52: MM64R | U52: 874733 | V52: B1 | W52: 3 | X52: 2 | Y52: 2 | Z52: 2 | AA52: 2 | AB52: 2 | AC52: 1 | AE52: 4 | AF52: 4 | BF52: =ROWS($U$46:U52) -> 7 | BG52: =IF(VALUE(SUBSTITUTE($B$5,"M",""))=U52,BF52,"") | BH52: =IFERROR(SMALL($BG$46:$BG$3014,ROWS($BG$46:BG52)),"") | BI52: =IFERROR(INDEX($O$46:$T$3015,$BH52:$BH63,COLUMNS($BE$46:BE52)),0) -> 0 | BJ52: =IFERROR(INDEX($O$46:$T$3015,$BH52:$BH63,COLUMNS($BE$46:BF52)),0) -> 0 | BK52: =IFERROR(INDEX($O$46:$T$3015,$BH52:$BH63,COLUMNS($BE$46:BG52)),0) -> 0 | BL52: =IFERROR(INDEX($O$46:$T$3015,$BH52:$BH63,COLUMNS($BE$46:BH52)),0) -> 0 | BM52: =IFERROR(INDEX($O$46:$T$3015,$BH52:$BH63,COLUMNS($BE$46:BI52)),0) -> 0 | BN52: =IFERROR(INDEX($O$46:$T$3015,$BH52:$BH63,COLUMNS($BE$46:BJ52)),0) -> 0 | BO52: =IFERROR(INDEX($O$46:$T$3015,$BH52:$BH63,COLUMNS($BE$46:BG52)),0) -> 0 | BQ52: B7 | BR52: =IFERROR(INDEX($W$46:$BE$3014,$BH52:$BH62,COLUMNS($BE$46:BE52)),"") | BS52: =IFERROR(INDEX($W$46:$BE$3014,$BH52:$BH62,COLUMNS($BE$46:BF52)),"") | BT52: =IFERROR(INDEX($W$46:$BE$3014,$BH52:$BH62,COLUMNS($BE$46:BG52)),"") | BU52: =IFERROR(INDEX($W$46:$BE$3014,$BH52:$BH62,COLUMNS($BE$46:BH52)),"") | BV52: =IFERROR(INDEX($W$46:$BE$3014,$BH52:$BH62,COLUMNS($BE$46:BI52)),"") | BW52: =IFERROR(INDEX($W$46:$BE$3014,$BH52:$BH62,COLUMNS($BE$46:BJ52)),"") | BX52: =IFERROR(INDEX($W$46:$BE$3014,$BH52:$BH62,COLUMNS($BE$46:BK52)),"") | BY52: =IFERROR(INDEX($W$46:$BE$3014,$BH52:$BH62,COLUMNS($BE$46:BL52)),"") | ... DA52: =IFERROR(INDEX($W$46:$BE$3014,$BH52:$BH62,COLUMNS($BE$46:CN52)),"") | DB52: 752294 | DD52: 43 | DE52: 742617 | DF52: 1308 CT91 .018" | DG52: =DR52 & " " & DL52 -> 1308 CT91 0.018" | DH52: 13 | DI52: 1308 | DJ52: CT91 | DL52: 0.018" | DM52: 46 | DN52: 0 | DO52: 360 | DR52: =DI52 & " " & DJ52 & " " & DK52 -> 1308 CT91 | DS52: =DT52*1.3 -> 164.84 | DT52: 126.8 | DV52: B | DW52: 6.3.1 | DX52: 10 | DY52: 13mm Cutter Replacement Standard | DZ52: 13mm | EA52: 1 | EB52: EA | EC52: 345 | ED52: 6.3.1 10 | EE52: =SUMIF($G$12:$G$21,$DE52,$E$12:$E$21) -> 0 | EF52: =ROWS($DE$2:DE52) -> 51 | EG52: =IF($CY$60<>0,IF($CY$60=DE52,EF52,""),"") | EJ52: =IF($CY$61<>0,IF($CY$61=DE52,EF52,""),"") | EM52: =IF($CY$62<>0,IF($CY$62=DE52,EF52,""),"") | EP52: =IF($CY$63<>0,IF($CY$63=DE52,EF52,""),"") | ES52: =IF($CY$64<>0,IF($CY$64=DE52,EF52,""),"") | EV52: =IF($CY$65<>0,IF($CY$65=DE52,EF52,""),"") | EY52: =IF($CY$66<>0,IF($CY$66=DE52,EF52,""),"") | FB52: =IF($CY$67<>0,IF($CY$67=DE52,EF52,""),"") | FE52: =IF($CY$68<>0,IF($CY$68=DE52,EF52,""),"") | FH52: =IF($CY$69<>0,IF($CY$69=DE52,EF52,""),"") | FK52: =IF($CY$70<>0, IF($CY$70=DE52, EF52, ""), "") | FN52: =IF($CY$71<>0, IF($CY$71=DE52, EF52, ""), "") | FQ52: =IF($CY$72<>0, IF($CY$72=DE52, EF52, ""), "") | FT52: =IF($CY$73<>0, IF($CY$73=DE52, EF52, ""), "") | FW52: =IF($CY$74<>0, IF($CY$74=DE52, EF52, ""), "") | FZ52: =IF($CY$75<>0, IF($CY$75=DE52, EF52, ""), "") | GC52: =IF($CY$76<>0, IF($CY$76=DE52, EF52, ""), "") | GF52: =CONCATENATE("0",GH52," - ",GI52) -> 06.4.1 - 20 | GG52: =CONCATENATE(GH52," ",GI52) -> 6.4.1 20 | GH52: 6.4.1 | GI52: 20 | GJ52: 16mm Cutter Replacement Premium | GK52: 16mm | GL52: 1 | GM52: EA | GN52: 545 | GO52: =SUMIF($ED$2:$ED$276,$GG52,$EE$2:$EE$276) -> 0 | GP52: 16mm | GQ52: Cutter Replacement Premium | GS52: =ROWS($GJ$20:GJ52) -> 33 | GT52: =IF($GO52<>0,$GS52,"")
B53: Result in Repair | C53: =IFERROR(IF(VALUE(SUBSTITUTE(B43,"""",""))<2,0,IF(VALUE(SUBSTITUTE(B43,"""",""))="",0,IF(AND(VALUE(SUBSTITUTE(B43,"""",""))>=C48,VALUE(SUBSTITUTE(B43,"""",""))<C49),C56,(IF(AND(VALUE(SUBSTITUTE(B43,"""",""))>=C49,VALUE(SUBSTITUTE(B43,"""",""))<C50),C57,(IF(AND(VALUE(SUBSTITUTE(B43,"""",""))>=C50,VALUE(SUBSTITUTE(B43,"""",""))<C51),C58,C59))))))),0) -> 4121 | D53: =IFERROR(IF(VALUE(SUBSTITUTE(B43,"""",""))<2,0,IF(VALUE(SUBSTITUTE(B43,"""",""))="",0,IF(AND(VALUE(SUBSTITUTE(B43,"""",""))>=C48,VALUE(SUBSTITUTE(B43,"""",""))<C49),D56,(IF(AND(VALUE(SUBSTITUTE(B43,"""",""))>=C49,VALUE(SUBSTITUTE(B43,"""",""))<C50),D57,(IF(AND(VALUE(SUBSTITUTE(B43,"""",""))>=C50,VALUE(SUBSTITUTE(B43,"""",""))<C51),D58,D59))))))),0) -> 1 | L53: 648918 | O53: 2 | P53: 729689 | Q53: 23 | S53: 6.125 | T53: MM64R | U53: 874733 | V53: B2 | W53: 2 | X53: 2 | Y53: 2 | Z53: 1 | AE53: 4 | AF53: 4 | BF53: =ROWS($U$46:U53) -> 8 | BG53: =IF(VALUE(SUBSTITUTE($B$5,"M",""))=U53,BF53,"") | BH53: =IFERROR(SMALL($BG$46:$BG$3014,ROWS($BG$46:BG53)),"") | BI53: =IFERROR(INDEX($O$46:$T$3015,$BH53:$BH64,COLUMNS($BE$46:BE53)),0) -> 0 | BJ53: =IFERROR(INDEX($O$46:$T$3015,$BH53:$BH64,COLUMNS($BE$46:BF53)),0) -> 0 | BK53: =IFERROR(INDEX($O$46:$T$3015,$BH53:$BH64,COLUMNS($BE$46:BG53)),0) -> 0 | BL53: =IFERROR(INDEX($O$46:$T$3015,$BH53:$BH64,COLUMNS($BE$46:BH53)),0) -> 0 | BM53: =IFERROR(INDEX($O$46:$T$3015,$BH53:$BH64,COLUMNS($BE$46:BI53)),0) -> 0 | BN53: =IFERROR(INDEX($O$46:$T$3015,$BH53:$BH64,COLUMNS($BE$46:BJ53)),0) -> 0 | BO53: =IFERROR(INDEX($O$46:$T$3015,$BH53:$BH64,COLUMNS($BE$46:BG53)),0) -> 0 | BQ53: B8 | BR53: =IFERROR(INDEX($W$46:$BE$3014,$BH53:$BH63,COLUMNS($BE$46:BE53)),"") | BS53: =IFERROR(INDEX($W$46:$BE$3014,$BH53:$BH63,COLUMNS($BE$46:BF53)),"") | BT53: =IFERROR(INDEX($W$46:$BE$3014,$BH53:$BH63,COLUMNS($BE$46:BG53)),"") | BU53: =IFERROR(INDEX($W$46:$BE$3014,$BH53:$BH63,COLUMNS($BE$46:BH53)),"") | BV53: =IFERROR(INDEX($W$46:$BE$3014,$BH53:$BH63,COLUMNS($BE$46:BI53)),"") | BW53: =IFERROR(INDEX($W$46:$BE$3014,$BH53:$BH63,COLUMNS($BE$46:BJ53)),"") | BX53: =IFERROR(INDEX($W$46:$BE$3014,$BH53:$BH63,COLUMNS($BE$46:BK53)),"") | BY53: =IFERROR(INDEX($W$46:$BE$3014,$BH53:$BH63,COLUMNS($BE$46:BL53)),"") | ... DA53: =IFERROR(INDEX($W$46:$BE$3014,$BH53:$BH63,COLUMNS($BE$46:CN53)),"") | DB53: 752555 | DD53: 50 | DE53: 744015 | DF53: 1613 CT81 0.018'' | DG53: =DR53 & " " & DL53 -> 1613 CT81 0.018" | DH53: 16 | DI53: 1613 | DJ53: CT81 | DL53: 0.018" | DM53: 155 | DN53: 5 | DO53: 497 | DR53: =DI53 & " " & DJ53 & " " & DK53 -> 1613 CT81 | DS53: =DT53*1.3 -> 213.772 | DT53: 164.44 | DV53: P | DW53: 6.4.1 | DX53: 20 | DY53: 16mm Cutter Replacement Premium | DZ53: 16mm | EA53: 1 | EB53: EA | EC53: 545 | ED53: 6.4.1 20 | EE53: =SUMIF($G$12:$G$21,$DE53,$E$12:$E$21) -> 0 | EF53: =ROWS($DE$2:DE53) -> 52 | EG53: =IF($CY$60<>0,IF($CY$60=DE53,EF53,""),"") | EJ53: =IF($CY$61<>0,IF($CY$61=DE53,EF53,""),"") | EM53: =IF($CY$62<>0,IF($CY$62=DE53,EF53,""),"") | EP53: =IF($CY$63<>0,IF($CY$63=DE53,EF53,""),"") | ES53: =IF($CY$64<>0,IF($CY$64=DE53,EF53,""),"") | EV53: =IF($CY$65<>0,IF($CY$65=DE53,EF53,""),"") | EY53: =IF($CY$66<>0,IF($CY$66=DE53,EF53,""),"") | FB53: =IF($CY$67<>0,IF($CY$67=DE53,EF53,""),"") | FE53: =IF($CY$68<>0,IF($CY$68=DE53,EF53,""),"") | FH53: =IF($CY$69<>0,IF($CY$69=DE53,EF53,""),"") | FK53: =IF($CY$70<>0, IF($CY$70=DE53, EF53, ""), "") | FN53: =IF($CY$71<>0, IF($CY$71=DE53, EF53, ""), "") | FQ53: =IF($CY$72<>0, IF($CY$72=DE53, EF53, ""), "") | FT53: =IF($CY$73<>0, IF($CY$73=DE53, EF53, ""), "") | FW53: =IF($CY$74<>0, IF($CY$74=DE53, EF53, ""), "") | FZ53: =IF($CY$75<>0, IF($CY$75=DE53, EF53, ""), "") | GC53: =IF($CY$76<>0, IF($CY$76=DE53, EF53, ""), "") | GF53: =CONCATENATE("0",GH53," - ",GI53) -> 06.4.1 - 30 | GG53: =CONCATENATE(GH53," ",GI53) -> 6.4.1 30 | GH53: 6.4.1 | GI53: 30 | GJ53: 16mm Cutter Replacement Super Premium | GK53: 16mm | GL53: 1 | GM53: EA | GN53: 662 | GO53: =SUMIF($ED$2:$ED$276,$GG53,$EE$2:$EE$276) -> 0 | GP53: 16mm | GQ53: Cutter Replacement Super Premium | GS53: =ROWS($GJ$20:GJ53) -> 34 | GT53: =IF($GO53<>0,$GS53,"")
F54: 2 3/8" | G54: 1 | H54: 0 | L54: 649706 | O54: 3 | P54: 729688 | Q54: 3 | S54: 6.125 | T54: MM64R | U54: 874733 | V54: B3 | W54: 3 | X54: 2 | Y54: 2 | Z54: 2 | AA54: 2 | AB54: 1 | AE54: 4 | AF54: 4 | BF54: =ROWS($U$46:U54) -> 9 | BG54: =IF(VALUE(SUBSTITUTE($B$5,"M",""))=U54,BF54,"") | BH54: =IFERROR(SMALL($BG$46:$BG$3014,ROWS($BG$46:BG54)),"") | BI54: =IFERROR(INDEX($O$46:$T$3015,$BH54:$BH65,COLUMNS($BE$46:BE54)),0) -> 0 | BJ54: =IFERROR(INDEX($O$46:$T$3015,$BH54:$BH65,COLUMNS($BE$46:BF54)),0) -> 0 | BK54: =IFERROR(INDEX($O$46:$T$3015,$BH54:$BH65,COLUMNS($BE$46:BG54)),0) -> 0 | BL54: =IFERROR(INDEX($O$46:$T$3015,$BH54:$BH65,COLUMNS($BE$46:BH54)),0) -> 0 | BM54: =IFERROR(INDEX($O$46:$T$3015,$BH54:$BH65,COLUMNS($BE$46:BI54)),0) -> 0 | BN54: =IFERROR(INDEX($O$46:$T$3015,$BH54:$BH65,COLUMNS($BE$46:BJ54)),0) -> 0 | BO54: =IFERROR(INDEX($O$46:$T$3015,$BH54:$BH65,COLUMNS($BE$46:BG54)),0) -> 0 | BQ54: B9 | BR54: =IFERROR(INDEX($W$46:$BE$3014,$BH54:$BH64,COLUMNS($BE$46:BE54)),"") | BS54: =IFERROR(INDEX($W$46:$BE$3014,$BH54:$BH64,COLUMNS($BE$46:BF54)),"") | BT54: =IFERROR(INDEX($W$46:$BE$3014,$BH54:$BH64,COLUMNS($BE$46:BG54)),"") | BU54: =IFERROR(INDEX($W$46:$BE$3014,$BH54:$BH64,COLUMNS($BE$46:BH54)),"") | BV54: =IFERROR(INDEX($W$46:$BE$3014,$BH54:$BH64,COLUMNS($BE$46:BI54)),"") | BW54: =IFERROR(INDEX($W$46:$BE$3014,$BH54:$BH64,COLUMNS($BE$46:BJ54)),"") | BX54: =IFERROR(INDEX($W$46:$BE$3014,$BH54:$BH64,COLUMNS($BE$46:BK54)),"") | BY54: =IFERROR(INDEX($W$46:$BE$3014,$BH54:$BH64,COLUMNS($BE$46:BL54)),"") | ... DA54: =IFERROR(INDEX($W$46:$BE$3014,$BH54:$BH64,COLUMNS($BE$46:CN54)),"") | DB54: 752563 | DD54: 14 | DE54: 745171 | DF54: 1308CT80 0.010 | DG54: =DR54 & " " & DL54 -> 1308 CT80 0.010" | DH54: 13 | DI54: 1308 | DJ54: CT80 | DL54: 0.010" | DM54: 43 | DN54: 0 | DO54: 360 | DR54: =DI54 & " " & DJ54 & " " & DK54 -> 1308 CT80 | DS54: =DT54*1.3 -> 0 | DU54: 100 | DV54: B | DW54: 6.3.1 | DX54: 10 | DY54: 13mm Cutter Replacement Standard | DZ54: 13mm | EA54: 1 | EB54: EA | EC54: 345 | ED54: 6.3.1 10 | EE54: =SUMIF($G$12:$G$21,$DE54,$E$12:$E$21) -> 0 | EF54: =ROWS($DE$2:DE54) -> 53 | EG54: =IF($CY$60<>0,IF($CY$60=DE54,EF54,""),"") | EJ54: =IF($CY$61<>0,IF($CY$61=DE54,EF54,""),"") | EM54: =IF($CY$62<>0,IF($CY$62=DE54,EF54,""),"") | EP54: =IF($CY$63<>0,IF($CY$63=DE54,EF54,""),"") | ES54: =IF($CY$64<>0,IF($CY$64=DE54,EF54,""),"") | EV54: =IF($CY$65<>0,IF($CY$65=DE54,EF54,""),"") | EY54: =IF($CY$66<>0,IF($CY$66=DE54,EF54,""),"") | FB54: =IF($CY$67<>0,IF($CY$67=DE54,EF54,""),"") | FE54: =IF($CY$68<>0,IF($CY$68=DE54,EF54,""),"") | FH54: =IF($CY$69<>0,IF($CY$69=DE54,EF54,""),"") | FK54: =IF($CY$70<>0, IF($CY$70=DE54, EF54, ""), "") | FN54: =IF($CY$71<>0, IF($CY$71=DE54, EF54, ""), "") | FQ54: =IF($CY$72<>0, IF($CY$72=DE54, EF54, ""), "") | FT54: =IF($CY$73<>0, IF($CY$73=DE54, EF54, ""), "") | FW54: =IF($CY$74<>0, IF($CY$74=DE54, EF54, ""), "") | FZ54: =IF($CY$75<>0, IF($CY$75=DE54, EF54, ""), "") | GC54: =IF($CY$76<>0, IF($CY$76=DE54, EF54, ""), "") | GF54: =CONCATENATE("0",GH54," - ",GI54) -> 06.4.1 - 40 | GG54: =CONCATENATE(GH54," ",GI54) -> 6.4.1 40 | GH54: 6.4.1 | GI54: 40 | GJ54: 16mm Cutter Replacement Other | GK54: 16mm | GL54: 1 | GM54: EA | GN54: 333 | GO54: =SUMIF($ED$2:$ED$276,$GG54,$EE$2:$EE$276) -> 0 | GP54: 16mm | GQ54: Cutter Replacement Other | GS54: =ROWS($GJ$20:GJ54) -> 35 | GT54: =IF($GO54<>0,$GS54,"")
F55: 2 7/8" | G55: 2 | H55: 0 | L55: 657759 | O55: 4 | P55: 375538 | Q55: 12 | S55: 6.125 | T55: MM64R | U55: 874733 | V55: B4 | W55: 2 | X55: 2 | Y55: 2 | Z55: 1 | AE55: 4 | AF55: 4 | BF55: =ROWS($U$46:U55) -> 10 | BG55: =IF(VALUE(SUBSTITUTE($B$5,"M",""))=U55,BF55,"") | BH55: =IFERROR(SMALL($BG$46:$BG$3014,ROWS($BG$46:BG55)),"") | BI55: =IFERROR(INDEX($O$46:$T$3015,$BH55:$BH66,COLUMNS($BE$46:BE55)),0) -> 0 | BJ55: =IFERROR(INDEX($O$46:$T$3015,$BH55:$BH66,COLUMNS($BE$46:BF55)),0) -> 0 | BK55: =IFERROR(INDEX($O$46:$T$3015,$BH55:$BH66,COLUMNS($BE$46:BG55)),0) -> 0 | BL55: =IFERROR(INDEX($O$46:$T$3015,$BH55:$BH66,COLUMNS($BE$46:BH55)),0) -> 0 | BM55: =IFERROR(INDEX($O$46:$T$3015,$BH55:$BH66,COLUMNS($BE$46:BI55)),0) -> 0 | BN55: =IFERROR(INDEX($O$46:$T$3015,$BH55:$BH66,COLUMNS($BE$46:BJ55)),0) -> 0 | BO55: =IFERROR(INDEX($O$46:$T$3015,$BH55:$BH66,COLUMNS($BE$46:BG55)),0) -> 0 | BQ55: B10 | BR55: =IFERROR(INDEX($W$46:$BE$3014,$BH55:$BH65,COLUMNS($BE$46:BE55)),"") | BS55: =IFERROR(INDEX($W$46:$BE$3014,$BH55:$BH65,COLUMNS($BE$46:BF55)),"") | BT55: =IFERROR(INDEX($W$46:$BE$3014,$BH55:$BH65,COLUMNS($BE$46:BG55)),"") | BU55: =IFERROR(INDEX($W$46:$BE$3014,$BH55:$BH65,COLUMNS($BE$46:BH55)),"") | BV55: =IFERROR(INDEX($W$46:$BE$3014,$BH55:$BH65,COLUMNS($BE$46:BI55)),"") | BW55: =IFERROR(INDEX($W$46:$BE$3014,$BH55:$BH65,COLUMNS($BE$46:BJ55)),"") | BX55: =IFERROR(INDEX($W$46:$BE$3014,$BH55:$BH65,COLUMNS($BE$46:BK55)),"") | BY55: =IFERROR(INDEX($W$46:$BE$3014,$BH55:$BH65,COLUMNS($BE$46:BL55)),"") | ... DA55: =IFERROR(INDEX($W$46:$BE$3014,$BH55:$BH65,COLUMNS($BE$46:CN55)),"") | DB55: 755975 | DD55: 59 | DE55: 745338 | DF55: 1613 CT80 0.018 | DG55: =DR55 & " " & DL55 -> 1613 CT80 0.018" | DH55: 16 | DI55: 1613 | DJ55: CT80 | DL55: 0.018" | DM55: 0 | DN55: 16 | DO55: 497 | DR55: =DI55 & " " & DJ55 & " " & DK55 -> 1613 CT80 | DS55: =DT55*1.3 -> 0 | DV55: B | DW55: 6.4.1 | DX55: 10 | DY55: 16mm Cutter Replacement Standard | DZ55: 16mm | EA55: 1 | EB55: EA | EC55: 490 | ED55: 6.4.1 10 | EE55: =SUMIF($G$12:$G$21,$DE55,$E$12:$E$21) -> 0 | EF55: =ROWS($DE$2:DE55) -> 54 | EG55: =IF($CY$60<>0,IF($CY$60=DE55,EF55,""),"") | EJ55: =IF($CY$61<>0,IF($CY$61=DE55,EF55,""),"") | EM55: =IF($CY$62<>0,IF($CY$62=DE55,EF55,""),"") | EP55: =IF($CY$63<>0,IF($CY$63=DE55,EF55,""),"") | ES55: =IF($CY$64<>0,IF($CY$64=DE55,EF55,""),"") | EV55: =IF($CY$65<>0,IF($CY$65=DE55,EF55,""),"") | EY55: =IF($CY$66<>0,IF($CY$66=DE55,EF55,""),"") | FB55: =IF($CY$67<>0,IF($CY$67=DE55,EF55,""),"") | FE55: =IF($CY$68<>0,IF($CY$68=DE55,EF55,""),"") | FH55: =IF($CY$69<>0,IF($CY$69=DE55,EF55,""),"") | FK55: =IF($CY$70<>0, IF($CY$70=DE55, EF55, ""), "") | FN55: =IF($CY$71<>0, IF($CY$71=DE55, EF55, ""), "") | FQ55: =IF($CY$72<>0, IF($CY$72=DE55, EF55, ""), "") | FT55: =IF($CY$73<>0, IF($CY$73=DE55, EF55, ""), "") | FW55: =IF($CY$74<>0, IF($CY$74=DE55, EF55, ""), "") | FZ55: =IF($CY$75<>0, IF($CY$75=DE55, EF55, ""), "") | GC55: =IF($CY$76<>0, IF($CY$76=DE55, EF55, ""), "") | GF55: =CONCATENATE("0",GH55," - ",GI55) -> 06.4.1 - 50 | GG55: =CONCATENATE(GH55," ",GI55) -> 6.4.1 50 | GH55: 6.4.1 | GI55: 50 | GJ55: 16mm Cutter Replacement Depth of Cut Control Elements/Impact Arrestor-Diamond | GK55: 16mm | GL55: 1 | GM55: EA | GN55: 202 | GO55: =SUMIF($ED$2:$ED$276,$GG55,$EE$2:$EE$276) -> 0 | GP55: 16mm | GQ55: Cutter Replacement Depth of Cut Control Elements/Impact Arrestor-Diamond | GS55: =ROWS($GJ$20:GJ55) -> 36 | GT55: =IF($GO55<>0,$GS55,"")
A56: Up to 6 7/8" | B56: Bit Size Up to 6 7/8" | C56: 4121 | D56: 1 | F56: 3 1/2" | G56: 3 | H56: 0 | L56: 662603 | S56: 6.125 | T56: MM64R | U56: 874733 | V56: B5 | W56: 3 | X56: 2 | Y56: 2 | Z56: 2 | AA56: 2 | AB56: 2 | AC56: 1 | AE56: 4 | AF56: 4 | BF56: =ROWS($U$46:U56) -> 11 | BG56: =IF(VALUE(SUBSTITUTE($B$5,"M",""))=U56,BF56,"") | BH56: =IFERROR(SMALL($BG$46:$BG$3014,ROWS($BG$46:BG56)),"") | BI56: =IFERROR(INDEX($O$46:$T$3015,$BH56:$BH67,COLUMNS($BE$46:BE56)),0) -> 0 | BJ56: =IFERROR(INDEX($O$46:$T$3015,$BH56:$BH67,COLUMNS($BE$46:BF56)),0) -> 0 | BK56: =IFERROR(INDEX($O$46:$T$3015,$BH56:$BH67,COLUMNS($BE$46:BG56)),0) -> 0 | BL56: =IFERROR(INDEX($O$46:$T$3015,$BH56:$BH67,COLUMNS($BE$46:BH56)),0) -> 0 | BM56: =IFERROR(INDEX($O$46:$T$3015,$BH56:$BH67,COLUMNS($BE$46:BI56)),0) -> 0 | BN56: =IFERROR(INDEX($O$46:$T$3015,$BH56:$BH67,COLUMNS($BE$46:BJ56)),0) -> 0 | BO56: =IFERROR(INDEX($O$46:$T$3015,$BH56:$BH67,COLUMNS($BE$46:BG56)),0) -> 0 | BQ56: B11 | BR56: =IFERROR(INDEX($W$46:$BE$3014,$BH56:$BH66,COLUMNS($BE$46:BE56)),"") | BS56: =IFERROR(INDEX($W$46:$BE$3014,$BH56:$BH66,COLUMNS($BE$46:BF56)),"") | BT56: =IFERROR(INDEX($W$46:$BE$3014,$BH56:$BH66,COLUMNS($BE$46:BG56)),"") | BU56: =IFERROR(INDEX($W$46:$BE$3014,$BH56:$BH66,COLUMNS($BE$46:BH56)),"") | BV56: =IFERROR(INDEX($W$46:$BE$3014,$BH56:$BH66,COLUMNS($BE$46:BI56)),"") | BW56: =IFERROR(INDEX($W$46:$BE$3014,$BH56:$BH66,COLUMNS($BE$46:BJ56)),"") | BX56: =IFERROR(INDEX($W$46:$BE$3014,$BH56:$BH66,COLUMNS($BE$46:BK56)),"") | BY56: =IFERROR(INDEX($W$46:$BE$3014,$BH56:$BH66,COLUMNS($BE$46:BL56)),"") | ... DA56: =IFERROR(INDEX($W$46:$BE$3014,$BH56:$BH66,COLUMNS($BE$46:CN56)),"") | DB56: 761246 | DD56: 37 | DE56: 745573 | DF56: 1913CT82 0.010 | DG56: =DR56 & " " & DL56 -> 1913 CT82 0.010" | DH56: 19 | DI56: 1913 | DJ56: CT82 | DL56: 0.010" | DM56: 62 | DN56: 0 | DO56: 660 | DR56: =DI56 & " " & DJ56 & " " & DK56 -> 1913 CT82 | DS56: =DT56*1.3 -> 0 | DV56: S | DW56: 6.5.1 | DX56: 30 | DY56: 19mm Cutter Replacement Super Premium | DZ56: 19mm | EA56: 1 | EB56: EA | EC56: 836 | ED56: 6.5.1 30 | EE56: =SUMIF($G$12:$G$21,$DE56,$E$12:$E$21) -> 0 | EF56: =ROWS($DE$2:DE56) -> 55 | EG56: =IF($CY$60<>0,IF($CY$60=DE56,EF56,""),"") | EJ56: =IF($CY$61<>0,IF($CY$61=DE56,EF56,""),"") | EM56: =IF($CY$62<>0,IF($CY$62=DE56,EF56,""),"") | EP56: =IF($CY$63<>0,IF($CY$63=DE56,EF56,""),"") | ES56: =IF($CY$64<>0,IF($CY$64=DE56,EF56,""),"") | EV56: =IF($CY$65<>0,IF($CY$65=DE56,EF56,""),"") | EY56: =IF($CY$66<>0,IF($CY$66=DE56,EF56,""),"") | FB56: =IF($CY$67<>0,IF($CY$67=DE56,EF56,""),"") | FE56: =IF($CY$68<>0,IF($CY$68=DE56,EF56,""),"") | FH56: =IF($CY$69<>0,IF($CY$69=DE56,EF56,""),"") | FK56: =IF($CY$70<>0, IF($CY$70=DE56, EF56, ""), "") | FN56: =IF($CY$71<>0, IF($CY$71=DE56, EF56, ""), "") | FQ56: =IF($CY$72<>0, IF($CY$72=DE56, EF56, ""), "") | FT56: =IF($CY$73<>0, IF($CY$73=DE56, EF56, ""), "") | FW56: =IF($CY$74<>0, IF($CY$74=DE56, EF56, ""), "") | FZ56: =IF($CY$75<>0, IF($CY$75=DE56, EF56, ""), "") | GC56: =IF($CY$76<>0, IF($CY$76=DE56, EF56, ""), "") | GF56: =CONCATENATE("0",GH56," - ",GI56) -> 06.4.1 - 60 | GG56: =CONCATENATE(GH56," ",GI56) -> 6.4.1 60 | GH56: 6.4.1 | GI56: 60 | GJ56: 16mm Cutter Replacement Depth of Cut Control Elements/Impact Arrestor-Carbide | GK56: 16mm | GL56: 1 | GM56: EA | GN56: 135 | GO56: =SUMIF($ED$2:$ED$276,$GG56,$EE$2:$EE$276) -> 0 | GP56: 16mm | GQ56: Cutter Replacement Depth of Cut Control Elements/Impact Arrestor-Carbide | GS56: =ROWS($GJ$20:GJ56) -> 37 | GT56: =IF($GO56<>0,$GS56,"")
A57: 7" to 8 7/8" | B57: Bit size from 7" to 8-7/8" | C57: 5495 | D57: 2 | F57: 4 1/2" | G57: 4 | H57: 0 | L57: 671133 | S57: 6.125 | T57: MM64R | U57: 874733 | V57: B6 | W57: 2 | X57: 2 | Y57: 2 | Z57: 1 | AE57: 4 | AF57: 4 | BF57: =ROWS($U$46:U57) -> 12 | BG57: =IF(VALUE(SUBSTITUTE($B$5,"M",""))=U57,BF57,"") | BH57: =IFERROR(SMALL($BG$46:$BG$3014,ROWS($BG$46:BG57)),"") | BI57: =IFERROR(INDEX($O$46:$T$3015,$BH57:$BH68,COLUMNS($BE$46:BE57)),0) -> 0 | BJ57: =IFERROR(INDEX($O$46:$T$3015,$BH57:$BH68,COLUMNS($BE$46:BF57)),0) -> 0 | BK57: =IFERROR(INDEX($O$46:$T$3015,$BH57:$BH68,COLUMNS($BE$46:BG57)),0) -> 0 | BL57: =IFERROR(INDEX($O$46:$T$3015,$BH57:$BH68,COLUMNS($BE$46:BH57)),0) -> 0 | BM57: =IFERROR(INDEX($O$46:$T$3015,$BH57:$BH68,COLUMNS($BE$46:BI57)),0) -> 0 | BN57: =IFERROR(INDEX($O$46:$T$3015,$BH57:$BH68,COLUMNS($BE$46:BJ57)),0) -> 0 | BO57: =IFERROR(INDEX($O$46:$T$3015,$BH57:$BH68,COLUMNS($BE$46:BG57)),0) -> 0 | BQ57: B12 | BR57: =IFERROR(INDEX($W$46:$BE$3014,$BH57:$BH67,COLUMNS($BE$46:BE57)),"") | BS57: =IFERROR(INDEX($W$46:$BE$3014,$BH57:$BH67,COLUMNS($BE$46:BF57)),"") | BT57: =IFERROR(INDEX($W$46:$BE$3014,$BH57:$BH67,COLUMNS($BE$46:BG57)),"") | BU57: =IFERROR(INDEX($W$46:$BE$3014,$BH57:$BH67,COLUMNS($BE$46:BH57)),"") | BV57: =IFERROR(INDEX($W$46:$BE$3014,$BH57:$BH67,COLUMNS($BE$46:BI57)),"") | BW57: =IFERROR(INDEX($W$46:$BE$3014,$BH57:$BH67,COLUMNS($BE$46:BJ57)),"") | BX57: =IFERROR(INDEX($W$46:$BE$3014,$BH57:$BH67,COLUMNS($BE$46:BK57)),"") | BY57: =IFERROR(INDEX($W$46:$BE$3014,$BH57:$BH67,COLUMNS($BE$46:BL57)),"") | ... DA57: =IFERROR(INDEX($W$46:$BE$3014,$BH57:$BH67,COLUMNS($BE$46:CN57)),"") | DB57: 761304 | DD57: 19 | DE57: 745576 | DF57: 1913CT82 0.018"L | DG57: =DR57 & " " & DL57 -> 1913 CT82 L 0.018" | DH57: 19 | DI57: 1913 | DJ57: CT82 | DK57: L | DL57: 0.018" | DM57: 80 | DN57: 0 | DO57: 660 | DR57: =DI57 & " " & DJ57 & " " & DK57 -> 1913 CT82 L | DS57: =DT57*1.3 -> 344.526 | DT57: 265.02 | DV57: S | DW57: 6.5.1 | DX57: 30 | DY57: 19mm Cutter Replacement Super Premium | DZ57: 19mm | EA57: 1 | EB57: EA | EC57: 836 | ED57: 6.5.1 30 | EE57: =SUMIF($G$12:$G$21,$DE57,$E$12:$E$21) -> 0 | EF57: =ROWS($DE$2:DE57) -> 56 | EG57: =IF($CY$60<>0,IF($CY$60=DE57,EF57,""),"") | EJ57: =IF($CY$61<>0,IF($CY$61=DE57,EF57,""),"") | EM57: =IF($CY$62<>0,IF($CY$62=DE57,EF57,""),"") | EP57: =IF($CY$63<>0,IF($CY$63=DE57,EF57,""),"") | ES57: =IF($CY$64<>0,IF($CY$64=DE57,EF57,""),"") | EV57: =IF($CY$65<>0,IF($CY$65=DE57,EF57,""),"") | EY57: =IF($CY$66<>0,IF($CY$66=DE57,EF57,""),"") | FB57: =IF($CY$67<>0,IF($CY$67=DE57,EF57,""),"") | FE57: =IF($CY$68<>0,IF($CY$68=DE57,EF57,""),"") | FH57: =IF($CY$69<>0,IF($CY$69=DE57,EF57,""),"") | FK57: =IF($CY$70<>0, IF($CY$70=DE57, EF57, ""), "") | FN57: =IF($CY$71<>0, IF($CY$71=DE57, EF57, ""), "") | FQ57: =IF($CY$72<>0, IF($CY$72=DE57, EF57, ""), "") | FT57: =IF($CY$73<>0, IF($CY$73=DE57, EF57, ""), "") | FW57: =IF($CY$74<>0, IF($CY$74=DE57, EF57, ""), "") | FZ57: =IF($CY$75<>0, IF($CY$75=DE57, EF57, ""), "") | GC57: =IF($CY$76<>0, IF($CY$76=DE57, EF57, ""), "") | GF57: =CONCATENATE("0",GH57," - ",GI57) -> 06.5.1 - 10 | GG57: =CONCATENATE(GH57," ",GI57) -> 6.5.1 10 | GH57: 6.5.1 | GI57: 10 | GJ57: 19mm Cutter Replacement Standard | GK57: 19mm | GL57: 1 | GM57: EA | GN57: 615 | GO57: =SUMIF($ED$2:$ED$276,$GG57,$EE$2:$EE$276) -> 0 | GP57: 19mm | GQ57: Cutter Replacement Standard | GS57: =ROWS($GJ$20:GJ57) -> 38 | GT57: =IF($GO57<>0,$GS57,"")
A58: 9" to 14 7/8" | B58: Bit size from 9" to 14-7/8" | C58: 6868 | D58: 3 | F58: 6 5/8" | G58: 5 | H58: 0 | L58: 673359 | O58: 1 | P58: 971055 | Q58: 7 | R58: 1st IN ALL AND 2nd IN B1 & B3 | S58: 3.875 | T58: SF53 | U58: 1025815 | V58: B1 | W58: 1 | X58: 1 | Y58: 2 | Z58: 2 | AA58: 2 | BF58: =ROWS($U$46:U58) -> 13 | BG58: =IF(VALUE(SUBSTITUTE($B$5,"M",""))=U58,BF58,"") | BH58: =IFERROR(SMALL($BG$46:$BG$3014,ROWS($BG$46:BG58)),"") | BI58: =IFERROR(INDEX($O$46:$T$3015,$BH58:$BH69,COLUMNS($BE$46:BE58)),0) -> 0 | BJ58: =IFERROR(INDEX($O$46:$T$3015,$BH58:$BH69,COLUMNS($BE$46:BF58)),0) -> 0 | BK58: =IFERROR(INDEX($O$46:$T$3015,$BH58:$BH69,COLUMNS($BE$46:BG58)),0) -> 0 | BL58: =IFERROR(INDEX($O$46:$T$3015,$BH58:$BH69,COLUMNS($BE$46:BH58)),0) -> 0 | BM58: =IFERROR(INDEX($O$46:$T$3015,$BH58:$BH69,COLUMNS($BE$46:BI58)),0) -> 0 | BN58: =IFERROR(INDEX($O$46:$T$3015,$BH58:$BH69,COLUMNS($BE$46:BJ58)),0) -> 0 | BO58: =IFERROR(INDEX($O$46:$T$3015,$BH58:$BH69,COLUMNS($BE$46:BG58)),0) -> 0 | DB58: 770450 | DD58: 33 | DE58: 752294 | DF58: 1010 CT82 .018 | DG58: =DR58 & " " & DL58 -> 1010 CT82 0.018" | DH58: 10 | DI58: 1010 | DJ58: CT82 | DL58: 0.018" | DM58: 52 | DN58: 0 | DO58: 272 | DQ58: 50 | DR58: =DI58 & " " & DJ58 & " " & DK58 -> 1010 CT82 | DS58: =DT58*1.3 -> 0 | DV58: S | DW58: 6.2.1 | DX58: 30 | DY58: 10.5mm Cutter Replacement Super Premium | DZ58: 10.5mm | EA58: 1 | EB58: EA | EC58: 419 | ED58: 6.2.1 30 | EE58: =SUMIF($G$12:$G$21,$DE58,$E$12:$E$21) -> 0 | EF58: =ROWS($DE$2:DE58) -> 57 | EG58: =IF($CY$60<>0,IF($CY$60=DE58,EF58,""),"") | EJ58: =IF($CY$61<>0,IF($CY$61=DE58,EF58,""),"") | EM58: =IF($CY$62<>0,IF($CY$62=DE58,EF58,""),"") | EP58: =IF($CY$63<>0,IF($CY$63=DE58,EF58,""),"") | ES58: =IF($CY$64<>0,IF($CY$64=DE58,EF58,""),"") | EV58: =IF($CY$65<>0,IF($CY$65=DE58,EF58,""),"") | EY58: =IF($CY$66<>0,IF($CY$66=DE58,EF58,""),"") | FB58: =IF($CY$67<>0,IF($CY$67=DE58,EF58,""),"") | FE58: =IF($CY$68<>0,IF($CY$68=DE58,EF58,""),"") | FH58: =IF($CY$69<>0,IF($CY$69=DE58,EF58,""),"") | FK58: =IF($CY$70<>0, IF($CY$70=DE58, EF58, ""), "") | FN58: =IF($CY$71<>0, IF($CY$71=DE58, EF58, ""), "") | FQ58: =IF($CY$72<>0, IF($CY$72=DE58, EF58, ""), "") | FT58: =IF($CY$73<>0, IF($CY$73=DE58, EF58, ""), "") | FW58: =IF($CY$74<>0, IF($CY$74=DE58, EF58, ""), "") | FZ58: =IF($CY$75<>0, IF($CY$75=DE58, EF58, ""), "") | GC58: =IF($CY$76<>0, IF($CY$76=DE58, EF58, ""), "") | GF58: =CONCATENATE("0",GH58," - ",GI58) -> 06.5.1 - 20 | GG58: =CONCATENATE(GH58," ",GI58) -> 6.5.1 20 | GH58: 6.5.1 | GI58: 20 | GJ58: 19mm Cutter Replacement Premium | GK58: 19mm | GL58: 1 | GM58: EA | GN58: 712 | GO58: =SUMIF($ED$2:$ED$276,$GG58,$EE$2:$EE$276) -> 0 | GP58: 19mm | GQ58: Cutter Replacement Premium | GS58: =ROWS($GJ$20:GJ58) -> 39 | GT58: =IF($GO58<>0,$GS58,"")
A59: 15" to 28" | B59: Bit size from 15" to 28" | C59: 8245 | D59: 4 | F59: 7 5/8" | G59: 6 | H59: 0 | L59: 687527 | O59: 2 | P59: 773384 | Q59: 12 | S59: 3.875 | T59: SF53 | U59: 1025815 | V59: B2 | W59: 1 | X59: 2 | Y59: 2 | BF59: =ROWS($U$46:U59) -> 14 | BG59: =IF(VALUE(SUBSTITUTE($B$5,"M",""))=U59,BF59,"") | BH59: =IFERROR(SMALL($BG$46:$BG$3014,ROWS($BG$46:BG59)),"") | BI59: =IFERROR(INDEX($O$46:$T$3015,$BH59:$BH70,COLUMNS($BE$46:BE59)),0) -> 0 | BJ59: =IFERROR(INDEX($O$46:$T$3015,$BH59:$BH70,COLUMNS($BE$46:BF59)),0) -> 0 | BK59: =IFERROR(INDEX($O$46:$T$3015,$BH59:$BH70,COLUMNS($BE$46:BG59)),0) -> 0 | BL59: =IFERROR(INDEX($O$46:$T$3015,$BH59:$BH70,COLUMNS($BE$46:BH59)),0) -> 0 | BM59: =IFERROR(INDEX($O$46:$T$3015,$BH59:$BH70,COLUMNS($BE$46:BI59)),0) -> 0 | BN59: =IFERROR(INDEX($O$46:$T$3015,$BH59:$BH70,COLUMNS($BE$46:BJ59)),0) -> 0 | BO59: =IFERROR(INDEX($O$46:$T$3015,$BH59:$BH70,COLUMNS($BE$46:BG59)),0) -> 0 | DB59: 770451 | DD59: 53 | DE59: 752555 | DF59: 1313 CT81 0.018 | DG59: =DR59 & " " & DL59 -> 1313 CT81 0.018" | DH59: 13 | DI59: 1313 | DJ59: CT81 | DL59: 0.018" | DM59: 7 | DN59: 3 | DO59: 360 | DR59: =DI59 & " " & DJ59 & " " & DK59 -> 1313 CT81 | DS59: =DT59*1.3 -> 0 | DV59: P | DW59: 6.3.1 | DX59: 20 | DY59: 13mm Cutter Replacement Premium | DZ59: 13mm | EA59: 1 | EB59: EA | EC59: 413 | ED59: 6.3.1 20 | EE59: =SUMIF($G$12:$G$21,$DE59,$E$12:$E$21) -> 0 | EF59: =ROWS($DE$2:DE59) -> 58 | EG59: =IF($CY$60<>0,IF($CY$60=DE59,EF59,""),"") | EJ59: =IF($CY$61<>0,IF($CY$61=DE59,EF59,""),"") | EM59: =IF($CY$62<>0,IF($CY$62=DE59,EF59,""),"") | EP59: =IF($CY$63<>0,IF($CY$63=DE59,EF59,""),"") | ES59: =IF($CY$64<>0,IF($CY$64=DE59,EF59,""),"") | EV59: =IF($CY$65<>0,IF($CY$65=DE59,EF59,""),"") | EY59: =IF($CY$66<>0,IF($CY$66=DE59,EF59,""),"") | FB59: =IF($CY$67<>0,IF($CY$67=DE59,EF59,""),"") | FE59: =IF($CY$68<>0,IF($CY$68=DE59,EF59,""),"") | FH59: =IF($CY$69<>0,IF($CY$69=DE59,EF59,""),"") | FK59: =IF($CY$70<>0, IF($CY$70=DE59, EF59, ""), "") | FN59: =IF($CY$71<>0, IF($CY$71=DE59, EF59, ""), "") | FQ59: =IF($CY$72<>0, IF($CY$72=DE59, EF59, ""), "") | FT59: =IF($CY$73<>0, IF($CY$73=DE59, EF59, ""), "") | FW59: =IF($CY$74<>0, IF($CY$74=DE59, EF59, ""), "") | FZ59: =IF($CY$75<>0, IF($CY$75=DE59, EF59, ""), "") | GC59: =IF($CY$76<>0, IF($CY$76=DE59, EF59, ""), "") | GF59: =CONCATENATE("0",GH59," - ",GI59) -> 06.5.1 - 30 | GG59: =CONCATENATE(GH59," ",GI59) -> 6.5.1 30 | GH59: 6.5.1 | GI59: 30 | GJ59: 19mm Cutter Replacement Super Premium | GK59: 19mm | GL59: 1 | GM59: EA | GN59: 836 | GO59: =SUMIF($ED$2:$ED$276,$GG59,$EE$2:$EE$276) -> 0 | GP59: 19mm | GQ59: Cutter Replacement Super Premium | GS59: =ROWS($GJ$20:GJ59) -> 40 | GT59: =IF($GO59<>0,$GS59,"")
B60: result in Re run | C60: 550 | D60: 5 | F60: 8 5/8" | G60: 7 | H60: 0 | L60: 690800 | S60: 3.875 | T60: SF53 | U60: 1025815 | V60: B3 | W60: 1 | X60: 1 | Y60: 2 | Z60: 2 | BF60: =ROWS($U$46:U60) -> 15 | BG60: =IF(VALUE(SUBSTITUTE($B$5,"M",""))=U60,BF60,"") | BH60: =IFERROR(SMALL($BG$46:$BG$3014,ROWS($BG$46:BG60)),"") | BI60: =IFERROR(INDEX($O$46:$T$3015,$BH60:$BH71,COLUMNS($BE$46:BE60)),0) -> 0 | BJ60: =IFERROR(INDEX($O$46:$T$3015,$BH60:$BH71,COLUMNS($BE$46:BF60)),0) -> 0 | BK60: =IFERROR(INDEX($O$46:$T$3015,$BH60:$BH71,COLUMNS($BE$46:BG60)),0) -> 0 | BL60: =IFERROR(INDEX($O$46:$T$3015,$BH60:$BH71,COLUMNS($BE$46:BH60)),0) -> 0 | BM60: =IFERROR(INDEX($O$46:$T$3015,$BH60:$BH71,COLUMNS($BE$46:BI60)),0) -> 0 | BN60: =IFERROR(INDEX($O$46:$T$3015,$BH60:$BH71,COLUMNS($BE$46:BJ60)),0) -> 0 | BO60: =IFERROR(INDEX($O$46:$T$3015,$BH60:$BH71,COLUMNS($BE$46:BG60)),0) -> 0 | CX60: =IF(AND(BI46<>"",BI46<>0),BI46,IF(AND($BI$63<>"",$BI$63<>0,$BI$63<>CX45,$BI$63<>CX44,$BI$63<>CX43),$BI$63,IF(AND($BI$64<>"",$BI$64<>0,$BI$64<>CX45,$BI$64<>CX44,$BI$64<>CX43),$BI$64,IF(AND($BI$65<>"",$BI$65<>0,$BI$65<>CX45,$BI$65<>CX44,$BI$65<>CX43),$BI$65,"")))) -> 1 | CY60: =IF(AND(BJ46<>"",BJ46<>0),BJ46,IF(AND('ARDT Cutter Entry'!$BP$59='ARDT Cutter Entry'!$BP$3,'ARDT Cutter Entry'!$BP$59<>"",'ARDT Cutter Entry'!$BP$59<>0,'ARDT Cutter Entry'!$BP$59<>CY45,'ARDT Cutter Entry'!$BP$59<>CY44,'ARDT Cutter Entry'!$BP$59<>CY43),'ARDT Cutter Entry'!$BP$59,IF(AND('ARDT Cutter Entry'!$BP$60='ARDT Cutter Entry'!$BP$4,'ARDT Cutter Entry'!$BP$60<>"",'ARDT Cutter Entry'!$BP$60<>0,'ARDT Cutter Entry'!$BP$60<>CY45,'ARDT Cutter Entry'!$BP$60<>CY44,'ARDT Cutter Entry'!$BP$60<>CY43),'ARDT Cutter Entry'!$BP$60,IF(AND('ARDT Cutter Entry'!$BP$61='ARDT Cutter Entry'!$BP$5,'ARDT Cutter Entry'!$BP$61<>"",'ARDT Cutter Entry'!$BP$61<>0,'ARDT Cutter Entry'!$BP$61<>CY45,'ARDT Cutter Entry'!$BP$61<>CY44,'ARDT Cutter Entry'!$BP$59<>CY43),'ARDT Cutter Entry'!$BP$61,"")))) -> 1145493 | DB60: 773383 | DD60: 48 | DE60: 752563 | DF60: 1010 CT81 0.018'' | DG60: =DR60 & " " & DL60 -> 1010 CT81 0.018" | DH60: 10 | DI60: 1010 | DJ60: CT81 | DL60: 0.018" | DM60: 20 | DN60: 0 | DO60: 272 | DQ60: 50 | DR60: =DI60 & " " & DJ60 & " " & DK60 -> 1010 CT81 | DS60: =DT60*1.3 -> 0 | DV60: P | DW60: 6.2.1 | DX60: 20 | DY60: 10.5mm Cutter Replacement Premium | DZ60: 10.5mm | EA60: 1 | EB60: EA | EC60: 328 | ED60: 6.2.1 20 | EE60: =SUMIF($G$12:$G$21,$DE60,$E$12:$E$21) -> 0 | EF60: =ROWS($DE$2:DE60) -> 59 | EG60: =IF($CY$60<>0,IF($CY$60=DE60,EF60,""),"") | EJ60: =IF($CY$61<>0,IF($CY$61=DE60,EF60,""),"") | EM60: =IF($CY$62<>0,IF($CY$62=DE60,EF60,""),"") | EP60: =IF($CY$63<>0,IF($CY$63=DE60,EF60,""),"") | ES60: =IF($CY$64<>0,IF($CY$64=DE60,EF60,""),"") | EV60: =IF($CY$65<>0,IF($CY$65=DE60,EF60,""),"") | EY60: =IF($CY$66<>0,IF($CY$66=DE60,EF60,""),"") | FB60: =IF($CY$67<>0,IF($CY$67=DE60,EF60,""),"") | FE60: =IF($CY$68<>0,IF($CY$68=DE60,EF60,""),"") | FH60: =IF($CY$69<>0,IF($CY$69=DE60,EF60,""),"") | FK60: =IF($CY$70<>0, IF($CY$70=DE60, EF60, ""), "") | FN60: =IF($CY$71<>0, IF($CY$71=DE60, EF60, ""), "") | FQ60: =IF($CY$72<>0, IF($CY$72=DE60, EF60, ""), "") | FT60: =IF($CY$73<>0, IF($CY$73=DE60, EF60, ""), "") | FW60: =IF($CY$74<>0, IF($CY$74=DE60, EF60, ""), "") | FZ60: =IF($CY$75<>0, IF($CY$75=DE60, EF60, ""), "") | GC60: =IF($CY$76<>0, IF($CY$76=DE60, EF60, ""), "") | GF60: =CONCATENATE("0",GH60," - ",GI60) -> 06.5.1 - 40 | GG60: =CONCATENATE(GH60," ",GI60) -> 6.5.1 40 | GH60: 6.5.1 | GI60: 40 | GJ60: 19mm Cutter Replacement Other | GK60: 19mm | GL60: 1 | GM60: EA | GN60: 333 | GO60: =SUMIF($ED$2:$ED$276,$GG60,$EE$2:$EE$276) -> 0 | GP60: 19mm | GQ60: Cutter Replacement Other | GS60: =ROWS($GJ$20:GJ60) -> 41 | GT60: =IF($GO60<>0,$GS60,"")
L61: 695382 | S61: 3.875 | T61: SF53 | U61: 1025815 | V61: B4 | W61: 1 | X61: 2 | Y61: 2 | Z61: 2 | BF61: =ROWS($U$46:U61) -> 16 | BG61: =IF(VALUE(SUBSTITUTE($B$5,"M",""))=U61,BF61,"") | BH61: =IFERROR(SMALL($BG$46:$BG$3014,ROWS($BG$46:BG61)),"") | BI61: =IFERROR(INDEX($O$46:$T$3015,$BH61:$BH72,COLUMNS($BE$46:BE61)),0) -> 0 | BJ61: =IFERROR(INDEX($O$46:$T$3015,$BH61:$BH72,COLUMNS($BE$46:BF61)),0) -> 0 | BK61: =IFERROR(INDEX($O$46:$T$3015,$BH61:$BH72,COLUMNS($BE$46:BG61)),0) -> 0 | BL61: =IFERROR(INDEX($O$46:$T$3015,$BH61:$BH72,COLUMNS($BE$46:BH61)),0) -> 0 | BM61: =IFERROR(INDEX($O$46:$T$3015,$BH61:$BH72,COLUMNS($BE$46:BI61)),0) -> 0 | BN61: =IFERROR(INDEX($O$46:$T$3015,$BH61:$BH72,COLUMNS($BE$46:BJ61)),0) -> 0 | BO61: =IFERROR(INDEX($O$46:$T$3015,$BH61:$BH72,COLUMNS($BE$46:BG61)),0) -> 0 | CX61: =IF(CX60<>"",IF(AND(BI47<>"",BI47<>0),BI47,IF(AND($BI$63<>"",$BI$63<>0,$BI$63<>CX60,$BI$63<>CX45,$BI$63<>CX44),$BI$63,IF(AND($BI$64<>"",$BI$64<>0,$BI$64<>CX60,$BI$64<>CX45,$BI$64<>CX44),$BI$64,IF(AND($BI$65<>"",$BI$65<>0,$BI$65<>CX60,$BI$65<>CX45,$BI$65<>CX44),$BI$65,"")))),"") -> 2 | CY61: =IF(CY60<>"",IF(AND(BJ47<>"",BJ47<>0),BJ47,IF(AND('ARDT Cutter Entry'!$BP$59='ARDT Cutter Entry'!$BP$3,'ARDT Cutter Entry'!$BP$59<>"",'ARDT Cutter Entry'!$BP$59<>0,'ARDT Cutter Entry'!$BP$59<>CY60,'ARDT Cutter Entry'!$BP$59<>CY45,'ARDT Cutter Entry'!$BP$59<>CY44,'ARDT Cutter Entry'!$BP$59<>CY43,'ARDT Cutter Entry'!$BP$59<>CY42),'ARDT Cutter Entry'!$BP$59,IF(AND('ARDT Cutter Entry'!$BP$60='ARDT Cutter Entry'!$BP$4,'ARDT Cutter Entry'!$BP$60<>"",'ARDT Cutter Entry'!$BP$60<>0,'ARDT Cutter Entry'!$BP$60<>CY60,'ARDT Cutter Entry'!$BP$60<>CY45,'ARDT Cutter Entry'!$BP$60<>CY44,'ARDT Cutter Entry'!$BP$60<>CY43,'ARDT Cutter Entry'!$BP$60<>CY42),'ARDT Cutter Entry'!$BP$60,IF(AND('ARDT Cutter Entry'!$BP$61='ARDT Cutter Entry'!$BP$5,'ARDT Cutter Entry'!$BP$61<>"",'ARDT Cutter Entry'!$BP$61<>0,'ARDT Cutter Entry'!$BP$61<>CY60,'ARDT Cutter Entry'!$BP$61<>CY45,'ARDT Cutter Entry'!$BP$59<>CY44,'ARDT Cutter Entry'!$BP$59<>CY43,'ARDT Cutter Entry'!$BP$59<>CY42),'ARDT Cutter Entry'!$BP$61,"")))),"") -> 418525 | DB61: 773384 | DD61: 58 | DE61: 755975 | DF61: 1913 CT80 0.018 | DG61: =DR61 & " " & DL61 -> 1913 CT80 0.018" | DH61: 19 | DI61: 1913 | DJ61: CT80 | DL61: 0.018" | DM61: 2 | DN61: 2 | DO61: 660 | DR61: =DI61 & " " & DJ61 & " " & DK61 -> 1913 CT80 | DS61: =DT61*1.3 -> 0 | DV61: B | DW61: 6.5.1 | DX61: 10 | DY61: 19mm Cutter Replacement Standard | DZ61: 19mm | EA61: 1 | EB61: EA | EC61: 615 | ED61: 6.5.1 10 | EE61: =SUMIF($G$12:$G$21,$DE61,$E$12:$E$21) -> 0 | EF61: =ROWS($DE$2:DE61) -> 60 | EG61: =IF($CY$60<>0,IF($CY$60=DE61,EF61,""),"") | EJ61: =IF($CY$61<>0,IF($CY$61=DE61,EF61,""),"") | EM61: =IF($CY$62<>0,IF($CY$62=DE61,EF61,""),"") | EP61: =IF($CY$63<>0,IF($CY$63=DE61,EF61,""),"") | ES61: =IF($CY$64<>0,IF($CY$64=DE61,EF61,""),"") | EV61: =IF($CY$65<>0,IF($CY$65=DE61,EF61,""),"") | EY61: =IF($CY$66<>0,IF($CY$66=DE61,EF61,""),"") | FB61: =IF($CY$67<>0,IF($CY$67=DE61,EF61,""),"") | FE61: =IF($CY$68<>0,IF($CY$68=DE61,EF61,""),"") | FH61: =IF($CY$69<>0,IF($CY$69=DE61,EF61,""),"") | FK61: =IF($CY$70<>0, IF($CY$70=DE61, EF61, ""), "") | FN61: =IF($CY$71<>0, IF($CY$71=DE61, EF61, ""), "") | FQ61: =IF($CY$72<>0, IF($CY$72=DE61, EF61, ""), "") | FT61: =IF($CY$73<>0, IF($CY$73=DE61, EF61, ""), "") | FW61: =IF($CY$74<>0, IF($CY$74=DE61, EF61, ""), "") | FZ61: =IF($CY$75<>0, IF($CY$75=DE61, EF61, ""), "") | GC61: =IF($CY$76<>0, IF($CY$76=DE61, EF61, ""), "") | GF61: =CONCATENATE("0",GH61," - ",GI61) -> 06.5.1 - 50 | GG61: =CONCATENATE(GH61," ",GI61) -> 6.5.1 50 | GH61: 6.5.1 | GI61: 50 | GJ61: 19mm Cutter Replacement Depth of Cut Control Elements/Impact Arrestor-Diamond | GK61: 19mm | GL61: 1 | GM61: EA | GN61: 202 | GO61: =SUMIF($ED$2:$ED$276,$GG61,$EE$2:$EE$276) -> 0 | GP61: 19mm | GQ61: Cutter Replacement Depth of Cut Control Elements/Impact Arrestor-Diamond | GS61: =ROWS($GJ$20:GJ61) -> 42 | GT61: =IF($GO61<>0,$GS61,"")
F62: Clients | G62: Contract No | L62: 702957 | S62: 3.875 | T62: SF53 | U62: 1025815 | V62: B5 | W62: 1 | X62: 2 | Y62: 2 | BF62: =ROWS($U$46:U62) -> 17 | BG62: =IF(VALUE(SUBSTITUTE($B$5,"M",""))=U62,BF62,"") | BH62: =IFERROR(SMALL($BG$46:$BG$3014,ROWS($BG$46:BG62)),"") | BI62: =IFERROR(INDEX($O$46:$T$3015,$BH62:$BH73,COLUMNS($BE$46:BE62)),0) -> 0 | BJ62: =IFERROR(INDEX($O$46:$T$3015,$BH62:$BH73,COLUMNS($BE$46:BF62)),0) -> 0 | BK62: =IFERROR(INDEX($O$46:$T$3015,$BH62:$BH73,COLUMNS($BE$46:BG62)),0) -> 0 | BL62: =IFERROR(INDEX($O$46:$T$3015,$BH62:$BH73,COLUMNS($BE$46:BH62)),0) -> 0 | BM62: =IFERROR(INDEX($O$46:$T$3015,$BH62:$BH73,COLUMNS($BE$46:BI62)),0) -> 0 | BN62: =IFERROR(INDEX($O$46:$T$3015,$BH62:$BH73,COLUMNS($BE$46:BJ62)),0) -> 0 | BO62: =IFERROR(INDEX($O$46:$T$3015,$BH62:$BH73,COLUMNS($BE$46:BG62)),0) -> 0 | CX62: =IF(CX61<>"",IF(AND(BI48<>"",BI48<>0),BI48,IF(AND($BI$63<>"",$BI$63<>0,$BI$63<>CX61,$BI$63<>CX60,$BI$63<>CX45),$BI$63,IF(AND($BI$64<>"",$BI$64<>0,$BI$64<>CX61,$BI$64<>CX60,$BI$64<>CX45),$BI$64,IF(AND($BI$65<>"",$BI$65<>0,$BI$65<>CX61,$BI$65<>CX60,$BI$65<>CX45),$BI$65,IF(AND($BI$66<>"",$BI$66<>0,$BI$66<>CX61,$BI$66<>CX60,$BI$66<>CX45),$BI$66,IF(AND($BI$67<>"",$BI$67<>0,$BI$67<>CX61,$BI$67<>CX60,$BI$67<>CX45),$BI$67,"")))))),"") -> 3 | CY62: =IF(CY61<>"",IF(AND(BJ48<>"",BJ48<>0),BJ48,IF(AND('ARDT Cutter Entry'!$BP$59='ARDT Cutter Entry'!$BP$3,'ARDT Cutter Entry'!$BP$59<>"",'ARDT Cutter Entry'!$BP$59<>0,'ARDT Cutter Entry'!$BP$59<>CY61,'ARDT Cutter Entry'!$BP$59<>CY60,'ARDT Cutter Entry'!$BP$59<>CY45,'ARDT Cutter Entry'!$BP$59<>CY44,'ARDT Cutter Entry'!$BP$59<>CY43),'ARDT Cutter Entry'!$BP$59,IF(AND('ARDT Cutter Entry'!$BP$60='ARDT Cutter Entry'!$BP$4,'ARDT Cutter Entry'!$BP$60<>"",'ARDT Cutter Entry'!$BP$60<>0,'ARDT Cutter Entry'!$BP$60<>CY61,'ARDT Cutter Entry'!$BP$60<>CY60,'ARDT Cutter Entry'!$BP$60<>CY45,'ARDT Cutter Entry'!$BP$60<>CY44,'ARDT Cutter Entry'!$BP$60<>CY43),'ARDT Cutter Entry'!$BP$60,IF(AND('ARDT Cutter Entry'!$BP$61='ARDT Cutter Entry'!$BP$5,'ARDT Cutter Entry'!$BP$61<>"",'ARDT Cutter Entry'!$BP$61<>0,'ARDT Cutter Entry'!$BP$61<>CY61,'ARDT Cutter Entry'!$BP$61<>CY60,'ARDT Cutter Entry'!$BP$61<>CY45,'ARDT Cutter Entry'!$BP$61<>CY44,'ARDT Cutter Entry'!$BP$61<>CY43),'ARDT Cutter Entry'!$BP$61,IF(AND('ARDT Cutter Entry'!$BP$62='ARDT Cutter Entry'!$BP$6,'ARDT Cutter Entry'!$BP$62<>"",'ARDT Cutter Entry'!$BP$62<>0,'ARDT Cutter Entry'!$BP$62<>CY61,'ARDT Cutter Entry'!$BP$62<>CY60,'ARDT Cutter Entry'!$BP$62<>CY45,'ARDT Cutter Entry'!$BP$62<>CY44,'ARDT Cutter Entry'!$BP$62<>CY43),'ARDT Cutter Entry'!$BP$62,IF(AND('ARDT Cutter Entry'!$BP$63='ARDT Cutter Entry'!$BP$7,'ARDT Cutter Entry'!$BP$63<>"",'ARDT Cutter Entry'!$BP$63<>0,'ARDT Cutter Entry'!$BP$63<>CY61,'ARDT Cutter Entry'!$BP$63<>CY60,'ARDT Cutter Entry'!$BP$63<>CY45,'ARDT Cutter Entry'!$BP$63<>CY44,'ARDT Cutter Entry'!$BP$63<>CY43),'ARDT Cutter Entry'!$BP$63,"")))))),"") -> 1209332 | DB62: 780654 | DD62: 36 | DE62: 761246 | DF62: 1623 CT80(0.018) | DG62: =DR62 & " " & DL62 -> 1623 CT80 0.018" | DH62: 16 | DI62: 1623 | DJ62: CT80 | DL62: 0.018" | DM62: 12 | DN62: 20 | DO62: 497 | DR62: =DI62 & " " & DJ62 & " " & DK62 -> 1623 CT80 | DS62: =DT62*1.3 -> 0 | DV62: B | DW62: 6.4.1 | DX62: 10 | DY62: 16mm Cutter Replacement Standard | DZ62: 16mm | EA62: 1 | EB62: EA | EC62: 490 | ED62: 6.4.1 10 | EE62: =SUMIF($G$12:$G$21,$DE62,$E$12:$E$21) -> 0 | EF62: =ROWS($DE$2:DE62) -> 61 | EG62: =IF($CY$60<>0,IF($CY$60=DE62,EF62,""),"") | EJ62: =IF($CY$61<>0,IF($CY$61=DE62,EF62,""),"") | EM62: =IF($CY$62<>0,IF($CY$62=DE62,EF62,""),"") | EP62: =IF($CY$63<>0,IF($CY$63=DE62,EF62,""),"") | ES62: =IF($CY$64<>0,IF($CY$64=DE62,EF62,""),"") | EV62: =IF($CY$65<>0,IF($CY$65=DE62,EF62,""),"") | EY62: =IF($CY$66<>0,IF($CY$66=DE62,EF62,""),"") | FB62: =IF($CY$67<>0,IF($CY$67=DE62,EF62,""),"") | FE62: =IF($CY$68<>0,IF($CY$68=DE62,EF62,""),"") | FH62: =IF($CY$69<>0,IF($CY$69=DE62,EF62,""),"") | FK62: =IF($CY$70<>0, IF($CY$70=DE62, EF62, ""), "") | FN62: =IF($CY$71<>0, IF($CY$71=DE62, EF62, ""), "") | FQ62: =IF($CY$72<>0, IF($CY$72=DE62, EF62, ""), "") | FT62: =IF($CY$73<>0, IF($CY$73=DE62, EF62, ""), "") | FW62: =IF($CY$74<>0, IF($CY$74=DE62, EF62, ""), "") | FZ62: =IF($CY$75<>0, IF($CY$75=DE62, EF62, ""), "") | GC62: =IF($CY$76<>0, IF($CY$76=DE62, EF62, ""), "") | GF62: =CONCATENATE("0",GH62," - ",GI62) -> 06.5.1 - 60 | GG62: =CONCATENATE(GH62," ",GI62) -> 6.5.1 60 | GH62: 6.5.1 | GI62: 60 | GJ62: 19mm Cutter Replacement Depth of Cut Control Elements/Impact Arrestor-Carbide | GK62: 19mm | GL62: 1 | GM62: EA | GN62: 135 | GO62: =SUMIF($ED$2:$ED$276,$GG62,$EE$2:$EE$276) -> 0 | GP62: 19mm | GQ62: Cutter Replacement Depth of Cut Control Elements/Impact Arrestor-Carbide | GS62: =ROWS($GJ$20:GJ62) -> 43 | GT62: =IF($GO62<>0,$GS62,"")
B63: =IF(D4<>"",INDEX(D12:F21,MATCH(D4,D12:D21,2),3),"") -> 1313 | C63: =IF(G4<>"",INDEX(D12:F21,MATCH(G4,D12:D21,2),3),"") -> 1313 | F63: LSTK | L63: 709378 | O63: 1 | P63: 418525 | Q63: 12 | S63: 6.125 | T63: MMD63 | U63: 859588 | V63: B1 | W63: 2 | X63: 2 | Y63: 2 | Z63: 2 | AA63: 2 | AB63: 2 | AC63: 2 | AD63: 2 | AE63: 1 | AF63: 1 | BF63: =ROWS($U$46:U63) -> 18 | BG63: =IF(VALUE(SUBSTITUTE($B$5,"M",""))=U63,BF63,"") | BH63: =IFERROR(SMALL($BG$46:$BG$3014,ROWS($BG$46:BG63)),"") | BI63: ='ARDT Cutter Entry'!$BN$59 -> 4 | BJ63: ='ARDT Cutter Entry'!$BP$59 -> 1146346 | BK63: =IFERROR(INDEX($O$46:$T$132,$BH63:$BH74,COLUMNS($BE$46:BG63)),"") | BL63: =IFERROR(INDEX($O$46:$T$132,$BH63:$BH74,COLUMNS($BE$46:BH63)),"") | BM63: =IFERROR(INDEX($O$46:$T$132,$BH63:$BH74,COLUMNS($BE$46:BI63)),"") | BO63: =SUMIF(BJ46:BJ62, "<>1228501", BO46:BO62) -> 33 | CX63: =IF(CX62<>"",IF(AND(BI49<>"",BI49<>0),BI49,IF(AND($BI$63<>"",$BI$63<>0,$BI$63<>CX62,$BI$63<>CX61,$BI$63<>CX60),$BI$63,IF(AND($BI$64<>"",$BI$64<>0,$BI$64<>CX62,$BI$64<>CX61,$BI$64<>CX60),$BI$64,IF(AND($BI$65<>"",$BI$65<>0,$BI$65<>CX62,$BI$65<>CX61,$BI$65<>CX60),$BI$65,IF(AND($BI$66<>"",$BI$66<>0,$BI$66<>CX62,$BI$66<>CX61,$BI$66<>CX60),$BI$66,IF(AND($BI$67<>"",$BI$67<>0,$BI$67<>CX62,$BI$67<>CX61,$BI$67<>CX60),$BI$67,"")))))),"") -> 4 | CY63: =IF(CY62<>"",IF(AND(BJ49<>"",BJ49<>0),BJ49,IF(AND('ARDT Cutter Entry'!$BP$59='ARDT Cutter Entry'!$BP$3,'ARDT Cutter Entry'!$BP$59<>"",'ARDT Cutter Entry'!$BP$59<>0,'ARDT Cutter Entry'!$BP$59<>CY62,'ARDT Cutter Entry'!$BP$59<>CY61,'ARDT Cutter Entry'!$BP$59<>CY60,'ARDT Cutter Entry'!$BP$59<>CY59,'ARDT Cutter Entry'!$BP$59<>CY58),'ARDT Cutter Entry'!$BP$59,IF(AND('ARDT Cutter Entry'!$BP$60='ARDT Cutter Entry'!$BP$4,'ARDT Cutter Entry'!$BP$60<>"",'ARDT Cutter Entry'!$BP$60<>0,'ARDT Cutter Entry'!$BP$60<>CY62,'ARDT Cutter Entry'!$BP$60<>CY61,'ARDT Cutter Entry'!$BP$60<>CY60,'ARDT Cutter Entry'!$BP$60<>CY59,'ARDT Cutter Entry'!$BP$60<>CY58),'ARDT Cutter Entry'!$BP$60,IF(AND('ARDT Cutter Entry'!$BP$61='ARDT Cutter Entry'!$BP$5,'ARDT Cutter Entry'!$BP$61<>"",'ARDT Cutter Entry'!$BP$61<>0,'ARDT Cutter Entry'!$BP$61<>CY62,'ARDT Cutter Entry'!$BP$61<>CY61,'ARDT Cutter Entry'!$BP$61<>CY60,'ARDT Cutter Entry'!$BP$61<>CY59,'ARDT Cutter Entry'!$BP$61<>CY58),'ARDT Cutter Entry'!$BP$61,IF(AND('ARDT Cutter Entry'!$BP$62='ARDT Cutter Entry'!$BP$6,'ARDT Cutter Entry'!$BP$62<>"",'ARDT Cutter Entry'!$BP$62<>0,'ARDT Cutter Entry'!$BP$62<>CY62,'ARDT Cutter Entry'!$BP$62<>CY61,'ARDT Cutter Entry'!$BP$62<>CY60,'ARDT Cutter Entry'!$BP$62<>CY59,'ARDT Cutter Entry'!$BP$62<>CY58),'ARDT Cutter Entry'!$BP$62,IF(AND('ARDT Cutter Entry'!$BP$63='ARDT Cutter Entry'!$BP$7,'ARDT Cutter Entry'!$BP$63<>"",'ARDT Cutter Entry'!$BP$63<>0,'ARDT Cutter Entry'!$BP$63<>CY62,'ARDT Cutter Entry'!$BP$63<>CY61,'ARDT Cutter Entry'!$BP$63<>CY60,'ARDT Cutter Entry'!$BP$63<>CY59,'ARDT Cutter Entry'!$BP$63<>CY58),'ARDT Cutter Entry'!$BP$63,"")))))),"") -> 1146346 | DB63: 781580 | DD63: 34 | DE63: 761304 | DF63: 1316 CT-80 V(0.010) | DG63: =DR63 & " " & DL63 -> 1316 CT80 V 0.010" | DH63: 13 | DI63: 1316 | DJ63: CT80 | DK63: V | DL63: 0.010" | DM63: 24 | DN63: 0 | DO63: 360 | DR63: =DI63 & " " & DJ63 & " " & DK63 -> 1316 CT80 V | DS63: =DT63*1.3 -> 0 | DV63: B | DW63: 6.3.1 | DX63: 10 | DY63: 13mm Cutter Replacement Standard | DZ63: 13mm | EA63: 1 | EB63: EA | EC63: 345 | ED63: 6.3.1 10 | EE63: =SUMIF($G$12:$G$21,$DE63,$E$12:$E$21) -> 0 | EF63: =ROWS($DE$2:DE63) -> 62 | EG63: =IF($CY$60<>0,IF($CY$60=DE63,EF63,""),"") | EJ63: =IF($CY$61<>0,IF($CY$61=DE63,EF63,""),"") | EM63: =IF($CY$62<>0,IF($CY$62=DE63,EF63,""),"") | EP63: =IF($CY$63<>0,IF($CY$63=DE63,EF63,""),"") | ES63: =IF($CY$64<>0,IF($CY$64=DE63,EF63,""),"") | EV63: =IF($CY$65<>0,IF($CY$65=DE63,EF63,""),"") | EY63: =IF($CY$66<>0,IF($CY$66=DE63,EF63,""),"") | FB63: =IF($CY$67<>0,IF($CY$67=DE63,EF63,""),"") | FE63: =IF($CY$68<>0,IF($CY$68=DE63,EF63,""),"") | FH63: =IF($CY$69<>0,IF($CY$69=DE63,EF63,""),"") | FK63: =IF($CY$70<>0, IF($CY$70=DE63, EF63, ""), "") | FN63: =IF($CY$71<>0, IF($CY$71=DE63, EF63, ""), "") | FQ63: =IF($CY$72<>0, IF($CY$72=DE63, EF63, ""), "") | FT63: =IF($CY$73<>0, IF($CY$73=DE63, EF63, ""), "") | FW63: =IF($CY$74<>0, IF($CY$74=DE63, EF63, ""), "") | FZ63: =IF($CY$75<>0, IF($CY$75=DE63, EF63, ""), "") | GC63: =IF($CY$76<>0, IF($CY$76=DE63, EF63, ""), "") | GF63: =CONCATENATE("0",GH63," - ",GI63) -> 07.1 - 10 | GG63: =CONCATENATE(GH63," ",GI63) -> 7.1 10 | GH63: 7.1 | GI63: 10 | GJ63: 2-3/8" API Labor and Material | GK63: 2 3/8" | GL63: 1 | GM63: EA | GN63: 3680 | GO63: 1 | GP63: 2 3/8" | GQ63: Upper section Replacement - API - Labor and Material | GS63: =ROWS($GJ$20:GJ63) -> 44 | GT63: =IF($E$31<>0,IF($E$31=$GK63,$GS63,""),"")
B64: =IF(D5<>"",INDEX(D12:F21,MATCH(D5,D12:D21,2),3),"") -> 1313 | C64: =IF(G5<>"",INDEX(D12:F21,MATCH(G5,D12:D21,2),3),"") -> 1313 | F64: ARDT | L64: 756447 | O64: 2 | P64: 781580 | Q64: 39 | S64: 6.125 | T64: MMD63 | U64: 859588 | V64: B2 | W64: 2 | X64: 2 | Y64: 2 | Z64: 2 | AA64: 2 | AB64: 1 | AC64: 1 | BF64: =ROWS($U$46:U64) -> 19 | BG64: =IF(VALUE(SUBSTITUTE($B$5,"M",""))=U64,BF64,"") | BH64: =IFERROR(SMALL($BG$46:$BG$3014,ROWS($BG$46:BG64)),"") | BI64: ='ARDT Cutter Entry'!$BN$60 -> 5 | BJ64: ='ARDT Cutter Entry'!$BP$60 -> 2001155 | BK64: =IFERROR(INDEX($O$46:$T$132,$BH64:$BH75,COLUMNS($BE$46:BG64)),"") | BL64: =IFERROR(INDEX($O$46:$T$132,$BH64:$BH75,COLUMNS($BE$46:BH64)),"") | BM64: =IFERROR(INDEX($O$46:$T$132,$BH64:$BH75,COLUMNS($BE$46:BI64)),"") | CX64: =IF(CX63<>"",IF(AND(BI50<>"",BI50<>0),BI50,IF(AND($BI$63<>"",$BI$63<>0,$BI$63<>CX63,$BI$63<>CX62,$BI$63<>CX61,$BI$63<>CX60),$BI$63,IF(AND($BI$64<>"",$BI$64<>0,$BI$64<>CX63,$BI$64<>CX62,$BI$64<>CX61,$BI$64<>CX60),$BI$64,IF(AND($BI$65<>"",$BI$65<>0,$BI$65<>CX63,$BI$65<>CX62,$BI$65<>CX61,$BI$65<>CX60),$BI$65,IF(AND($BI$66<>"",$BI$66<>0,$BI$66<>CX63,$BI$66<>CX62,$BI$66<>CX61,$BI$66<>CX60),$BI$66,IF(AND($BI$67<>"",$BI$67<>0,$BI$67<>CX63,$BI$67<>CX62,$BI$67<>CX61,$BI$67<>CX60),$BI$67,"")))))),"") -> 5 | CY64: =IF(CY63<>"",IF(AND(BJ50<>"",BJ50<>0),BJ50,IF(AND('ARDT Cutter Entry'!$BP$59='ARDT Cutter Entry'!$BP$3,'ARDT Cutter Entry'!$BP$59<>"",'ARDT Cutter Entry'!$BP$59<>0,'ARDT Cutter Entry'!$BP$59<>CY63,'ARDT Cutter Entry'!$BP$59<>CY62,'ARDT Cutter Entry'!$BP$59<>CY61,'ARDT Cutter Entry'!$BP$59<>CY60,'ARDT Cutter Entry'!$BP$59<>CY59),'ARDT Cutter Entry'!$BP$59,IF(AND('ARDT Cutter Entry'!$BP$60='ARDT Cutter Entry'!$BP$4,'ARDT Cutter Entry'!$BP$60<>"",'ARDT Cutter Entry'!$BP$60<>0,'ARDT Cutter Entry'!$BP$60<>CY63,'ARDT Cutter Entry'!$BP$60<>CY62,'ARDT Cutter Entry'!$BP$60<>CY61,'ARDT Cutter Entry'!$BP$60<>CY60,'ARDT Cutter Entry'!$BP$60<>CY59),'ARDT Cutter Entry'!$BP$60,IF(AND('ARDT Cutter Entry'!$BP$61='ARDT Cutter Entry'!$BP$5,'ARDT Cutter Entry'!$BP$61<>"",'ARDT Cutter Entry'!$BP$61<>0,'ARDT Cutter Entry'!$BP$61<>CY63,'ARDT Cutter Entry'!$BP$61<>CY62,'ARDT Cutter Entry'!$BP$61<>CY61,'ARDT Cutter Entry'!$BP$61<>CY60,'ARDT Cutter Entry'!$BP$61<>CY59),'ARDT Cutter Entry'!$BP$61,IF(AND('ARDT Cutter Entry'!$BP$62='ARDT Cutter Entry'!$BP$6,'ARDT Cutter Entry'!$BP$62<>"",'ARDT Cutter Entry'!$BP$62<>0,'ARDT Cutter Entry'!$BP$62<>CY63,'ARDT Cutter Entry'!$BP$62<>CY62,'ARDT Cutter Entry'!$BP$62<>CY61,'ARDT Cutter Entry'!$BP$62<>CY60,'ARDT Cutter Entry'!$BP$62<>CY59),'ARDT Cutter Entry'!$BP$62,IF(AND('ARDT Cutter Entry'!$BP$63='ARDT Cutter Entry'!$BP$7,'ARDT Cutter Entry'!$BP$63<>"",'ARDT Cutter Entry'!$BP$63<>0,'ARDT Cutter Entry'!$BP$63<>CY63,'ARDT Cutter Entry'!$BP$63<>CY62,'ARDT Cutter Entry'!$BP$63<>CY61,'ARDT Cutter Entry'!$BP$63<>CY60,'ARDT Cutter Entry'!$BP$63<>CY59),'ARDT Cutter Entry'!$BP$63,"")))))),"") -> 2001155 | DB64: 802064 | DD64: 35 | DE64: 770450 | DF64: 1618CT80 BL(0.018) | DG64: =DR64 & " " & DL64 -> 1618 CT80 BL 0.018" | DH64: 16 | DI64: 1618 | DJ64: CT80 | DK64: BL | DL64: 0.018" | DM64: 16 | DN64: 2 | DO64: 497 | DR64: =DI64 & " " & DJ64 & " " & DK64 -> 1618 CT80 BL | DS64: =DT64*1.3 -> 314.782 | DT64: 242.14 | DV64: B | DW64: 6.4.1 | DX64: 10 | DY64: 16mm Cutter Replacement Standard | DZ64: 16mm | EA64: 1 | EB64: EA | EC64: 490 | ED64: 6.4.1 10 | EE64: =SUMIF($G$12:$G$21,$DE64,$E$12:$E$21) -> 0 | EF64: =ROWS($DE$2:DE64) -> 63 | EG64: =IF($CY$60<>0,IF($CY$60=DE64,EF64,""),"") | EJ64: =IF($CY$61<>0,IF($CY$61=DE64,EF64,""),"") | EM64: =IF($CY$62<>0,IF($CY$62=DE64,EF64,""),"") | EP64: =IF($CY$63<>0,IF($CY$63=DE64,EF64,""),"") | ES64: =IF($CY$64<>0,IF($CY$64=DE64,EF64,""),"") | EV64: =IF($CY$65<>0,IF($CY$65=DE64,EF64,""),"") | EY64: =IF($CY$66<>0,IF($CY$66=DE64,EF64,""),"") | FB64: =IF($CY$67<>0,IF($CY$67=DE64,EF64,""),"") | FE64: =IF($CY$68<>0,IF($CY$68=DE64,EF64,""),"") | FH64: =IF($CY$69<>0,IF($CY$69=DE64,EF64,""),"") | FK64: =IF($CY$70<>0, IF($CY$70=DE64, EF64, ""), "") | FN64: =IF($CY$71<>0, IF($CY$71=DE64, EF64, ""), "") | FQ64: =IF($CY$72<>0, IF($CY$72=DE64, EF64, ""), "") | FT64: =IF($CY$73<>0, IF($CY$73=DE64, EF64, ""), "") | FW64: =IF($CY$74<>0, IF($CY$74=DE64, EF64, ""), "") | FZ64: =IF($CY$75<>0, IF($CY$75=DE64, EF64, ""), "") | GC64: =IF($CY$76<>0, IF($CY$76=DE64, EF64, ""), "") | GF64: =CONCATENATE("0",GH64," - ",GI64) -> 07.2 - 10 | GG64: =CONCATENATE(GH64," ",GI64) -> 7.2 10 | GH64: 7.2 | GI64: 10 | GJ64: 2-7/8" API Labor and Material | GK64: 2 7/8" | GL64: 1 | GM64: EA | GN64: 4600 | GO64: 1 | GP64: 2 7/8" | GQ64: Upper section Replacement - API - Labor and Material | GS64: =ROWS($GJ$20:GJ64) -> 45 | GT64: =IF($E$31<>0,IF($E$31=$GK64,$GS64,""),"")
B65: =IF(D6<>"",INDEX(D12:F21,MATCH(D6,D12:D21,2),3),"") | C65: =IF(G6<>"",INDEX(D12:F21,MATCH(G6,D12:D21,2),3),"") | F65: ARDT-LV3 | L65: 756502 | S65: 6.125 | T65: MMD63 | U65: 859588 | V65: B3 | W65: 2 | X65: 2 | Y65: 2 | Z65: 2 | AA65: 2 | AB65: 2 | AC65: 2 | AD65: 2 | AE65: 1 | AF65: 1 | BF65: =ROWS($U$46:U65) -> 20 | BG65: =IF(VALUE(SUBSTITUTE($B$5,"M",""))=U65,BF65,"") | BH65: =IFERROR(SMALL($BG$46:$BG$3014,ROWS($BG$46:BG65)),"") | BI65: ='ARDT Cutter Entry'!$BN$61 -> 6 | BJ65: ='ARDT Cutter Entry'!$BP$61 -> 0 | BK65: =IFERROR(INDEX($O$46:$T$132,$BH65:$BH76,COLUMNS($BE$46:BG65)),"") | BL65: =IFERROR(INDEX($O$46:$T$132,$BH65:$BH76,COLUMNS($BE$46:BH65)),"") | BM65: =IFERROR(INDEX($O$46:$T$132,$BH65:$BH76,COLUMNS($BE$46:BI65)),"") | CX65: =IF(CX64<>"",IF(AND(BI51<>"",BI51<>0),BI51,IF(AND($BI$63<>"",$BI$63<>0,$BI$63<>CX64,$BI$63<>CX63,$BI$63<>CX62,$BI$63<>CX61,$BI$63<>CX60),$BI$63,IF(AND($BI$64<>"",$BI$64<>0,$BI$64<>CX64,$BI$64<>CX63,$BI$64<>CX62,$BI$64<>CX61,$BI$64<>CX60),$BI$64,IF(AND($BI$65<>"",$BI$65<>0,$BI$65<>CX64,$BI$65<>CX63,$BI$65<>CX62,$BI$65<>CX61,$BI$65<>CX60),$BI$65,IF(AND($BI$66<>"",$BI$66<>0,$BI$66<>CX64,$BI$66<>CX63,$BI$66<>CX62,$BI$66<>CX61,$BI$66<>CX60),$BI$66,IF(AND($BI$67<>"",$BI$67<>0,$BI$67<>CX64,$BI$67<>CX63,$BI$67<>CX62,$BI$67<>CX61,$BI$67<>CX60),$BI$67,"")))))),"") -> 6 | CY65: =IF(CY64<>"",IF(AND(BJ51<>"",BJ51<>0),BJ51,IF(AND('ARDT Cutter Entry'!$BP$59='ARDT Cutter Entry'!$BP$3,'ARDT Cutter Entry'!$BP$59<>"",'ARDT Cutter Entry'!$BP$59<>0,'ARDT Cutter Entry'!$BP$59<>CY64,'ARDT Cutter Entry'!$BP$59<>CY63,'ARDT Cutter Entry'!$BP$59<>CY62,'ARDT Cutter Entry'!$BP$59<>CY61,'ARDT Cutter Entry'!$BP$59<>CY60),'ARDT Cutter Entry'!$BP$59,IF(AND('ARDT Cutter Entry'!$BP$60='ARDT Cutter Entry'!$BP$4,'ARDT Cutter Entry'!$BP$60<>"",'ARDT Cutter Entry'!$BP$60<>0,'ARDT Cutter Entry'!$BP$60<>CY64,'ARDT Cutter Entry'!$BP$60<>CY63,'ARDT Cutter Entry'!$BP$60<>CY62,'ARDT Cutter Entry'!$BP$60<>CY61,'ARDT Cutter Entry'!$BP$60<>CY60),'ARDT Cutter Entry'!$BP$60,IF(AND('ARDT Cutter Entry'!$BP$61='ARDT Cutter Entry'!$BP$5,'ARDT Cutter Entry'!$BP$61<>"",'ARDT Cutter Entry'!$BP$61<>0,'ARDT Cutter Entry'!$BP$61<>CY64,'ARDT Cutter Entry'!$BP$61<>CY63,'ARDT Cutter Entry'!$BP$61<>CY62,'ARDT Cutter Entry'!$BP$61<>CY61,'ARDT Cutter Entry'!$BP$61<>CY60),'ARDT Cutter Entry'!$BP$61,IF(AND('ARDT Cutter Entry'!$BP$62='ARDT Cutter Entry'!$BP$6,'ARDT Cutter Entry'!$BP$62<>"",'ARDT Cutter Entry'!$BP$62<>0,'ARDT Cutter Entry'!$BP$62<>CY64,'ARDT Cutter Entry'!$BP$62<>CY63,'ARDT Cutter Entry'!$BP$62<>CY62,'ARDT Cutter Entry'!$BP$62<>CY61,'ARDT Cutter Entry'!$BP$62<>CY60),'ARDT Cutter Entry'!$BP$62,IF(AND('ARDT Cutter Entry'!$BP$63='ARDT Cutter Entry'!$BP$7,'ARDT Cutter Entry'!$BP$63<>"",'ARDT Cutter Entry'!$BP$63<>0,'ARDT Cutter Entry'!$BP$63<>CY64,'ARDT Cutter Entry'!$BP$63<>CY63,'ARDT Cutter Entry'!$BP$63<>CY62,'ARDT Cutter Entry'!$BP$63<>CY61,'ARDT Cutter Entry'!$BP$63<>CY60),'ARDT Cutter Entry'!$BP$63,"")))))),"") | DB65: 802065 | DD65: 57 | DE65: 770451 | DF65: 19mm Short Bullet CT80 0.018 | DG65: =DR65 & " " & DL65 -> 19 CT80 Short Bullet 0.018" | DH65: 19 | DI65: 19 | DJ65: CT80 | DK65: Short Bullet | DL65: 0.018" | DM65: 0 | DN65: 11 | DO65: 660 | DR65: =DI65 & " " & DJ65 & " " & DK65 -> 19 CT80 Short Bullet | DS65: =DT65*1.3 -> 345.943 | DT65: 266.11 | DV65: B | DW65: 6.5.1 | DX65: 10 | DY65: 19mm Cutter Replacement Standard | DZ65: 19mm | EA65: 1 | EB65: EA | EC65: 615 | ED65: 6.5.1 10 | EE65: =SUMIF($G$12:$G$21,$DE65,$E$12:$E$21) -> 0 | EF65: =ROWS($DE$2:DE65) -> 64 | EG65: =IF($CY$60<>0,IF($CY$60=DE65,EF65,""),"") | EJ65: =IF($CY$61<>0,IF($CY$61=DE65,EF65,""),"") | EM65: =IF($CY$62<>0,IF($CY$62=DE65,EF65,""),"") | EP65: =IF($CY$63<>0,IF($CY$63=DE65,EF65,""),"") | ES65: =IF($CY$64<>0,IF($CY$64=DE65,EF65,""),"") | EV65: =IF($CY$65<>0,IF($CY$65=DE65,EF65,""),"") | EY65: =IF($CY$66<>0,IF($CY$66=DE65,EF65,""),"") | FB65: =IF($CY$67<>0,IF($CY$67=DE65,EF65,""),"") | FE65: =IF($CY$68<>0,IF($CY$68=DE65,EF65,""),"") | FH65: =IF($CY$69<>0,IF($CY$69=DE65,EF65,""),"") | FK65: =IF($CY$70<>0, IF($CY$70=DE65, EF65, ""), "") | FN65: =IF($CY$71<>0, IF($CY$71=DE65, EF65, ""), "") | FQ65: =IF($CY$72<>0, IF($CY$72=DE65, EF65, ""), "") | FT65: =IF($CY$73<>0, IF($CY$73=DE65, EF65, ""), "") | FW65: =IF($CY$74<>0, IF($CY$74=DE65, EF65, ""), "") | FZ65: =IF($CY$75<>0, IF($CY$75=DE65, EF65, ""), "") | GC65: =IF($CY$76<>0, IF($CY$76=DE65, EF65, ""), "") | GF65: =CONCATENATE("0",GH65," - ",GI65) -> 07.3 - 10 | GG65: =CONCATENATE(GH65," ",GI65) -> 7.3 10 | GH65: 7.3 | GI65: 10 | GJ65: 3-1/2" API Labor and Material | GK65: 3 1/2" | GL65: 1 | GM65: EA | GN65: 5520 | GO65: 1 | GP65: 3 1/2" | GQ65: Upper section Replacement - API - Labor and Material | GS65: =ROWS($GJ$20:GJ65) -> 46 | GT65: =IF($E$31<>0,IF($E$31=$GK65,$GS65,""),"")
