Workbook

Sheet LSTK
A1: ORDER NO. | B1: SERIAL NO | C1: SIZE | D1: TYPE | E1: MAT NO. | F1: RECIVED | G1: FROM | H1: Origional MAT Level | I1: NEW TYPE | J1: STATUS | K1: FINAL | L1: Upper Section Replacement | M1: Build up | N1: Brazer | O1: Spinner | P1: Tip Grinding by | Q1: QC | R1: Thread Cleaning / Machining | S1: Body Cleaning / Machining | T1: Erosion sleeve | U1: Rework | V1: ACCOMPLISHED DATE | W1: REMARKS | X1: Job Name | Y1: Issues report | Z1: PDC Production Days | AA1: Lost Cutter | AB1: ITEM NUMBER | AC1: MJ # | AD1: Production Order Number | AE1: TRANSFER ORDER | AF1: Quotation | AG1: RAF
A2: 20161255 | C2: 6 1/8" | D2: FMD44 | E2: 702617 | J2: HOLD | V2: _ | W2: OLD MAT | AF2: =IFERROR(IF($AA$1<>0,IF($AA$1=VALUE(#REF!),AG2,""),""),"")
A3: 20171007 | B3: 12721812R2 | C3: 6 1/8" | D3: MMD63 | E3: 952071 | F3: 42737 | J3: Repair | V3: _ | W3: we changed the upper Section | AF3: =IFERROR(IF($AA$1<>0,IF($AA$1=VALUE(#REF!),AG3,""),""),"")
A4: 20171057 | B4: 12652742R | C4: 6 1/8" | D4: MMG64H | E4: 953042 | F4: 42757 | J4: HOLD | V4: _ | W4: 12665 $ | AF4: =IFERROR(IF($AA$1<>0,IF($AA$1=VALUE(#REF!),AG4,""),""),"")
A5: 20171089 | B5: 12679502R | C5: 6 1/8" | D5: MMG64H | E5: 953042 | J5: HOLD | V5: _ | W5: 13098 $ | AF5: =IFERROR(IF($AA$1<>0,IF($AA$1=VALUE(#REF!),AG5,""),""),"")
A6: 20171162 | B6: 12693583R1 | C6: 6 1/8" | D6: MME63 | E6: 965530 | F6: 42807 | J6: HOLD | V6: _ | W6: Thread and Blade damage. 13098 $ AND NEED RECLAIM CUTTERS [ 752294, 1010 CT82 .018 | AF6: =IFERROR(IF($AA$1<>0,IF($AA$1=VALUE(#REF!),AG6,""),""),"")
A7: 20171168 | B7: 12733371R2 | C7: 6 1/8" | D7: MMG64H | E7: 953042 | J7: HOLD | T7: =IFERROR(SMALL($AF$2:$AF$549,ROWS(L$2:$AF7)),"") | V7: _ | W7: Saved body | AF7: =IFERROR(IF($AA$1<>0,IF($AA$1=VALUE(#REF!),AG7,""),""),"")
A8: 20171170 | B8: 12694312R2 | C8: 6 1/8" | D8: MMG64H | E8: 953042 | J8: HOLD | T8: =IFERROR(SMALL($AF$2:$AF$549,ROWS(L$2:$AF8)),"") | V8: _ | W8: Saved body | AF8: =IFERROR(IF($AA$1<>0,IF($AA$1=VALUE(#REF!),AG8,""),""),"")
A9: 20171182 | B9: 12733370R1 | C9: 6 1/8" | D9: MMG64H | E9: 953042 | J9: HOLD | T9: =IFERROR(SMALL($AF$2:$AF$549,ROWS(L$2:$AF9)),"") | V9: _ | W9: Saved body | AF9: =IFERROR(IF($AA$1<>0,IF($AA$1=VALUE(#REF!),AG9,""),""),"")
A10: 20171462 | B10: 12877927 | C10: 12 1/4" | D10: MMD76H | E10: 952533 | F10: 43097 | J10: Repair | T10: =IFERROR(SMALL($AF$2:$AF$549,ROWS(L$2:$AF10)),"") | V10: _ | AF10: =IFERROR(IF($AA$1<>0,IF($AA$1=VALUE(#REF!),AG10,""),""),"")
A11: 20171464 | B11: 12847522 | C11: 6 1/8" | D11: MMD54H | E11: 986403 | F11: 43100 | J11: Repair | T11: =IFERROR(SMALL($AF$2:$AF$549,ROWS(L$2:$AF11)),"") | V11: _ | AF11: =IFERROR(IF($AA$1<>0,IF($AA$1=VALUE(#REF!),AG11,""),""),"")
A12: 20181003 | B12: 12529832R3 | C12: 8 1/2" | D12: MMD65H | E12: 791578 | F12: 43102 | J12: Repair | T12: =IFERROR(SMALL($AF$2:$AF$549,ROWS(L$2:$AF12)),"") | V12: _ | AF12: =IFERROR(IF($AA$1<>0,IF($AA$1=VALUE(#REF!),AG12,""),""),"")
A13: 20181007 | B13: 12924919R1 | C13: 8 1/2" | D13: MMD65H | E13: 1011366 | F13: 43108 | J13: Repair | T13: =IFERROR(SMALL($AF$2:$AF$549,ROWS(L$2:$AF13)),"") | V13: _ | W13: Cruzer | AF13: =IFERROR(IF($AA$1<>0,IF($AA$1=VALUE(#REF!),AG13,""),""),"")
A14: 20181012 | B14: 12680226R2 | C14: 6 1/8" | D14: MMD63 | E14: 952071 | F14: 43116 | J14: Repair | T14: =IFERROR(SMALL($AF$2:$AF$549,ROWS(L$2:$AF14)),"") | V14: _ | AF14: =IFERROR(IF($AA$1<>0,IF($AA$1=VALUE(#REF!),AG14,""),""),"")
A15: 20181013 | B15: 12800691R3 | C15: 6 1/8" | D15: MMD54H | E15: 986403 | F15: 43116 | J15: Repair | T15: =IFERROR(SMALL($AF$2:$AF$549,ROWS(L$2:$AF15)),"") | V15: _ | AF15: =IFERROR(IF($AA$1<>0,IF($AA$1=VALUE(#REF!),AG15,""),""),"")
A16: 20181014 | B16: 12847522R | C16: 6 1/8" | D16: MMD54H | E16: 986403 | F16: 43116 | J16: Repair | T16: =IFERROR(SMALL($AF$2:$AF$549,ROWS(L$2:$AF16)),"") | V16: _ | AF16: =IFERROR(IF($AA$1<>0,IF($AA$1=VALUE(#REF!),AG16,""),""),"")
A17: 20181018 | B17: 12529832R4 | C17: 8 1/2" | D17: MMD65H | E17: 791578 | F17: 43121 | J17: Repair | T17: =IFERROR(SMALL($AF$2:$AF$549,ROWS(L$2:$AF17)),"") | V17: _ | AF17: =IFERROR(IF($AA$1<>0,IF($AA$1=VALUE(#REF!),AG17,""),""),"")
A18: 20181019 | B18: 12652181R | C18: 12 1/4" | D18: MMD76H | E18: 952533 | F18: 43121 | J18: Repair | T18: =IFERROR(SMALL($AF$2:$AF$549,ROWS(L$2:$AF18)),"") | V18: _ | AF18: =IFERROR(IF($AA$1<>0,IF($AA$1=VALUE(#REF!),AG18,""),""),"")
A19: 20181025 | B19: 12847522R2 | C19: 6 1/8" | D19: MMD54H | E19: 986403 | F19: 43128 | J19: Repair | T19: =IFERROR(SMALL($AF$2:$AF$549,ROWS(L$2:$AF19)),"") | V19: _ | AF19: =IFERROR(IF($AA$1<>0,IF($AA$1=VALUE(#REF!),AG19,""),""),"")
A20: 20181029 | B20: 12667067R2 | C20: 6 1/8" | D20: MMG64H | E20: 953042 | F20: 43131 | J20: Repair | T20: =IFERROR(SMALL($AF$2:$AF$549,ROWS(L$2:$AF20)),"") | V20: _ | AF20: =IFERROR(IF($AA$1<>0,IF($AA$1=VALUE(#REF!),AG20,""),""),"")
A21: 20181034 | B21: 12584328R3 | C21: 6 1/8" | D21: MMD63 | E21: 859588 | F21: 43143 | J21: Repair | T21: =IFERROR(SMALL($AF$2:$AF$549,ROWS(L$2:$AF21)),"") | V21: _ | AF21: =IFERROR(IF($AA$1<>0,IF($AA$1=VALUE(#REF!),AG21,""),""),"")
A22: 20181037 | B22: 12800691R4 | C22: 6 1/8" | D22: MMD54H | E22: 986403M | F22: 43144 | J22: Repair | T22: =IFERROR(SMALL($AF$2:$AF$549,ROWS(L$2:$AF22)),"") | V22: _ | AF22: =IFERROR(IF($AA$1<>0,IF($AA$1=VALUE(#REF!),AG22,""),""),"")
A23: 20181039 | B23: 12667067R3 | C23: 6 1/8" | D23: MMG64H | E23: 953042 | F23: 43147 | J23: Repair | T23: =IFERROR(SMALL($AF$2:$AF$549,ROWS(L$2:$AF23)),"") | V23: _ | AF23: =IFERROR(IF($AA$1<>0,IF($AA$1=VALUE(#REF!),AG23,""),""),"")
A24: 20181040 | B24: 12847522R3 | C24: 6 1/8" | D24: MMD54H | E24: 986403 | F24: 43147 | J24: Repair | T24: =IFERROR(SMALL($AF$2:$AF$549,ROWS(L$2:$AF24)),"") | V24: _ | AF24: =IFERROR(IF($AA$1<>0,IF($AA$1=VALUE(#REF!),AG24,""),""),"")
A25: 20181042 | B25: 12877927R | C25: 12 1/4" | D25: MMD76H | E25: 952533 | F25: 43144 | J25: HOLD | T25: =IFERROR(SMALL($AF$2:$AF$549,ROWS(L$2:$AF25)),"") | V25: _ | W25: Saved body | AF25: =IFERROR(IF($AA$1<>0,IF($AA$1=VALUE(#REF!),AG25,""),""),"")
A26: 20181045 | B26: 12652181R2 | C26: 12 1/4" | D26: MMD76H | E26: 952533M | F26: 43150 | J26: HOLD | T26: =IFERROR(SMALL($AF$2:$AF$549,ROWS(L$2:$AF26)),"") | V26: _ | AF26: =IFERROR(IF($AA$1<>0,IF($AA$1=VALUE(#REF!),AG26,""),""),"")
A27: 20181047 | B27: 12847523 | C27: 6 1/8" | D27: MMD54H | E27: 986403 | F27: 43151 | J27: Repair | V27: _ | AF27: =IFERROR(IF($AA$1<>0,IF($AA$1=VALUE(#REF!),AG27,""),""),"")
A28: 20181050 | B28: 12529832R5 | C28: 8 1/2" | D28: MMD65H | E28: 791578 | F28: 43156 | J28: Repair | V28: _ | AF28: =IFERROR(IF($AA$1<>0,IF($AA$1=VALUE(#REF!),AG28,""),""),"")
A29: 20181052 | B29: 12934734 | C29: 3 7/8" | D29: SF53 | E29: 1025815 | F29: 43157 | J29: Repair | V29: _ | AF29: =IFERROR(IF($AA$1<>0,IF($AA$1=VALUE(#REF!),AG29,""),""),"")
A30: 20181054 | B30: 12762915R2 | C30: 12 1/4" | D30: SFD66CH | E30: 870474 | F30: 43158 | J30: HOLD | V30: _ | AF30: =IFERROR(IF($AA$1<>0,IF($AA$1=VALUE(#REF!),AG30,""),""),"")
A31: 20181056 | B31: 13010775 | C31: 12 1/4" | D31: MMD76H | E31: 952533M | F31: 43164 | J31: Repair | V31: _ | W31: Thread Damage [ unaccepetale ] replace the uper section( After cleaned, abdul decided to accept ) . IA build up [ B1( I5), B2 (I5), B3 (I7),B5 (I8),B6 (I5), B7 (I4)]. Reclaim cutters [ 12 cutters 1913 ,0.010'] &[ 5 cutters 1913, 0.018] . [ 8 cutters new cutters 1913, 0.010' ] | AF31: =IFERROR(IF($AA$1<>0,IF($AA$1=VALUE(#REF!),AG31,""),""),"")
A32: 20181057 | B32: 12978769 | C32: 6 1/8" | D32: MMD64H | E32: 1032847 | F32: 43165 | J32: Repair | V32: _ | AF32: =IFERROR(IF($AA$1<>0,IF($AA$1=VALUE(#REF!),AG32,""),""),"")
A33: 20181060 | B33: 12800691R5 | C33: 6 1/8" | D33: MMD54H | E33: 986403M | F33: 3/11/2018 | J33: Repair | V33: _ | AF33: =IFERROR(IF($AA$1<>0,IF($AA$1=VALUE(#REF!),AG33,""),""),"")
A34: 20181065 | B34: 12680225R2 | C34: 6 1/8" | D34: MMD63 | E34: 952071 | F34: 43173 | J34: Repair | V34: _ | AF34: =IFERROR(IF($AA$1<>0,IF($AA$1=VALUE(#REF!),AG34,""),""),"")
A35: 20181068 | B35: 12978769R1 | C35: 6 1/8" | D35: MMD64H | E35: 1032847 | F35: 43177 | J35: Repair | V35: _ | AF35: =IFERROR(IF($AA$1<>0,IF($AA$1=VALUE(#REF!),AG35,""),""),"")
A36: 20181069 | B36: 12584328R4 | C36: 6 1/8" | D36: MMD63 | E36: 859588 | F36: 43177 | J36: Repair | V36: _ | W36: Not approved | AF36: =IFERROR(IF($AA$1<>0,IF($AA$1=VALUE(#REF!),AG36,""),""),"")
A37: 20181071 | B37: 12934734R | C37: 3 7/8" | D37: SF53 | E37: 1025815 | F37: 43179 | J37: Repair | V37: _ | AF37: =IFERROR(IF($AA$1<>0,IF($AA$1=VALUE(#REF!),AG37,""),""),"")
A38: 20181075 | B38: 13010775R1 | C38: 12 1/4" | D38: MMD76H | E38: 952533M | F38: 43188 | J38: Repair | V38: _ | W38: Mixed cutters. | AF38: =IFERROR(IF($AA$1<>0,IF($AA$1=VALUE(#REF!),AG38,""),""),"")
A39: 20181077 | B39: 11848664R2 | C39: 8 1/2" | D39: FXD65 | E39: 639070 | F39: 43192 | J39: Repair | V39: _ | AF39: =IFERROR(IF($AA$1<>0,IF($AA$1=VALUE(#REF!),AG39,""),""),"")
A40: 20181078 | B40: 12847523R | C40: 6 1/8" | D40: MMD54H | E40: 986403 | F40: 43192 | J40: Repair | V40: _ | AF40: =IFERROR(IF($AA$1<>0,IF($AA$1=VALUE(#REF!),AG40,""),""),"")
A41: 20181080 | B41: 12978769R2 | C41: 6 1/8" | D41: MMD64H | E41: 1032847 | F41: 43193 | J41: Repair | V41: _ | AF41: =IFERROR(IF($AA$1<>0,IF($AA$1=VALUE(#REF!),AG41,""),""),"")
A42: 20181083 | B42: 12800691R6 | C42: 6 1/8" | D42: MMD54H | E42: 986403M | F42: 43198 | J42: Repair | V42: _ | AF42: =IFERROR(IF($AA$1<>0,IF($AA$1=VALUE(#REF!),AG42,""),""),"")
A43: 20181085 | B43: 12978769R3 | C43: 6 1/8" | D43: MMD64H | E43: 1032847 | F43: 43199 | J43: Repair | V43: _ | AF43: =IFERROR(IF($AA$1<>0,IF($AA$1=VALUE(#REF!),AG43,""),""),"")
A44: 20181087 | B44: 12847522R4 | C44: 6 1/8" | D44: MMD54H | E44: 986403M | F44: 43199 | J44: Repair | V44: _ | AF44: =IFERROR(IF($AA$1<>0,IF($AA$1=VALUE(#REF!),AG44,""),""),"")
A45: 20181090 | B45: 12934734R2 | C45: 3 7/8" | D45: SF53 | E45: 1025815 | F45: 43206 | J45: Repair | V45: _ | AF45: =IFERROR(IF($AA$1<>0,IF($AA$1=VALUE(#REF!),AG45,""),""),"")
A46: 20181095 | B46: 12854790 | C46: 6 1/8" | D46: MMD54H | E46: 986403 | F46: 43209 | J46: Repair | V46: _ | AF46: =IFERROR(IF($AA$1<>0,IF($AA$1=VALUE(#REF!),AG46,""),""),"")
A47: 20181099 | B47: 12847523R2 | C47: 6 1/8" | D47: MMD54H | E47: 986403M | F47: 43212 | J47: Repair | V47: _ | AF47: =IFERROR(IF($AA$1<>0,IF($AA$1=VALUE(#REF!),AG47,""),""),"")
A48: 20181102 | B48: 12978769R4 | C48: 6 1/8" | D48: MMD64H | E48: 1032847 | F48: 43220 | J48: Repair | V48: _ | AF48: =IFERROR(IF($AA$1<>0,IF($AA$1=VALUE(#REF!),AG48,""),""),"")
A49: 20181103 | B49: 13010774 | C49: 12 1/4" | D49: MMD76H | E49: 952533M | F49: 43220 | J49: Repair | V49: _ | W49: 8 1913CT82 0.018" | AF49: =IFERROR(IF($AA$1<>0,IF($AA$1=VALUE(#REF!),AG49,""),""),"")
A50: 20181105 | B50: 13015725 | C50: 6 1/8" | D50: MMD54H | E50: 1061431 | F50: 43220 | J50: Repair | V50: _ | AF50: =IFERROR(IF($AA$1<>0,IF($AA$1=VALUE(#REF!),AG50,""),""),"")
A51: 20181106 | B51: 12847522R5 | C51: 6 1/8" | D51: MMD54H | E51: 986403M | F51: 43220 | J51: Repair | V51: _ | AF51: =IFERROR(IF($AA$1<>0,IF($AA$1=VALUE(#REF!),AG51,""),""),"")
A52: 20181112 | B52: 12364524R6 | C52: 6 1/8" | D52: FXD63 | E52: 859588 | F52: 43228 | J52: Repair | V52: _ | W52: No Grfaphite | AF52: =IFERROR(IF($AA$1<>0,IF($AA$1=VALUE(#REF!),AG52,""),""),"")
A53: 20181113 | B53: 12934734R3 | C53: 3 7/8" | D53: SF53 | E53: 1025815 | F53: 43228 | J53: Repair | V53: _ | AF53: =IFERROR(IF($AA$1<>0,IF($AA$1=VALUE(#REF!),AG53,""),""),"")
A54: 20181116 | B54: 12854790R1 | C54: 6 1/8" | D54: MMD54H | E54: 986403 | F54: 43230 | J54: Repair | V54: _ | AF54: =IFERROR(IF($AA$1<>0,IF($AA$1=VALUE(#REF!),AG54,""),""),"")
A55: 20181120 | B55: 12934734R4 | C55: 3 7/8" | D55: SF53 | E55: 1025815 | F55: 43236 | J55: Repair | V55: _ | AF55: =IFERROR(IF($AA$1<>0,IF($AA$1=VALUE(#REF!),AG55,""),""),"")
A56: 20181121 | B56: 13010774R | C56: 12 1/4" | D56: MMD76H | E56: 952533M | F56: 43241 | J56: Repair | V56: _ | AF56: =IFERROR(IF($AA$1<>0,IF($AA$1=VALUE(#REF!),AG56,""),""),"")
A57: 20181123 | B57: 12854790R2 | C57: 6 1/8" | D57: MMD54H | E57: 986403 | F57: 43248 | J57: Repair | V57: _ | W57: pitting in shank and erosion. 1 1313CT200 FROM RECLAIM. | AF57: =IFERROR(IF($AA$1<>0,IF($AA$1=VALUE(#REF!),AG57,""),""),"")
A58: 20181124 | B58: 12847522R6 | C58: 6 1/8" | D58: MMD54H | E58: 986403M | F58: 43248 | J58: Repair | V58: _ | AF58: =IFERROR(IF($AA$1<>0,IF($AA$1=VALUE(#REF!),AG58,""),""),"")
A59: 20181125 | B59: 12800691R7 | C59: 6 1/8" | D59: MMD54H | E59: 986403 | F59: 43249 | J59: Repair | V59: _ | W59: M DELETED | AF59: =IFERROR(IF($AA$1<>0,IF($AA$1=VALUE(#REF!),AG59,""),""),"")
A60: 20181132 | B60: 12529832R6 | C60: 8 1/2" | D60: MMD65H | E60: 791578M | F60: 43253 | J60: Repair | V60: _ | W60: 11 1613CT82 cutters from reclaim.changed by technology. | AF60: =IFERROR(IF($AA$1<>0,IF($AA$1=VALUE(#REF!),AG60,""),""),"")
A61: 20181138 | B61: 12680226R3 | C61: 6 1/8" | D61: MMD63 | E61: 952071 | F61: 43261 | J61: Repair | V61: _ | W61: Blade damage B2 & B5 needs matrix build up. 11 1010CT80 Cutters from reclaim. | AF61: =IFERROR(IF($AA$1<>0,IF($AA$1=VALUE(#REF!),AG61,""),""),"")
A62: 20181140 | B62: 12934734R5 | C62: 3 7/8" | D62: SF53 | E62: 1025815 | F62: 43261 | J62: Repair | V62: _ | W62: Needs build up in B4P3 & P4, B5P2 & P3, Bit under gauge, Acceptable. | AF62: =IFERROR(IF($AA$1<>0,IF($AA$1=VALUE(#REF!),AG62,""),""),"")
A63: 20181142 | B63: 12721812R3 | C63: 6 1/8" | D63: MMD63 | E63: 952071 | F63: 43264 | J63: Repair | V63: _ | AF63: =IFERROR(IF($AA$1<>0,IF($AA$1=VALUE(#REF!),AG63,""),""),"")
A64: 20181145 | B64: 12978769R5 | C64: 6 1/8" | D64: MMD64H | E64: 1032847 | F64: 43267 | J64: Repair | V64: _ | AF64: =IFERROR(IF($AA$1<>0,IF($AA$1=VALUE(#REF!),AG64,""),""),"")
A65: 20181149 | B65: 12936218R1 | C65: 8 1/2" | D65: MMD65H | E65: 1041673 | F65: 43273 | J65: Repair | V65: _ | AF65: =IFERROR(IF($AA$1<>0,IF($AA$1=VALUE(#REF!),AG65,""),""),"")
A66: 20181150 | B66: 13010774R2 | C66: 12 1/4" | D66: MMD76H | E66: 952533M | F66: 43273 | J66: Repair | V66: _ | AF66: =IFERROR(IF($AA$1<>0,IF($AA$1=VALUE(#REF!),AG66,""),""),"")
A67: 20181154 | B67: 13015725R1 | C67: 6 1/8" | D67: MMD54H | E67: 1061431 | F67: 43277 | J67: Repair | V67: _ | W67: Changed by Technology (Osama). | AF67: =IFERROR(IF($AA$1<>0,IF($AA$1=VALUE(#REF!),AG67,""),""),"")
A68: 20181155 | B68: 12800691R8 | C68: 6 1/8" | D68: MMD54H | E68: 986403M | F68: 43277 | J68: Repair | V68: _ | W68: Apex crack acceptable, minor thread damage needs filling, nozzle thread damage between B1 & B3 if pressure test pass acceptable. | AF68: =IFERROR(IF($AA$1<>0,IF($AA$1=VALUE(#REF!),AG68,""),""),"")
A69: 20181159 | B69: 12847523R3 | C69: 6 1/8" | D69: MMD54H | E69: 986403M | F69: 43282 | J69: Repair | V69: _ | AF69: =IFERROR(IF($AA$1<>0,IF($AA$1=VALUE(#REF!),AG69,""),""),"")
A70: 20181161 | B70: 12854790R3 | C70: 6 1/8" | D70: MMD54H | E70: 986403M | F70: 43283 | J70: Repair | V70: _ | AF70: =IFERROR(IF($AA$1<>0,IF($AA$1=VALUE(#REF!),AG70,""),""),"")
A71: 20181167 | B71: 13010774R3 | C71: 12 1/4" | D71: MMD76H | E71: 952533M | F71: 43297 | J71: Repair | V71: _ | AF71: =IFERROR(IF($AA$1<>0,IF($AA$1=VALUE(#REF!),AG71,""),""),"")
A72: 20181168 | B72: 12934734R6 | C72: 3 7/8" | D72: SF53 | E72: 1025815 | F72: 43298 | J72: Repair | V72: _ | AF72: =IFERROR(IF($AA$1<>0,IF($AA$1=VALUE(#REF!),AG72,""),""),"")
A73: 20181169 | B73: 12998454 | C73: 8 1/2" | D73: MMD65H | E73: 952724 | F73: 43298 | J73: Repair | V73: _ | AF73: =IFERROR(IF($AA$1<>0,IF($AA$1=VALUE(#REF!),AG73,""),""),"")
A74: 20181171 | B74: 13010775R2 | C74: 12 1/4" | D74: MMD76H | E74: 952533M | F74: 43299 | J74: Repair | V74: _ | W74: upper section replacement | AF74: =IFERROR(IF($AA$1<>0,IF($AA$1=VALUE(#REF!),AG74,""),""),"")
A75: 20181172 | B75: 13015725R2 | C75: 6 1/8" | D75: MMD54H | E75: 1061431 | F75: 43303 | J75: Repair | V75: _ | AF75: =IFERROR(IF($AA$1<>0,IF($AA$1=VALUE(#REF!),AG75,""),""),"")
A76: 20181174 | B76: 13064087 | C76: 6 1/8" | D76: MMD64H | E76: 1032847 | F76: 43305 | J76: Repair | V76: _ | AF76: =IFERROR(IF($AA$1<>0,IF($AA$1=VALUE(#REF!),AG76,""),""),"")
A77: 20181175 | B77: 12721812R4 | C77: 6 1/8" | D77: MMD63 | E77: 952071 | F77: 43305 | J77: Repair | V77: _ | AF77: =IFERROR(IF($AA$1<>0,IF($AA$1=VALUE(#REF!),AG77,""),""),"")
A78: 20181178 | B78: 12680226R4 | C78: 6 1/8" | D78: MMD63 | E78: 952071 | F78: 43307 | J78: Repair | V78: _ | AF78: =IFERROR(IF($AA$1<>0,IF($AA$1=VALUE(#REF!),AG78,""),""),"")
A79: 20181181 | B79: 12800691R9 | C79: 6 1/8" | D79: MMD54H | E79: 986403M | F79: 43310 | J79: Repair | V79: _ | AF79: =IFERROR(IF($AA$1<>0,IF($AA$1=VALUE(#REF!),AG79,""),""),"")
A80: 20181182 | B80: 13010774R4 | C80: 12 1/4" | D80: MMD76H | E80: 952533M | F80: 43311 | J80: Repair | V80: _ | AF80: =IFERROR(IF($AA$1<>0,IF($AA$1=VALUE(#REF!),AG80,""),""),"")
A81: 20181184 | B81: 12934734R7 | C81: 3 7/8" | D81: SF53 | E81: 1025815 | F81: 43313 | J81: Repair | V81: _ | AF81: =IFERROR(IF($AA$1<>0,IF($AA$1=VALUE(#REF!),AG81,""),""),"")
A82: 20181185 | B82: 12847522R7 | C82: 6 1/8" | D82: MMD54H | E82: 986403M | F82: 43314 | J82: Repair | V82: _ | AF82: =IFERROR(IF($AA$1<>0,IF($AA$1=VALUE(#REF!),AG82,""),""),"")
A83: 20181188 | B83: 13010775R3 | C83: 12 1/4" | D83: MMD76H | E83: 952533M | F83: 43318 | J83: Repair | V83: _ | AF83: =IFERROR(IF($AA$1<>0,IF($AA$1=VALUE(#REF!),AG83,""),""),"")
A84: 20181190 | B84: 13017455 | C84: 3 7/8" | D84: SF53 | E84: 1059290 | F84: 43319 | J84: Repair | V84: _ | AF84: =IFERROR(IF($AA$1<>0,IF($AA$1=VALUE(#REF!),AG84,""),""),"")
A85: 20181191 | B85: 13064084 | C85: 6 1/8" | D85: MMD64H | E85: 1032847 | F85: 43320 | J85: Repair | V85: _ | AF85: =IFERROR(IF($AA$1<>0,IF($AA$1=VALUE(#REF!),AG85,""),""),"")
A86: 20181192 | B86: 13052802 | C86: 12 1/4" | D86: GT76H | E86: 1054398 | F86: 43320 | J86: Repair | V86: _ | AF86: =IFERROR(IF($AA$1<>0,IF($AA$1=VALUE(#REF!),AG86,""),""),"")
A87: 20181193 | B87: 12854790R4 | C87: 6 1/8" | D87: MMD54H | E87: 986403M | F87: 43321 | J87: Repair | V87: _ | AB87: R-HD-23-0051 | AC87: MJ-002608 | AF87: =IFERROR(IF($AA$1<>0,IF($AA$1=VALUE(#REF!),AG87,""),""),"")
A88: 20181195 | B88: 13064077 | C88: 12 1/4" | D88: MMD76H | E88: 952533 | F88: 43324 | J88: HOLD | V88: _ | AB88: R-HD-23-0052 | AC88: MJ-002609 | AF88: =IFERROR(IF($AA$1<>0,IF($AA$1=VALUE(#REF!),AG88,""),""),"")
A89: 20181197 | B89: 12998454R1 | C89: 8 1/2" | D89: MMD65H | E89: 1067911 | F89: 43324 | J89: Repair | V89: _ | AB89: R-HD-23-0053 | AC89: MJ-002610 | AF89: =IFERROR(IF($AA$1<>0,IF($AA$1=VALUE(#REF!),AG89,""),""),"")
A90: 20181198 | B90: 12934734R8 | C90: 3 7/8" | D90: SF53 | E90: 1025815 | F90: 43325 | J90: Repair | V90: _ | AB90: R-HD-23-0054 | AC90: MJ-002611 | AF90: =IFERROR(IF($AA$1<>0,IF($AA$1=VALUE(#REF!),AG90,""),""),"")
A91: 20181199 | B91: 12529832R7 | C91: 8 1/2" | D91: MMD65H | E91: 791578M | F91: 43330 | J91: Repair | V91: _ | AF91: =IFERROR(IF($AA$1<>0,IF($AA$1=VALUE(#REF!),AG91,""),""),"")
A92: 20181200 | B92: 12978769R6 | C92: 6 1/8" | D92: MMD64H | E92: 1032847M | F92: 43330 | J92: Repair | V92: _ | AF92: =IFERROR(IF($AA$1<>0,IF($AA$1=VALUE(#REF!),AG92,""),""),"")
A93: 20181201 | B93: 12584328R5 | C93: 6 1/8" | D93: MMD63 | E93: 859588 | F93: 43330 | J93: Repair | V93: _ | AB93: R-HD-23-0057 | AC93: MJ-003201 | AF93: =IFERROR(IF($AA$1<>0,IF($AA$1=VALUE(#REF!),AG93,""),""),"")
A94: 20181204 | B94: 13015725R3 | C94: 6 1/8" | D94: MMD54H | E94: 1061431 | F94: 43338 | J94: Repair | V94: _ | AB94: R-HD-23-0058 | AC94: MJ-003202 | AF94: =IFERROR(IF($AA$1<>0,IF($AA$1=VALUE(#REF!),AG94,""),""),"")
A95: 20181205 | B95: 12847523R4 | C95: 6 1/8" | D95: MMD54H | E95: 986403M | F95: 43338 | J95: Repair | V95: _ | AF95: =IFERROR(IF($AA$1<>0,IF($AA$1=VALUE(#REF!),AG95,""),""),"")
A96: 20181207 | B96: 12936218R2 | C96: 8 1/2" | D96: MMD65H | E96: 1041673 | F96: 43338 | J96: Repair | V96: _ | AF96: =IFERROR(IF($AA$1<>0,IF($AA$1=VALUE(#REF!),AG96,""),""),"")
A97: 20181208 | B97: 12847522R8 | C97: 6 1/8" | D97: MMD54H | E97: 986403M | F97: 43341 | J97: Repair | V97: _ | AF97: =IFERROR(IF($AA$1<>0,IF($AA$1=VALUE(#REF!),AG97,""),""),"")
A98: 20181210 | B98: 13064087R1 | C98: 6 1/8" | D98: MMD64H | E98: 1032847 | F98: 43345 | J98: Repair | V98: _ | AF98: =IFERROR(IF($AA$1<>0,IF($AA$1=VALUE(#REF!),AG98,""),""),"")
A99: 20181211 | B99: 12680225R3 | C99: 6 1/8" | D99: MMD63 | E99: 952071 | F99: 43345 | J99: Repair | V99: _ | AF99: =IFERROR(IF($AA$1<>0,IF($AA$1=VALUE(#REF!),AG99,""),""),"")
A100: 20181214 | B100: 12800691R10 | C100: 6 1/8" | D100: MMD54H | E100: 986403M | F100: 43347 | J100: Repair | V100: _ | AF100: =IFERROR(IF($AA$1<>0,IF($AA$1=VALUE(#REF!),AG100,""),""),"")
...

Sheet UR
A1: ORDER NO. | B1: SERIAL NO | C1: SIZE | D1: TYPE | E1: MAT NO. | F1: RECIVED | G1: FROM | H1: Origional MAT Level | I1: NEW TYPE | J1: STATUS | K1: FINAL | L1: Upper Section Replacement | M1: Build up | N1: Brazer | O1: Spinner | P1: Tip Grinding by | Q1: QC | R1: Thread Cleaning / Machining | S1: Body Cleaning / Machining | T1: Erosion sleeve | U1: Rework | V1: ACCOMPLISHED DATE | W1: REMARKS | X1: Job Name | Y1: Issues report | Z1: PDC Production Days | AA1: Lost Cutter | AB1: ITEM NUMBER | AC1: MJ # | AD1: Production Order Number | AE1: Quotation | AF1: RAF
A2: 2024-UR-1001 | B2: 14144633 | C2: 8 1/2" | D2: GT65RHs | E2: 1267829 | F2: 45551 | G2: UR | J2: Repair | K2: 610 | X2: =A2&"-"&B2 -> 2024-UR-1001-14144633 | Z2: =IF(AND(ISBLANK(F2), ISBLANK(V2)), "", NETWORKDAYS.INTL(F2, IF(V2="", TODAY(), V2), "0000110", DATA!$B$2:$B$200)) -> 349
A3: 2024-UR-1002 | B3: 14211929 | C3: 8 1/2" | D3: GT65RHs-1 | E3: 1276939 | F3: 45566 | G3: UR | J3: Repair | K3: 868.47 | V3: 45568 | X3: =A3&"-"&B3 -> 2024-UR-1002-14211929 | Z3: =IF(AND(ISBLANK(F3), ISBLANK(V3)), "", NETWORKDAYS.INTL(F3, IF(V3="", TODAY(), V3), "0000110", DATA!$B$2:$B$200)) -> 3
A4: 2024-UR-1003 | B4: 14228470 | C4: 8 1/2" | D4: GT65RHs-1 | E4: 1276939 | F4: 45566 | G4: UR | J4: Repair | K4: 703.45 | V4: 45568 | X4: =A4&"-"&B4 -> 2024-UR-1003-14228470 | Z4: =IF(AND(ISBLANK(F4), ISBLANK(V4)), "", NETWORKDAYS.INTL(F4, IF(V4="", TODAY(), V4), "0000110", DATA!$B$2:$B$200)) -> 3
A5: 2024-UR-1004 | B5: 14199937 | C5: 8 1/2" | D5: GT65RHs-1 | E5: 1276939 | F5: 45566 | G5: UR | J5: Repair | K5: 1273 | V5: 45574 | X5: =A5&"-"&B5 -> 2024-UR-1004-14199937 | Z5: =IF(AND(ISBLANK(F5), ISBLANK(V5)), "", NETWORKDAYS.INTL(F5, IF(V5="", TODAY(), V5), "0000110", DATA!$B$2:$B$200)) -> 7
A6: 2024-UR-1005 | B6: 14199925 | C6: 8 1/2'' | D6: HD65D | E6: 1254762 | F6: 45572 | G6: UR | J6: Repair | K6: 1713 | V6: 45575 | X6: =A6&"-"&B6 -> 2024-UR-1005-14199925 | Z6: =IF(AND(ISBLANK(F6), ISBLANK(V6)), "", NETWORKDAYS.INTL(F6, IF(V6="", TODAY(), V6), "0000110", DATA!$B$2:$B$200)) -> 4
A7: 2024-UR-1006 | B7: 14144633R1 | C7: 8 1/2" | D7: GT65RHs | E7: 1267829 | F7: 45574 | G7: UR | J7: Scrap | V7: =F7 -> 45574 | W7: Jabbar mail on Tue 10/15/2024 (Pin face erosion) | X7: =A7&"-"&B7 -> 2024-UR-1006-14144633R1 | Z7: =IF(AND(ISBLANK(F7), ISBLANK(V7)), "", NETWORKDAYS.INTL(F7, IF(V7="", TODAY(), V7), "0000110", DATA!$B$2:$B$200)) -> 1
A8: 2024-UR-1007 | B8: 13896633 | C8: 8 1/2" | D8: HD65O | E8: 1240803M | F8: 45575 | G8: UR | J8: Repair | K8: 2527 | W8: Shifted from ARDT to UR | X8: =A8&"-"&B8 -> 2024-UR-1007-13896633 | Z8: =IF(AND(ISBLANK(F8), ISBLANK(V8)), "", NETWORKDAYS.INTL(F8, IF(V8="", TODAY(), V8), "0000110", DATA!$B$2:$B$200)) -> 331
A9: 2024-UR-1008 | B9: 14228471 | C9: 8 1/2'' | D9: GT65RHs-1 | E9: 1276939 | F9: 45585 | G9: UR | J9: Repair | K9: 1362 | V9: 45592 | X9: =A9&"-"&B9 -> 2024-UR-1008-14228471 | Z9: =IF(AND(ISBLANK(F9), ISBLANK(V9)), "", NETWORKDAYS.INTL(F9, IF(V9="", TODAY(), V9), "0000110", DATA!$B$2:$B$200)) -> 6
A10: 2024-UR-1009 | B10: 14199925R1 | C10: 8 1/2'' | D10: HD65D | E10: 1254762 | F10: 45588 | G10: UR | J10: Repair | K10: 842 | V10: 45594 | X10: =A10&"-"&B10 -> 2024-UR-1009-14199925R1 | Z10: =IF(AND(ISBLANK(F10), ISBLANK(V10)), "", NETWORKDAYS.INTL(F10, IF(V10="", TODAY(), V10), "0000110", DATA!$B$2:$B$200)) -> 5
A11: 2024-UR-1010 | B11: 14247230 | C11: 8 1/2'' | D11: GT65RHs | E11: 1276939 | F11: 45592 | G11: UR | J11: Repair | K11: 727 | V11: 45596 | X11: =A11&"-"&B11 -> 2024-UR-1010-14247230 | Z11: =IF(AND(ISBLANK(F11), ISBLANK(V11)), "", NETWORKDAYS.INTL(F11, IF(V11="", TODAY(), V11), "0000110", DATA!$B$2:$B$200)) -> 5
A12: 2024-UR-1011 | B12: 13994928 | C12: 8.5 | D12: HD65O | E12: 1255267M | F12: 45595 | G12: UR | J12: Repair | K12: 4965 | V12: 45635 | X12: =A12&"-"&B12 -> 2024-UR-1011-13994928 | Z12: =IF(AND(ISBLANK(F12), ISBLANK(V12)), "", NETWORKDAYS.INTL(F12, IF(V12="", TODAY(), V12), "0000110", DATA!$B$2:$B$200)) -> 29
A13: 2024-UR-1012 | B13: 14228472 | C13: 8.5 | D13: GT65RHs-1 | E13: 1276939 | F13: 45599 | G13: UR | J13: Scrap | V13: =F13 -> 45599 | W13: As per Murtadha_11/04/2024_Rin out | X13: =A13&"-"&B13 -> 2024-UR-1012-14228472 | Z13: =IF(AND(ISBLANK(F13), ISBLANK(V13)), "", NETWORKDAYS.INTL(F13, IF(V13="", TODAY(), V13), "0000110", DATA!$B$2:$B$200)) -> 1
A14: 2024-UR-1013 | B14: 14247229 | C14: 8.5 | D14: GT65RHs-1 | E14: 1276939 | F14: 45600 | G14: UR | J14: Repair | K14: 523 | V14: 45607 | X14: =A14&"-"&B14 -> 2024-UR-1013-14247229 | Z14: =IF(AND(ISBLANK(F14), ISBLANK(V14)), "", NETWORKDAYS.INTL(F14, IF(V14="", TODAY(), V14), "0000110", DATA!$B$2:$B$200)) -> 6
A15: 2024-UR-1014 | B15: 14137157 | C15: 8.5 | D15: GT65RHs | E15: 1267829 | F15: 45600 | G15: UR | J15: Repair | K15: 950 | V15: 45607 | X15: =A15&"-"&B15 -> 2024-UR-1014-14137157 | Z15: =IF(AND(ISBLANK(F15), ISBLANK(V15)), "", NETWORKDAYS.INTL(F15, IF(V15="", TODAY(), V15), "0000110", DATA!$B$2:$B$200)) -> 6
A16: 2024-UR-1015 | B16: 14211929R1 | C16: 8 1/2" | D16: GT65RHs-1 | E16: 1276939 | F16: 45607 | G16: UR | J16: Repair | K16: 2258 | V16: 45614 | X16: =A16&"-"&B16 -> 2024-UR-1015-14211929R1 | Z16: =IF(AND(ISBLANK(F16), ISBLANK(V16)), "", NETWORKDAYS.INTL(F16, IF(V16="", TODAY(), V16), "0000110", DATA!$B$2:$B$200)) -> 6
A17: 2024-UR-1016 | B17: 14247230R1 | C17: 8 1/2'' | D17: GT65RHs-1 | E17: 1276939 | F17: 45615 | G17: UR | J17: Repair | K17: 749 | V17: 45623 | X17: =A17&"-"&B17 -> 2024-UR-1016-14247230R1 | Z17: =IF(AND(ISBLANK(F17), ISBLANK(V17)), "", NETWORKDAYS.INTL(F17, IF(V17="", TODAY(), V17), "0000110", DATA!$B$2:$B$200)) -> 7
A18: 2024-UR-1017 | B18: 14247229R1 | C18: 8.5 | D18: GT65RHs-1 | E18: 1276939 | F18: 45618 | G18: UR | J18: Repair | K18: 2239 | V18: 45629 | X18: =A18&"-"&B18 -> 2024-UR-1017-14247229R1 | Z18: =IF(AND(ISBLANK(F18), ISBLANK(V18)), "", NETWORKDAYS.INTL(F18, IF(V18="", TODAY(), V18), "0000110", DATA!$B$2:$B$200)) -> 8
A19: 2024-UR-1018 | B19: 14228471R1 | C19: 8 1/2'' | D19: GT65RHs-1 | E19: 1276939 | F19: 45618 | G19: UR | J19: Repair | K19: 1852 | V19: 45631 | X19: =A19&"-"&B19 -> 2024-UR-1018-14228471R1 | Z19: =IF(AND(ISBLANK(F19), ISBLANK(V19)), "", NETWORKDAYS.INTL(F19, IF(V19="", TODAY(), V19), "0000110", DATA!$B$2:$B$200)) -> 10
A20: 2024-UR-1019 | B20: 14228470R1 | C20: 8 1/2" | D20: GT65RHs-1 | E20: 1276939 | F20: 45623 | G20: UR | J20: Repair | K20: 2159 | V20: 45631 | X20: =A20&"-"&B20 -> 2024-UR-1019-14228470R1 | Z20: =IF(AND(ISBLANK(F20), ISBLANK(V20)), "", NETWORKDAYS.INTL(F20, IF(V20="", TODAY(), V20), "0000110", DATA!$B$2:$B$200)) -> 7
A21: 2024-UR-1020 | B21: 14137157R1 | C21: 8.5 | D21: GT65RHs | E21: 1267829 | F21: 45627 | G21: UR | J21: Repair | K21: 2495 | V21: 45637 | X21: =A21&"-"&B21 -> 2024-UR-1020-14137157R1 | Z21: =IF(AND(ISBLANK(F21), ISBLANK(V21)), "", NETWORKDAYS.INTL(F21, IF(V21="", TODAY(), V21), "0000110", DATA!$B$2:$B$200)) -> 9
A22: 2024-UR-1021 | B22: 14144629 | C22: 8.5 | D22: GT65RHs | E22: 1267829 | F22: 45632 | G22: UR | J22: Repair | K22: 663 | V22: 45637 | X22: =A22&"-"&B22 -> 2024-UR-1021-14144629 | Z22: =IF(AND(ISBLANK(F22), ISBLANK(V22)), "", NETWORKDAYS.INTL(F22, IF(V22="", TODAY(), V22), "0000110", DATA!$B$2:$B$200)) -> 4
A23: 2024-UR-1022 | B23: 14211929R2 | C23: 8 1/2" | D23: GT65RHs-1 | E23: 1276939 | F23: 45632 | G23: UR | J23: Scrap | V23: =F23 -> 45632 | W23: As per (Jabbar email) 12/9/2024_Junk Slot Cracks | X23: =A23&"-"&B23 -> 2024-UR-1022-14211929R2 | Z23: =IF(AND(ISBLANK(F23), ISBLANK(V23)), "", NETWORKDAYS.INTL(F23, IF(V23="", TODAY(), V23), "0000110", DATA!$B$2:$B$200)) -> 0
A24: 2024-UR-1023 | B24: 14247230R2 | C24: 8 1/2'' | D24: GT65RHs-1 | E24: 1276939 | F24: 45642 | G24: UR | J24: Repair | K24: 1314 | V24: 45646 | X24: =A24&"-"&B24 -> 2024-UR-1023-14247230R2 | Z24: =IF(AND(ISBLANK(F24), ISBLANK(V24)), "", NETWORKDAYS.INTL(F24, IF(V24="", TODAY(), V24), "0000110", DATA!$B$2:$B$200)) -> 4
A25: 2024-UR-1024 | B25: 14228470R2 | C25: 8 1/2" | D25: GT65RHs-1 | E25: 1276939 | F25: 45642 | G25: UR | J25: Repair | K25: 3160 | V25: 45646 | X25: =A25&"-"&B25 -> 2024-UR-1024-14228470R2 | Z25: =IF(AND(ISBLANK(F25), ISBLANK(V25)), "", NETWORKDAYS.INTL(F25, IF(V25="", TODAY(), V25), "0000110", DATA!$B$2:$B$200)) -> 4
A26: 2024-UR-1025 | B26: 14228471R2 | C26: 8 1/2'' | D26: GT65RHs-1 | E26: 1276939 | F26: 45652 | G26: UR | J26: Repair | K26: 1037 | V26: 45656 | X26: =A26&"-"&B26 -> 2024-UR-1025-14228471R2 | Z26: =IF(AND(ISBLANK(F26), ISBLANK(V26)), "", NETWORKDAYS.INTL(F26, IF(V26="", TODAY(), V26), "0000110", DATA!$B$2:$B$200)) -> 3
A27: 2024-UR-1026 | B27: 14247229R2 | C27: 8 1/2'' | D27: GT65RHs-1 | E27: 1276939 | F27: 45652 | G27: UR | J27: Repair | K27: 1311 | V27: 45657 | X27: =A27&"-"&B27 -> 2024-UR-1026-14247229R2 | Z27: =IF(AND(ISBLANK(F27), ISBLANK(V27)), "", NETWORKDAYS.INTL(F27, IF(V27="", TODAY(), V27), "0000110", DATA!$B$2:$B$200)) -> 4
A28: 2024-UR-1027 | B28: 14199937R1 | C28: 8 1/2" | D28: GT65RHs-1 | E28: 1276939 | F28: 45655 | G28: UR | J28: Repair | K28: 1749 | N28: Showaiki | O28: Redwan | V28: 45659 | X28: =A28&"-"&B28 -> 2024-UR-1027-14199937R1 | Z28: =IF(AND(ISBLANK(F28), ISBLANK(V28)), "", NETWORKDAYS.INTL(F28, IF(V28="", TODAY(), V28), "0000110", DATA!$B$2:$B$200)) -> 5
A29: 2025-UR-1001 | B29: 14160196 | C29: 8 1/2" | D29: HD65O | E29: 1255267M | F29: 45663 | G29: UR | J29: Repair | K29: 604 | N29: Showaiki | O29: Wasmi | V29: 45665 | X29: =A29&"-"&B29 -> 2025-UR-1001-14160196 | Z29: =IF(AND(ISBLANK(F29), ISBLANK(V29)), "", NETWORKDAYS.INTL(F29, IF(V29="", TODAY(), V29), "0000110", DATA!$B$2:$B$200)) -> 3
A30: 2025-UR-1002 | B30: 14247230R3 | C30: 8 1/2" | D30: GT65RHs-1 | E30: 1276939 | F30: 45663 | G30: UR | J30: Repair | K30: 2698 | N30: Showaiki | O30: Wasmi | U30: RP 2025-005 & RP 2025-006 _ Rework | V30: 45676 | W30: Pockets Build up. Rework | X30: =A30&"-"&B30 -> 2025-UR-1002-14247230R3 | Z30: =IF(AND(ISBLANK(F30), ISBLANK(V30)), "", NETWORKDAYS.INTL(F30, IF(V30="", TODAY(), V30), "0000110", DATA!$B$2:$B$200)) -> 10
A31: 2025-UR-1003 | B31: 14199937R2 | C31: 8 1/2" | D31: GT65RHs-1 | E31: 1276939 | F31: 45676 | G31: UR | J31: Repair | K31: 1558 | N31: Showaiki | O31: Mohana | V31: 45679 | X31: =A31&"-"&B31 -> 2025-UR-1003-14199937R2 | Z31: =IF(AND(ISBLANK(F31), ISBLANK(V31)), "", NETWORKDAYS.INTL(F31, IF(V31="", TODAY(), V31), "0000110", DATA!$B$2:$B$200)) -> 4
A32: 2025-UR-1004 | B32: 14247229R3 | C32: 8 1/2" | D32: GT65RHs-1 | E32: 1276939 | F32: 45678 | G32: UR | J32: Repair | K32: 1805 | N32: Showaiki | O32: Mohana | U32: RP-2025-007 _ Rework | V32: 45685 | W32: Pockets Build up. Rework | X32: =A32&"-"&B32 -> 2025-UR-1004-14247229R3 | Z32: =IF(AND(ISBLANK(F32), ISBLANK(V32)), "", NETWORKDAYS.INTL(F32, IF(V32="", TODAY(), V32), "0000110", DATA!$B$2:$B$200)) -> 6
A33: 2025-UR-1005 | B33: 14144629R1 | C33: 8 1/2" | D33: GT65RHs | E33: 1267829 | F33: 45678 | G33: UR | J33: Repair | K33: 1621 | N33: Showaiki | O33: Mohana | V33: 45684 | X33: =A33&"-"&B33 -> 2025-UR-1005-14144629R1 | Z33: =IF(AND(ISBLANK(F33), ISBLANK(V33)), "", NETWORKDAYS.INTL(F33, IF(V33="", TODAY(), V33), "0000110", DATA!$B$2:$B$200)) -> 5
A34: 2025-UR-1006 | B34: 14254502 | C34: 8 1/2" | D34: GT65RHS-1 | E34: 1276939M1 | F34: 45679 | G34: UR | J34: Repair | K34: 1642 | N34: Showaiki | O34: Mohana | V34: 45686 | W34: Pockets Build up | X34: =A34&"-"&B34 -> 2025-UR-1006-14254502 | Z34: =IF(AND(ISBLANK(F34), ISBLANK(V34)), "", NETWORKDAYS.INTL(F34, IF(V34="", TODAY(), V34), "0000110", DATA!$B$2:$B$200)) -> 6
A35: 2025-UR-1007 | B35: 14228470R3 | C35: 8 1/2" | D35: GT65RHs-1 | E35: 1276939 | F35: 45679 | G35: UR | J35: Repair | K35: 2536 | N35: Showaiki | O35: Mohana | U35: RP-2025-012 & RP-2025-014 _ Rework | V35: 45697 | W35: Pockets Build up. Rework | X35: =A35&"-"&B35 -> 2025-UR-1007-14228470R3 | Z35: =IF(AND(ISBLANK(F35), ISBLANK(V35)), "", NETWORKDAYS.INTL(F35, IF(V35="", TODAY(), V35), "0000110", DATA!$B$2:$B$200)) -> 13
A36: 2025-UR-1008 | B36: 14254498 | C36: 8 1/2" | D36: GT65RHS-1 | E36: 1276939M1 | F36: 45683 | G36: UR | J36: Repair | K36: 3599 | N36: Showaiki | O36: Mohana | U36: RP-2025-010 | V36: 45690 | W36: Pockets Build up | X36: =A36&"-"&B36 -> 2025-UR-1008-14254498 | Z36: =IF(AND(ISBLANK(F36), ISBLANK(V36)), "", NETWORKDAYS.INTL(F36, IF(V36="", TODAY(), V36), "0000110", DATA!$B$2:$B$200)) -> 6
A37: 2025-UR-1009 | B37: 14204332 | C37: 8 1/2" | D37: GT65RHs | E37: 1267829 | F37: 45683 | G37: UR | J37: Repair | K37: 2536 | N37: Showaiki | O37: Mohana | U37: Rework | V37: 45690 | W37: Pockets Build up. Rework | X37: =A37&"-"&B37 -> 2025-UR-1009-14204332 | Z37: =IF(AND(ISBLANK(F37), ISBLANK(V37)), "", NETWORKDAYS.INTL(F37, IF(V37="", TODAY(), V37), "0000110", DATA!$B$2:$B$200)) -> 6
A38: 2025-UR-1010 | B38: 14228471R3 | C38: 8 1/2'' | D38: GT65RHs-1 | E38: 1276939 | F38: 45686 | G38: UR | J38: Repair | K38: 2372 | N38: Showaiki | O38: Mohana | U38: RP-2025-013 & RP-2025-015 | V38: 45700 | W38: Pockets Build up | X38: =A38&"-"&B38 -> 2025-UR-1010-14228471R3 | Z38: =IF(AND(ISBLANK(F38), ISBLANK(V38)), "", NETWORKDAYS.INTL(F38, IF(V38="", TODAY(), V38), "0000110", DATA!$B$2:$B$200)) -> 11
A39: 2025-UR-1011 | B39: 14190171 | C39: 8.5 | D39: GT65RHS-1 | E39: 1276939 | F39: 45690 | G39: UR | J39: Repair | K39: 1684 | N39: Wasmi | O39: Mohana | U39: RP 2025-009 | V39: 45694 | W39: Pockets Build up | X39: =A39&"-"&B39 -> 2025-UR-1011-14190171 | Z39: =IF(AND(ISBLANK(F39), ISBLANK(V39)), "", NETWORKDAYS.INTL(F39, IF(V39="", TODAY(), V39), "0000110", DATA!$B$2:$B$200)) -> 5
A40: 2025-UR-1012 | B40: 14247230R4 | C40: 8 1/2" | D40: GT65RHs-1 | E40: 1276939 | F40: 45690 | G40: UR | J40: Repair | K40: 2240 | N40: Wasmi | O40: Mohana | U40: RP-2025-016 _ Rework | V40: 45700 | W40: Pockets Build up. Rework | X40: =A40&"-"&B40 -> 2025-UR-1012-14247230R4 | Z40: =IF(AND(ISBLANK(F40), ISBLANK(V40)), "", NETWORKDAYS.INTL(F40, IF(V40="", TODAY(), V40), "0000110", DATA!$B$2:$B$200)) -> 9
A41: 2025-UR-1013 | B41: 14199937R3 | C41: 8 1/2" | D41: GT65RHs-1 | E41: 1276939 | F41: 45700 | G41: UR | J41: Repair | K41: 1061 | N41: Wasmi | O41: Mohana | U41: RP-2025-023 _ Rework | V41: 45719 | W41: Tig Welded: B2,B4 & B6. Pockets Build up. Rework | X41: =A41&"-"&B41 -> 2025-UR-1013-14199937R3 | Z41: =IF(AND(ISBLANK(F41), ISBLANK(V41)), "", NETWORKDAYS.INTL(F41, IF(V41="", TODAY(), V41), "0000110", DATA!$B$2:$B$200)) -> 14
A42: 2025-UR-1014 | B42: 14293153 | C42: 8.5 | D42: HD65O | E42: 1255267M | F42: 45705 | G42: UR | J42: Repair | K42: 1284 | N42: Wasmi | O42: Mohana | U42: RP-2025-022_ Rework | V42: 45708 | W42: Rework | X42: =A42&"-"&B42 -> 2025-UR-1014-14293153 | Z42: =IF(AND(ISBLANK(F42), ISBLANK(V42)), "", NETWORKDAYS.INTL(F42, IF(V42="", TODAY(), V42), "0000110", DATA!$B$2:$B$200)) -> 4
A43: 2025-UR-1015 | B43: 14254502R1 | C43: 8 1/2" | D43: GT65RHS-1 | E43: 1276939M1 | F43: 45707 | G43: UR | J43: Scrap | N43: Wasmi | O43: Mohana | U43: Scraped / Reclaimed | V43: 45728 | W43: Scrap _ Ring out | X43: =A43&"-"&B43 -> 2025-UR-1015-14254502R1 | Z43: =IF(AND(ISBLANK(F43), ISBLANK(V43)), "", NETWORKDAYS.INTL(F43, IF(V43="", TODAY(), V43), "0000110", DATA!$B$2:$B$200)) -> 16
A44: 2025-UR-1016 | B44: 14247229R4 | C44: 8 1/2" | D44: GT65RHs-1 | E44: 1276939 | F44: 45712 | G44: UR | J44: Scrap | N44: Mohana | O44: Wasmi | U44: Scraped / Reclaimed | V44: 45728 | W44: Scrap _ Lost Cutters & pockets expanded | X44: =A44&"-"&B44 -> 2025-UR-1016-14247229R4 | Z44: =IF(AND(ISBLANK(F44), ISBLANK(V44)), "", NETWORKDAYS.INTL(F44, IF(V44="", TODAY(), V44), "0000110", DATA!$B$2:$B$200)) -> 13
A45: 2025-UR-1017 | B45: 14204332R1 | C45: 8 1/2" | D45: GT65RHs | E45: 1267829 | F45: 45712 | G45: UR | J45: Repair | K45: 614 | N45: Showaiki | O45: Mohana | V45: 45715 | W45: Pockets Build up. | X45: =A45&"-"&B45 -> 2025-UR-1017-14204332R1 | Z45: =IF(AND(ISBLANK(F45), ISBLANK(V45)), "", NETWORKDAYS.INTL(F45, IF(V45="", TODAY(), V45), "0000110", DATA!$B$2:$B$200)) -> 4
A46: 2025-UR-1018 | B46: 14204330 | C46: 8.5 | D46: GT65RHs | E46: 1267829 | F46: 45712 | G46: UR | J46: Repair | K46: 1492 | N46: Wasmi | O46: Mohana | U46: Rework | V46: 45715 | W46: Pockets Build up. Rework | X46: =A46&"-"&B46 -> 2025-UR-1018-14204330 | Z46: =IF(AND(ISBLANK(F46), ISBLANK(V46)), "", NETWORKDAYS.INTL(F46, IF(V46="", TODAY(), V46), "0000110", DATA!$B$2:$B$200)) -> 4
A47: 2025-UR-1019 | B47: 14254498R1 | C47: 8 1/2" | D47: GT65RHS-1 | E47: 1276939M1 | F47: 45715 | G47: UR | J47: Scrap | N47: Wasmi | O47: Mohana | U47: Scraped / Reclaimed | V47: 45728 | W47: Scrap _ Lost Cutters & pockets expanded | X47: =A47&"-"&B47 -> 2025-UR-1019-14254498R1 | Z47: =IF(AND(ISBLANK(F47), ISBLANK(V47)), "", NETWORKDAYS.INTL(F47, IF(V47="", TODAY(), V47), "0000110", DATA!$B$2:$B$200)) -> 10
A48: 2025-UR-1020 | B48: 14199925R2 | C48: 8 1/2'' | D48: HD65D | E48: 1254762 | F48: 45715 | G48: UR | J48: Scrap | N48: Wasmi | O48: Mohana | U48: Scraped / Reclaimed | V48: 45783 | W48: Scrap _ Deep cracks & Matrix bleeding | X48: =A48&"-"&B48 -> 2025-UR-1020-14199925R2 | Z48: =IF(AND(ISBLANK(F48), ISBLANK(V48)), "", NETWORKDAYS.INTL(F48, IF(V48="", TODAY(), V48), "0000110", DATA!$B$2:$B$200)) -> 45
A49: 2025-UR-1021 | B49: 14204329 | C49: 8.5 | D49: GT65RHS | E49: 1267829 | F49: 45718 | G49: UR | J49: Repair | K49: 656 | N49: Wasmi | O49: Mohana | V49: 45725 | W49: Pockets Build up. | X49: =A49&"-"&B49 -> 2025-UR-1021-14204329 | Z49: =IF(AND(ISBLANK(F49), ISBLANK(V49)), "", NETWORKDAYS.INTL(F49, IF(V49="", TODAY(), V49), "0000110", DATA!$B$2:$B$200)) -> 6
A50: 2025-UR-1022 | B50: 14190171R1 | C50: 8.5 | D50: GT65RHS-1 | E50: 1276939 | F50: 45720 | G50: UR | J50: Scrap | N50: Wasmi | O50: Mohana | U50: Scraped / Reclaimed | V50: 45718 | W50: Scrap _ Lost Cutters & pockets expanded | X50: =A50&"-"&B50 -> 2025-UR-1022-14190171R1 | Z50: =IF(AND(ISBLANK(F50), ISBLANK(V50)), "", NETWORKDAYS.INTL(F50, IF(V50="", TODAY(), V50), "0000110", DATA!$B$2:$B$200)) -> -3
A51: 2025-UR-1023 | B51: 14228471R4 | C51: 8 1/2'' | D51: GT65RHs-1 | E51: 1276939 | F51: 45725 | G51: UR | J51: Scrap | N51: _ | O51: _ | U51: Scraped / Reclaimed | V51: 45783 | W51: Scrap _ Lost Cutters & pockets expanded | X51: =A51&"-"&B51 -> 2025-UR-1023-14228471R4 | Z51: =IF(AND(ISBLANK(F51), ISBLANK(V51)), "", NETWORKDAYS.INTL(F51, IF(V51="", TODAY(), V51), "0000110", DATA!$B$2:$B$200)) -> 39
A52: 2025-UR-1024 | B52: 14228470R4 | C52: 8 1/2" | D52: GT65RHs-1 | E52: 1276939 | F52: 45726 | G52: UR | J52: Repair | K52: 2495 | N52: Wasmi | O52: Mohana | U52: RP-2025-030 _ Rework | V52: 45742 | W52: Tig Welded: B1,B2,B4,B5 & B6. Pockets Build up. Rework | X52: =A52&"-"&B52 -> 2025-UR-1024-14228470R4 | Z52: =IF(AND(ISBLANK(F52), ISBLANK(V52)), "", NETWORKDAYS.INTL(F52, IF(V52="", TODAY(), V52), "0000110", DATA!$B$2:$B$200)) -> 13
A53: 2025-UR-1025 | B53: 14144630 | C53: 8.5 | D53: GT65RHs | E53: 1267829 | F53: 45728 | G53: UR | J53: Repair | K53: 1558 | N53: Showaiki | O53: Mohana | V53: 45736 | W53: Pockets Build up. | X53: =A53&"-"&B53 -> 2025-UR-1025-14144630 | Z53: =IF(AND(ISBLANK(F53), ISBLANK(V53)), "", NETWORKDAYS.INTL(F53, IF(V53="", TODAY(), V53), "0000110", DATA!$B$2:$B$200)) -> 7
A54: 2025-UR-1026 | B54: 14247231 | C54: 8 1/2 | D54: GT65RHS-1 | E54: 1276939 | F54: 45734 | G54: UR | J54: Repair | K54: 1742 | N54: Wasmi | O54: Mohana | V54: 45743 | W54: Pockets Build up. | X54: =A54&"-"&B54 -> 2025-UR-1026-14247231 | Z54: =IF(AND(ISBLANK(F54), ISBLANK(V54)), "", NETWORKDAYS.INTL(F54, IF(V54="", TODAY(), V54), "0000110", DATA!$B$2:$B$200)) -> 8
A55: 2025-UR-1027 | B55: 14211931 | C55: 8.5 | D55: GT65RHs-1 | E55: 1276939 | F55: 45734 | G55: UR | J55: Repair | K55: 2450 | N55: Wasmi | O55: Mohana | V55: 45745 | W55: Pockets Build up. | X55: =A55&"-"&B55 -> 2025-UR-1027-14211931 | Z55: =IF(AND(ISBLANK(F55), ISBLANK(V55)), "", NETWORKDAYS.INTL(F55, IF(V55="", TODAY(), V55), "0000110", DATA!$B$2:$B$200)) -> 8
A56: 2025-UR-1028 | B56: 14254497 | C56: 8.5 | D56: GT65RHs-1 | E56: 1276939M | F56: 45739 | G56: UR | J56: Repair | K56: 1790 | N56: Wasmi | O56: Mohana | V56: 45745 | W56: Pockets Build up. | X56: =A56&"-"&B56 -> 2025-UR-1028-14254497 | Z56: =IF(AND(ISBLANK(F56), ISBLANK(V56)), "", NETWORKDAYS.INTL(F56, IF(V56="", TODAY(), V56), "0000110", DATA!$B$2:$B$200)) -> 5
A57: 2025-UR-1029 | B57: 14254500 | C57: 8.5 | D57: GT65RHs-1 | E57: 1276939 | F57: 45741 | G57: UR | J57: Repair | K57: 1684 | N57: Wasmi | O57: Mohana | V57: 45745 | W57: Pockets Build up. | X57: =A57&"-"&B57 -> 2025-UR-1029-14254500 | Z57: =IF(AND(ISBLANK(F57), ISBLANK(V57)), "", NETWORKDAYS.INTL(F57, IF(V57="", TODAY(), V57), "0000110", DATA!$B$2:$B$200)) -> 3
A58: 2025-UR-1030 | B58: 14254501 | C58: 8.5 | D58: GT65RHs-1 | E58: 1276939M | F58: 45745 | G58: UR | J58: Repair | K58: 3430 | N58: Wasmi | O58: Mohana | U58: RP-2025-031 | V58: 45754 | W58: Pockets Build up. Rework | X58: =A58&"-"&B58 -> 2025-UR-1030-14254501 | Z58: =IF(AND(ISBLANK(F58), ISBLANK(V58)), "", NETWORKDAYS.INTL(F58, IF(V58="", TODAY(), V58), "0000110", DATA!$B$2:$B$200)) -> 3
A59: 2025-UR-1031 | B59: 14336287 | C59: 8.5 | D59: GT65RHs-1 | E59: 1276939 | F59: 45750 | G59: UR | J59: Repair | K59: 1642 | N59: Showaiki | O59: Mohana | V59: 45755 | W59: Pockets Build up. | X59: =A59&"-"&B59 -> 2025-UR-1031-14336287 | Z59: =IF(AND(ISBLANK(F59), ISBLANK(V59)), "", NETWORKDAYS.INTL(F59, IF(V59="", TODAY(), V59), "0000110", DATA!$B$2:$B$200)) -> 4
A60: 2025-UR-1032 | B60: 14199937R4 | C60: 8 1/2" | D60: GT65RHs-1 | E60: 1276939 | F60: 45753 | G60: UR | J60: Scrap | N60: _ | O60: _ | U60: Scraped / Reclaimed | V60: 45750 | W60: Scrap _ Due to R4 | X60: =A60&"-"&B60 -> 2025-UR-1032-14199937R4 | Z60: =IF(AND(ISBLANK(F60), ISBLANK(V60)), "", NETWORKDAYS.INTL(F60, IF(V60="", TODAY(), V60), "0000110", DATA!$B$2:$B$200)) -> -2
A61: 2025-UR-1033 | B61: 14340874 | C61: 8 1/2" | D61: GT65RHs | E61: 1267829 | F61: 45753 | G61: UR | J61: Repair | K61: 1684 | N61: Wasmi | O61: Mohana | V61: 45761 | W61: Pockets Build up. | X61: =A61&"-"&B61 -> 2025-UR-1033-14340874 | Z61: =IF(AND(ISBLANK(F61), ISBLANK(V61)), "", NETWORKDAYS.INTL(F61, IF(V61="", TODAY(), V61), "0000110", DATA!$B$2:$B$200)) -> 7
A62: 2025-UR-1034 | B62: 14336286 | C62: 8.5 | D62: GT65RHs-1 | E62: 1276939 | F62: 45754 | G62: UR | J62: Repair | K62: 1684 | N62: Showaiki | O62: Wasmi | V62: 45764 | W62: Pockets Build up. | X62: =A62&"-"&B62 -> 2025-UR-1034-14336286 | Z62: =IF(AND(ISBLANK(F62), ISBLANK(V62)), "", NETWORKDAYS.INTL(F62, IF(V62="", TODAY(), V62), "0000110", DATA!$B$2:$B$200)) -> 9
A63: 2025-UR-1035 | B63: 14247231R1 | C63: 8 1/2 | D63: GT65RHS-1 | E63: 1276939 | F63: 45754 | G63: UR | J63: Repair | K63: 1600 | N63: Showaiki | O63: Mohana | V63: 45764 | W63: Tig Welded: B1,B2,B4,B5 & B6.Pockets Build up. | X63: =A63&"-"&B63 -> 2025-UR-1035-14247231R1 | Z63: =IF(AND(ISBLANK(F63), ISBLANK(V63)), "", NETWORKDAYS.INTL(F63, IF(V63="", TODAY(), V63), "0000110", DATA!$B$2:$B$200)) -> 9
A64: 2025-UR-1036 | B64: 14340872 | C64: 8.5 | D64: GT65RHs | E64: 1267829 | F64: 45757 | G64: UR | J64: Repair | K64: 1621 | N64: Showaiki | O64: Wasmi | V64: 45767 | W64: Pockets Build up. | X64: =A64&"-"&B64 -> 2025-UR-1036-14340872 | Z64: =IF(AND(ISBLANK(F64), ISBLANK(V64)), "", NETWORKDAYS.INTL(F64, IF(V64="", TODAY(), V64), "0000110", DATA!$B$2:$B$200)) -> 7
A65: 2025-UR-1037 | B65: 14204329R1 | C65: 8.5 | D65: GT65RHS | E65: 1267829 | F65: 45760 | G65: UR | J65: Repair | K65: 2081 | N65: Showaiki | O65: Mohana | V65: 45768 | W65: Pockets Build up. | X65: =A65&"-"&B65 -> 2025-UR-1037-14204329R1 | Z65: =IF(AND(ISBLANK(F65), ISBLANK(V65)), "", NETWORKDAYS.INTL(F65, IF(V65="", TODAY(), V65), "0000110", DATA!$B$2:$B$200)) -> 7
A66: 2025-UR-1038 | B66: 14204332R2 | C66: 8 1/2" | D66: GT65RHs | E66: 1267829 | F66: 45760 | G66: UR | J66: Repair | K66: 2080 | N66: Showaiki | O66: Mohana | V66: 45768 | W66: Pockets Build up. | X66: =A66&"-"&B66 -> 2025-UR-1038-14204332R2 | Z66: =IF(AND(ISBLANK(F66), ISBLANK(V66)), "", NETWORKDAYS.INTL(F66, IF(V66="", TODAY(), V66), "0000110", DATA!$B$2:$B$200)) -> 7
A67: 2025-UR-1039 | B67: 14144629R2 | C67: 8 1/2" | D67: GT65RHs | E67: 1267829 | F67: 45768 | G67: UR | J67: Repair | K67: 1684 | M67: yes | N67: Showaiki | O67: Mohana | U67: Bit on hold due to Nozzle stuck. | V67: 45833 | W67: Pockets Build up. Nozzle Brazed | X67: =A67&"-"&B67 -> 2025-UR-1039-14144629R2 | Z67: =IF(AND(ISBLANK(F67), ISBLANK(V67)), "", NETWORKDAYS.INTL(F67, IF(V67="", TODAY(), V67), "0000110", DATA!$B$2:$B$200)) -> 44
A68: 2025-UR-1040 | B68: 14340873 | C68: 8 1/2" | D68: GT65RHs | E68: 1267829 | F68: 45768 | G68: UR | J68: Repair | K68: 1642 | N68: Showaiki | O68: Wasmi | V68: 45771 | W68: Pockets Build up. | X68: =A68&"-"&B68 -> 2025-UR-1040-14340873 | Z68: =IF(AND(ISBLANK(F68), ISBLANK(V68)), "", NETWORKDAYS.INTL(F68, IF(V68="", TODAY(), V68), "0000110", DATA!$B$2:$B$200)) -> 4
A69: 2025-UR-1041 | B69: 14336417 | C69: 8.5 | D69: HXi55Ds | E69: 2015535 | F69: 45769 | G69: UR | J69: Repair | K69: 1239 | N69: Showaiki | O69: Wasmi | V69: 45774 | X69: =A69&"-"&B69 -> 2025-UR-1041-14336417 | Z69: =IF(AND(ISBLANK(F69), ISBLANK(V69)), "", NETWORKDAYS.INTL(F69, IF(V69="", TODAY(), V69), "0000110", DATA!$B$2:$B$200)) -> 4
A70: 2025-UR-1042 | B70: 14346619 | C70: 8.5 | D70: HXi65Ds | E70: 2016764 | F70: 45769 | G70: UR | H70: Needs to be modified | J70: Repair | K70: 1568 | N70: Showaiki | O70: Wasmi | U70: RP-2025-033 | V70: 45777 | W70: Pockets Build up. Rework | X70: =A70&"-"&B70 -> 2025-UR-1042-14346619 | Z70: =IF(AND(ISBLANK(F70), ISBLANK(V70)), "", NETWORKDAYS.INTL(F70, IF(V70="", TODAY(), V70), "0000110", DATA!$B$2:$B$200)) -> 7
A71: 2025-UR-1043 | B71: 14204330R1 | C71: 8.5 | D71: GT65RHs | E71: 1267829 | F71: 45774 | G71: UR | J71: Repair | K71: 2156 | N71: Wasmi | O71: Mohana | V71: 45777 | W71: Pockets Build up. | X71: =A71&"-"&B71 -> 2025-UR-1043-14204330R1 | Z71: =IF(AND(ISBLANK(F71), ISBLANK(V71)), "", NETWORKDAYS.INTL(F71, IF(V71="", TODAY(), V71), "0000110", DATA!$B$2:$B$200)) -> 4
A72: 2025-UR-1044 | B72: 14254500R1 | C72: 8.5 | D72: GT65RHs-1 | E72: 1276939 | F72: 45774 | G72: UR | J72: Repair | K72: 3139 | N72: Wasmi | O72: Mohana | V72: 45781 | W72: Pockets Build up. | X72: =A72&"-"&B72 -> 2025-UR-1044-14254500R1 | Z72: =IF(AND(ISBLANK(F72), ISBLANK(V72)), "", NETWORKDAYS.INTL(F72, IF(V72="", TODAY(), V72), "0000110", DATA!$B$2:$B$200)) -> 6
A73: 2025-UR-1045 | B73: 14340869 | C73: 8.5 | D73: GT65RHs-1 | E73: 1276939 | F73: 45774 | G73: UR | J73: Repair | K73: 1684 | N73: Showaiki | O73: Mohana | V73: 45781 | W73: Pockets Build up. | X73: =A73&"-"&B73 -> 2025-UR-1045-14340869 | Z73: =IF(AND(ISBLANK(F73), ISBLANK(V73)), "", NETWORKDAYS.INTL(F73, IF(V73="", TODAY(), V73), "0000110", DATA!$B$2:$B$200)) -> 6
A74: 2025-UR-1046 | B74: 14204333 | C74: 8.5 | D74: GT65RHs | E74: 1267829 | F74: 45774 | G74: UR | J74: Repair | K74: 1558 | N74: Showaiki | O74: Mohana | V74: 45782 | W74: Pockets Build up. | X74: =A74&"-"&B74 -> 2025-UR-1046-14204333 | Z74: =IF(AND(ISBLANK(F74), ISBLANK(V74)), "", NETWORKDAYS.INTL(F74, IF(V74="", TODAY(), V74), "0000110", DATA!$B$2:$B$200)) -> 7
A75: 2025-UR-1047 | B75: 14340868 | C75: 8.5 | D75: GT65RHs-1 | E75: 1276939 | F75: 45774 | G75: UR | J75: Repair | K75: 1737 | N75: Wasmi | O75: Mohana | U75: Bit on hold due to Nozzle stuck. | V75: 45797 | W75: Pockets Build up. | X75: =A75&"-"&B75 -> 2025-UR-1047-14340868 | Z75: =IF(AND(ISBLANK(F75), ISBLANK(V75)), "", NETWORKDAYS.INTL(F75, IF(V75="", TODAY(), V75), "0000110", DATA!$B$2:$B$200)) -> 18
A76: 2025-UR-1048 | B76: 14336287R1 | C76: 8.5 | D76: GT65RHs-1 | E76: 1276939 | F76: 45783 | G76: UR | J76: Repair | K76: 1822 | N76: Showaiki | O76: Mohana | V76: 45789 | W76: Pockets Build up. | X76: =A76&"-"&B76 -> 2025-UR-1048-14336287R1 | Z76: =IF(AND(ISBLANK(F76), ISBLANK(V76)), "", NETWORKDAYS.INTL(F76, IF(V76="", TODAY(), V76), "0000110", DATA!$B$2:$B$200)) -> 5
A77: 2025-UR-1049 | B77: 14336417R1 | C77: 8.5 | D77: HXi55Ds | E77: 2015535 | F77: 45788 | G77: UR | J77: Scrap | U77: Scraped / Reclaimed | V77: 45901 | W77: Scrap _ Ring out | X77: =A77&"-"&B77 -> 2025-UR-1049-14336417R1 | Z77: =IF(AND(ISBLANK(F77), ISBLANK(V77)), "", NETWORKDAYS.INTL(F77, IF(V77="", TODAY(), V77), "0000110", DATA!$B$2:$B$200)) -> 78
A78: 2025-UR-1050 | B78: 14336286R1 | C78: 8.5 | D78: GT65RHs-1 | E78: 1276939 | F78: 45789 | G78: UR | J78: Repair | K78: 1737 | M78: Mohana | N78: Showaiki | O78: Mohana | V78: 45793 | W78: Pockets Build up. | X78: =A78&"-"&B78 -> 2025-UR-1050-14336286R1 | Z78: =IF(AND(ISBLANK(F78), ISBLANK(V78)), "", NETWORKDAYS.INTL(F78, IF(V78="", TODAY(), V78), "0000110", DATA!$B$2:$B$200)) -> 4
A79: 2025-UR-1051 | B79: 14247231R2 | C79: 8 1/2 | D79: GT65RHS-1 | E79: 1276939 | F79: 45789 | G79: UR | J79: Repair | K79: 1954 | M79: Mohana | N79: Showaiki | O79: Mohana | V79: 45793 | W79: Pockets Build up. | X79: =A79&"-"&B79 -> 2025-UR-1051-14247231R2 | Z79: =IF(AND(ISBLANK(F79), ISBLANK(V79)), "", NETWORKDAYS.INTL(F79, IF(V79="", TODAY(), V79), "0000110", DATA!$B$2:$B$200)) -> 4
A80: 2025-UR-1052 | B80: 14137157R2 | C80: 8.5 | D80: GT65RHs | E80: 1267829 | F80: 45789 | G80: UR | J80: Repair | K80: 1674 | M80: Mohana | N80: Showaiki | O80: Mohana | V80: 45792 | W80: Pockets Build up. | X80: =A80&"-"&B80 -> 2025-UR-1052-14137157R2 | Z80: =IF(AND(ISBLANK(F80), ISBLANK(V80)), "", NETWORKDAYS.INTL(F80, IF(V80="", TODAY(), V80), "0000110", DATA!$B$2:$B$200)) -> 4
A81: 2025-UR-1053 | B81: 14353148 | C81: 8.5 | D81: GT65RHs | E81: 1276939 | F81: 38487 | G81: UR | J81: Repair | K81: 1790 | M81: Yes | N81: Wasmi | O81: Mohana | V81: 45797 | W81: Pockets Build up. | X81: =A81&"-"&B81 -> 2025-UR-1053-14353148 | Z81: =IF(AND(ISBLANK(F81), ISBLANK(V81)), "", NETWORKDAYS.INTL(F81, IF(V81="", TODAY(), V81), "0000110", DATA!$B$2:$B$200)) -> 5210
A82: 2025-UR-1054 | B82: 14254497R1 | C82: 8.5 | D82: GT65RHs-1 | E82: 1276939M | F82: 45796 | G82: UR | J82: Scrap | U82: Scraped / Reclaimed | V82: 45902 | W82: Scrap _ Cored out | X82: =A82&"-"&B82 -> 2025-UR-1054-14254497R1 | Z82: =IF(AND(ISBLANK(F82), ISBLANK(V82)), "", NETWORKDAYS.INTL(F82, IF(V82="", TODAY(), V82), "0000110", DATA!$B$2:$B$200)) -> 73
A83: 2025-UR-1055 | B83: 14340869R1 | C83: 8.5 | D83: GT65RHs-1 | E83: 1276939 | F83: 45797 | G83: UR | J83: Repair | K83: 1737 | M83: Yes | N83: Showaiki | O83: Wasmi | V83: 45802 | W83: Pockets Build up. | X83: =A83&"-"&B83 -> 2025-UR-1055-14340869R1 | Z83: =IF(AND(ISBLANK(F83), ISBLANK(V83)), "", NETWORKDAYS.INTL(F83, IF(V83="", TODAY(), V83), "0000110", DATA!$B$2:$B$200)) -> 4
A84: 2025-UR-1056 | B84: 14204329R2 | C84: 8.5 | D84: GT65RHS | E84: 1267829 | F84: 45798 | G84: UR | J84: Repair | K84: 1674 | M84: Mohana | N84: Showaiki | O84: Mohana | V84: 45803 | W84: Pockets Build up. | X84: =A84&"-"&B84 -> 2025-UR-1056-14204329R2 | Z84: =IF(AND(ISBLANK(F84), ISBLANK(V84)), "", NETWORKDAYS.INTL(F84, IF(V84="", TODAY(), V84), "0000110", DATA!$B$2:$B$200)) -> 4
A85: 2025-UR-1057 | B85: 14340871 | C85: 8.5 | D85: GT65RHs-1 | E85: 1276939 | F85: 45802 | G85: UR | J85: Repair | K85: 1203 | M85: Mohana | N85: Showaiki | O85: Mohana | V85: 45812 | W85: Pockets Build up. | X85: =A85&"-"&B85 -> 2025-UR-1057-14340871 | Z85: =IF(AND(ISBLANK(F85), ISBLANK(V85)), "", NETWORKDAYS.INTL(F85, IF(V85="", TODAY(), V85), "0000110", DATA!$B$2:$B$200)) -> 9
A86: 2025-UR-1058 | B86: 14340872R1 | C86: 8.5 | D86: GT65RHs | E86: 1267829 | F86: 45802 | G86: UR | J86: Repair | K86: 1098 | M86: Yes | N86: Wasmi | O86: Mohana | V86: 45806 | W86: Pockets Build up. | X86: =A86&"-"&B86 -> 2025-UR-1058-14340872R1 | Z86: =IF(AND(ISBLANK(F86), ISBLANK(V86)), "", NETWORKDAYS.INTL(F86, IF(V86="", TODAY(), V86), "0000110", DATA!$B$2:$B$200)) -> 5
A87: 2025-UR-1059 | B87: 14340873R1 | C87: 8 1/2" | D87: GT65RHs | E87: 1267829 | F87: 45802 | G87: UR | J87: Repair | K87: 1410 | M87: Mohana | N87: Showaiki | O87: Mohana | U87: RP-2025-036 | V87: 45804 | X87: =A87&"-"&B87 -> 2025-UR-1059-14340873R1 | Z87: =IF(AND(ISBLANK(F87), ISBLANK(V87)), "", NETWORKDAYS.INTL(F87, IF(V87="", TODAY(), V87), "0000110", DATA!$B$2:$B$200)) -> 3
A88: 2025-UR-1060 | B88: 14211931R1 | C88: 8.5 | D88: GT65RHs-1 | E88: 1276939 | F88: 45802 | G88: UR | J88: Repair | K88: 1436 | M88: Mohana | N88: Showaiki | O88: Mohana | V88: 45810 | W88: Pockets Build up. | X88: =A88&"-"&B88 -> 2025-UR-1060-14211931R1 | Z88: =IF(AND(ISBLANK(F88), ISBLANK(V88)), "", NETWORKDAYS.INTL(F88, IF(V88="", TODAY(), V88), "0000110", DATA!$B$2:$B$200)) -> 7
A89: 2025-UR-1061 | B89: 14204330R2 | C89: 8.5 | D89: GT65RHs | E89: 1267829 | F89: 45802 | G89: UR | J89: Repair | K89: 1409 | M89: Mohana | N89: Showaiki | O89: Mohana | V89: 45811 | W89: Pockets Build up.Delay Due to Tecmo machine, was on maintenance. (1 Days) | X89: =A89&"-"&B89 -> 2025-UR-1061-14204330R2 | Z89: =IF(AND(ISBLANK(F89), ISBLANK(V89)), "", NETWORKDAYS.INTL(F89, IF(V89="", TODAY(), V89), "0000110", DATA!$B$2:$B$200)) -> 8
A90: 2025-UR-1062 | B90: 14204333R1 | C90: 8.5 | D90: GT65RHs | E90: 1267829 | F90: 45804 | G90: UR | J90: Repair | K90: 2034 | M90: Mohana | N90: Showaiki | O90: Mohana | V90: 45812 | W90: Pockets Build up. Delay Due to Tecmo machine, was on maintenance. (2 Days) | X90: =A90&"-"&B90 -> 2025-UR-1062-14204333R1 | Z90: =IF(AND(ISBLANK(F90), ISBLANK(V90)), "", NETWORKDAYS.INTL(F90, IF(V90="", TODAY(), V90), "0000110", DATA!$B$2:$B$200)) -> 7
A91: 2025-UR-1063 | B91: 14254500R2 | C91: 8.5 | D91: GT65RHs-1 | E91: 1276939 | F91: 45805 | G91: UR | J91: Repair | K91: 1600 | M91: Mohana | N91: Showaiki | O91: Mohana | V91: 45814 | W91: Tig Welded:B5-B6. Pockets Build up. Delay Due to Tecmo machine, was on maintenance. (2 Days) | X91: =A91&"-"&B91 -> 2025-UR-1063-14254500R2 | Z91: =IF(AND(ISBLANK(F91), ISBLANK(V91)), "", NETWORKDAYS.INTL(F91, IF(V91="", TODAY(), V91), "0000110", DATA!$B$2:$B$200)) -> 6
A92: 2025-UR-1064 | B92: 14144630R1 | C92: 8.5 | D92: GT65RHs | E92: 1267829 | F92: 45810 | G92: UR | J92: Repair | K92: 1452 | M92: Mohana | N92: Showaiki | O92: Mohana | V92: 45812 | W92: Pockets Build up. | X92: =A92&"-"&B92 -> 2025-UR-1064-14144630R1 | Z92: =IF(AND(ISBLANK(F92), ISBLANK(V92)), "", NETWORKDAYS.INTL(F92, IF(V92="", TODAY(), V92), "0000110", DATA!$B$2:$B$200)) -> 3
A93: 2025-UR-1065 | B93: 14336287R2 | C93: 8.5 | D93: GT65RHs-1 | E93: 1276939 | F93: 45813 | G93: UR | J93: Repair | K93: 2653 | M93: Mohana | N93: Showaiki | O93: Mohana | U93: RP-2025-038 | V93: 45827 | W93: Pockets Build up. | X93: =A93&"-"&B93 -> 2025-UR-1065-14336287R2 | Z93: =IF(AND(ISBLANK(F93), ISBLANK(V93)), "", NETWORKDAYS.INTL(F93, IF(V93="", TODAY(), V93), "0000110", DATA!$B$2:$B$200)) -> 7
A94: 2025-UR-1066 | B94: 14340868R1 | C94: 8.5 | D94: GT65RHs-1 | E94: 1276939 | F94: 45819 | G94: UR | J94: Repair | K94: 1514 | M94: Mohana | N94: Showaiki | O94: Mohana | U94: RP-2025-040 | V94: 45830 | W94: Pockets Build up. | X94: =A94&"-"&B94 -> 2025-UR-1066-14340868R1 | Z94: =IF(AND(ISBLANK(F94), ISBLANK(V94)), "", NETWORKDAYS.INTL(F94, IF(V94="", TODAY(), V94), "0000110", DATA!$B$2:$B$200)) -> 8
A95: 2025-UR-1067 | B95: 14336286R2 | C95: 8.5 | D95: GT65RHs-1 | E95: 1276939 | F95: 45819 | G95: UR | J95: Scrap | U95: Scraped / Reclaimed | V95: 45901 | W95: Heavy erosion, hard face broken and body cracks | X95: =A95&"-"&B95 -> 2025-UR-1067-14336286R2 | Z95: =IF(AND(ISBLANK(F95), ISBLANK(V95)), "", NETWORKDAYS.INTL(F95, IF(V95="", TODAY(), V95), "0000110", DATA!$B$2:$B$200)) -> 59
A96: 2025-UR-1068 | B96: 14204332R3 | C96: 8 1/2" | D96: GT65RHs | E96: 1267829 | F96: 45823 | G96: UR | J96: Scrap | U96: Scraped / Reclaimed | V96: 45902 | W96: Scrap due to R3 , Delay Due to Sand blasting machine, was on maintenance. | X96: =A96&"-"&B96 -> 2025-UR-1068-14204332R3 | Z96: =IF(AND(ISBLANK(F96), ISBLANK(V96)), "", NETWORKDAYS.INTL(F96, IF(V96="", TODAY(), V96), "0000110", DATA!$B$2:$B$200)) -> 58
A97: 2025-UR-1069 | B97: 14340870 | C97: 8.5 | D97: GT65RHS-1 | E97: 1276939 | F97: 45825 | G97: UR | J97: Repair | K97: 1663 | M97: Mohana | N97: Showaiki | O97: Mohana | V97: 45833 | W97: Pockets Build up. | X97: =A97&"-"&B97 -> 2025-UR-1069-14340870 | Z97: =IF(AND(ISBLANK(F97), ISBLANK(V97)), "", NETWORKDAYS.INTL(F97, IF(V97="", TODAY(), V97), "0000110", DATA!$B$2:$B$200)) -> 7
A98: 2025-UR-1070 | B98: 14353149 | C98: 8.5 | D98: GT65RHS-1 | E98: 1276939M | F98: 45826 | G98: UR | J98: Scrap | M98: - | N98: - | O98: - | U98: Scraped / Reclaimed | V98: 45902 | W98: B2P1,B4P1 and B6P1 Heavy erosion | X98: =A98&"-"&B98 -> 2025-UR-1070-14353149 | Z98: =IF(AND(ISBLANK(F98), ISBLANK(V98)), "", NETWORKDAYS.INTL(F98, IF(V98="", TODAY(), V98), "0000110", DATA!$B$2:$B$200)) -> 55
A99: 2025-UR-1071 | B99: 14337192 | C99: 8 1/2" | D99: GT65RHs | E99: 1267829 | F99: 45832 | G99: UR | J99: Repair | K99: 1558 | M99: Yes | N99: Showaiki | O99: Mohana | V99: 45840 | W99: Pockets Build up. | X99: =A99&"-"&B99 -> 2025-UR-1071-14337192 | Z99: =IF(AND(ISBLANK(F99), ISBLANK(V99)), "", NETWORKDAYS.INTL(F99, IF(V99="", TODAY(), V99), "0000110", DATA!$B$2:$B$200)) -> 7
A100: 2025-UR-1072 | B100: 14247231R3 | C100: 8 1/2 | D100: GT65RHS-1 | E100: 1276939 | F100: 45840 | G100: UR | J100: Scrap | N100: Almuatasem | U100: Scraped / Reclaimed | V100: 45881 | W100: Scrap due to R3 and Heavy erosion | X100: =A100&"-"&B100 -> 2025-UR-1072-14247231R3 | Z100: =IF(AND(ISBLANK(F100), ISBLANK(V100)), "", NETWORKDAYS.INTL(F100, IF(V100="", TODAY(), V100), "0000110", DATA!$B$2:$B$200)) -> 30
...

Sheet WIP
A1: ORDER NO. | B1: SEREAL NO. | C1: SIZE | D1: TYPE | E1: LV5 MAT NO. | F1: RECIVED | G1: FROM | H1: STATUS | I1: Build Up | J1: Pocket Grinding | K1: Braze | L1: Final grinding | M1: Tip Grinding | N1: 1st check | O1: Rework | P1: Thread Cleaning / Machining | Q1: Body Cleaning / Machining | R1: USR | S1: Final Inspection | T1: Remarks | U1: Acomplish | V1: Inspection Group
A2: 20261002 | B2: 14273126R2 | C2: 3.875 | D2: SF53 | E2: 1252149 | F2: 46023 | G2: LSTK | I2: - | J2: - | K2: 46031 | L2: Needed
A3: 20261003 | B3: 14254494R3 | C3: 6.125 | D3: HD54 | E3: 1251085M2 | F3: 45911 | G3: LSTK
A4: 20261004 | B4: 14304769R1 | C4: 6.125 | D4: HD54 | E4: 1251085M2 | F4: 45980 | G4: LSTK | K4: 46043
A5: 20261005 | B5: 14320851R4 | C5: 3.875 | D5: SF53 | E5: 1252149 | F5: 45858 | G5: LSTK
A6: 20261006 | B6: 14304771R2 | C6: 6.125 | D6: HD54X | E6: 1137349 | F6: 46035 | G6: LSTK
A7: 2025-AR-063 | B7: 13670338 | C7: 16" | D7: MM85DH | E7: 1033011 | I7: Done | J7: - | K7: 46032 | T7: Scrap- Reclaim | U7: 46036 | V7: 2025-01
A8: 2025-AR-064 | B8: 13670127 | C8: 16" | D8: MMD85DH-1 | E8: 1058252 | I8: - | J8: - | K8: Done | L8: Done | M8: Done | N8: Done | O8: Done | P8: Done | Q8: Machinning | R8: USR | T8: Machinning, and replace upper section within the weekend as per Ranjith. | U8: 46036 | V8: 2025-01
A9: 2025-AR-066 | B9: 13867749 | C9: 16" | D9: MMD85DH-1 | E9: 1058252 | I9: Done | J9: - | K9: Done | L9: 46032 | M9: Needed | T9: Finalizing | U9: 46036 | V9: 2025-01
A10: 2025-AR-067 | B10: 13719634 | C10: 12" | D10: GT86DH | E10: 1005462M | I10: Done | K10: 46035 | L10: Needed | O10: Needed | V10: 2025-01
A11: 2025-AR-069 | B11: 12947677R | C11: 12" | D11: GT86DH | E11: 1005462 | I11: - | J11: - | K11: 46042 | R11: USR | T11: Braze | V11: 2025-01
A12: 2025-AR-070 | B12: 13655960 | C12: 12" | D12: GT86DH | E12: 1005462M | I12: Done | J12: Done | K12: 46039 | T12: Braze | V12: 2025-01
A13: 2025-AR-072 | B13: 14178471 | C13: 8 1/2" | D13: GT65RHS-1 | E13: 1276939 | I13: Done | J13: Done | K13: Done | L13: Done | M13: Done | N13: Done | O13: Done | P13: Done | Q13: Done | R13: Done | S13: Final Ins. | T13: Final Inspection | U13: 46036 | V13: 2025-01
A14: 2025-AR-073 | B14: 14211932 | C14: 8 1/2" | D14: GT65RHS-1 | E14: 1276939 | I14: 46033 | J14: Done | K14: 46037 | T14: Braze | V14: 2025-01
A15: 2025-AR-074 | B15: 14190172 | C15: 8 1/2" | D15: GT65RHS-1 | E15: 1276939 | I15: 46033 | J15: Done | K15: 46037 | T15: Braze | V15: 2025-01
A16: 2025-AR-075 | B16: 14211930 | C16: 8 1/2" | D16: GT65RHS-1 | E16: 1276939 | I16: 46033 | J16: Needed | K16: 46041 | T16: Needs Pocket Build up | V16: 2025-01
A17: 2025-AR-076 | B17: 13521409 | C17: 8 3/8" | D17: GT75DH | E17: 1056029 | I17: - | J17: - | K17: 46036 | L17: Done | M17: Done | U17: 46037 | V17: 2025-01
A18: 2025-AR-077 | B18: 13064090R | C18: 8 3/8" | D18: MM65DH | E18: 882281M | I18: - | J18: - | K18: 46032 | U18: 46036 | V18: 2025-01
A19: 2025-AR-078 | B19: 13080019R | C19: 8 3/8" | D19: MM65DH | E19: 882281 | I19: - | J19: - | K19: 46032 | O19: Done | V19: 2025-01
A20: 2025-AR-080 | B20: 13186638R | C20: 8 3/8" | D20: MM65DH | E20: 882281 | I20: 46033 | K20: 45673 | O20: 46043 | T20: Braze | V20: 2025-01
A21: 2025-AR-081 | B21: 13870635 | C21: 8 3/8" | D21: MM65DH | E21: 1061407 | I21: Done | J21: Done | K21: 45673 | T21: Braze | V21: 2025-01
A22: 2025-AR-082 | B22: 13862293 | C22: 8 3/8" | D22: MM65DH | E22: 1061407 | I22: 46041 | J22: 46041 | K22: 46042 | T22: Braze | V22: 2025-01
A23: 2025-AR-083 | B23: 13739196 | C23: 8 3/8" | D23: MM65DH | E23: 1176919 | I23: 46041 | J23: 46041 | K23: 46043 | T23: Braze delayed | V23: 2025-01
A24: 2025-AR-084 | B24: 13044609R | C24: 8 3/8" | D24: MM65DH-1 | E24: 1005293 | I24: 46041 | J24: 46041 | K24: 46043 | T24: Braze delayed due tobrocken pocket | V24: 2025-01
A25: 2025-AR-085 | B25: 13172301R | C25: 8 3/8" | D25: MM65DH-1 | E25: 1080537 | I25: - | J25: - | K25: Done | L25: Done | M25: Done | N25: Done | O25: Done | P25: Done | Q25: Done | R25: Done | S25: Final Ins. | T25: Final Inspection | U25: 46036 | V25: 2025-01
A26: 2025-AR-086 | B26: 13283019R | C26: 8 3/8" | D26: MM65DH-1 | E26: 1080537 | I26: - | J26: - | K26: Done | L26: 46031 | M26: Done | N26: Done | O26: 46043 | P26: - | Q26: Needed | T26: Finalizing | V26: 2025-01
A27: 2025-AR-087 | B27: 13685072 | C27: 6 1/8" | D27: MMD54H | E27: 1137349M | I27: Done | J27: - | K27: Done | L27: Needed | R27: USR | T27: Finalizing, needs upper section | V27: 2025-01
A28: 2025-AR-088 | B28: 13685074 | C28: 6 1/8" | D28: MMD54H | E28: 1137349M | I28: - | J28: - | K28: 46031 | L28: Done | U28: 46037 | V28: 2025-01
A29: 2025-AR-089 | B29: 13685073 | C29: 6 1/8" | D29: MMD54H | E29: 1137349M | I29: Done | J29: - | K29: Done | L29: 46031 | T29: Finalizing | U29: 46036 | V29: 2025-01
A30: 2025-AR-090 | B30: 13719614 | C30: 6 1/8" | D30: MMD54H | E30: 1137349 | I30: - | J30: - | K30: Done | L30: Done | M30: Done | N30: Done | O30: Done | P30: - | Q30: - | R30: - | S30: - | T30: - | U30: 46037 | V30: 2025-01
A31: 2025-ARDT-041 | B31: 13405946 | C31: 6.125 | D31: GT64DH | E31: 1133653 | F31: 46019 | G31: ARDT | I31: - | J31: - | K31: - | L31: - | M31: - | N31: - | O31: - | P31: - | Q31: - | R31: - | S31: - | T31: De-braze 1/11/2026 cutters need to be send to store | U31: 46033
A32: 2025-ARDT-LV4-196 | B32: 14492190 | C32: 8.375 | D32: EM65D | E32: 1283630 | F32: 46022 | G32: LV4 | I32: - | J32: - | O32: 46030 | P32: Rotor Cutters | T32: 46027
A33: 2025-UR-1141 | B33: 14369051R2 | C33: 8.5 | D33: GT65RHS-1 | E33: 1276939M2 | F33: 46019 | G33: UR | I33: - | J33: - | K33: Done | L33: Done | M33: 46032 | U33: 46036
A34: 2026-ARDT-001 | B34: 14073969 | C34: 16 | D34: HD75DOS | E34: 1254482M | F34: 46035 | G34: ARDT | K34: 46037 | V34: Retrofit
A35: 2026-ARDT-LV3-002 | B35: 14418427 | C35: 3.625 | D35: MMD53DH | E35: 2025595 | F35: 46028 | G35: LV3 | K35: 46035 | T35: 46035
A36: 2026-ARDT-LV3-003 | B36: 14431434 | C36: 6.125 | D36: HD54 | E36: 1251085M2 | F36: 46036 | G36: ARDT-LV3 | K36: 46043
A37: 2026-ARDT-LV4-002 | B37: 14462156 | C37: 8.5 | D37: HXI65Ds | E37: 2016764M | F37: 46026 | G37: LV4 | K37: 46034 | T37: 46030
A38: 2026-ARDT-LV4-003 | B38: 14386456 | C38: 12.25 | D38: HD65Os | E38: 2008912 | F38: 46029 | G38: LV4 | I38: - | J38: - | L38: Needed | T38: Due Date 1/12/2026
A39: 2026-ARDT-LV4-004 | B39: 14476928 | C39: 8.375 | D39: HD65DK | E39: 2025815M | F39: 46030 | G39: LV4 | K39: 46034 | M39: Needed | T39: 46036
A40: 2026-ARDT-LV4-005 | B40: 14488518 | C40: 8.5 | D40: GT65RHs | E40: 1276939M2 | F40: 46030 | G40: LV4 | K40: 46036 | T40: 46037
A41: 2026-ARDT-LV4-006 | B41: 14488517 | C41: 8.5 | D41: GT65RHs | E41: 1276939M2 | F41: 46030 | G41: LV4 | K41: 46035 | L41: Needed | T41: 46037
A42: 2026-ARDT-LV4-007 | B42: 14442332 | C42: 12.25 | D42: HD75WF | E42: 1257458M2 | F42: 46034 | G42: ARDT-LV4 | K42: 46040
A43: 2026-ARDT-LV4-008 | B43: 14476929 | C43: 8.375 | D43: HD65DK | E43: 2019414M | F43: 46036 | G43: ARDT-LV4 | K43: 46037
A44: 2026-UR-1004 | B44: 14369049R1 | C44: 8.5 | D44: GT65RHS-1 | E44: 1276939M2 | F44: 46023 | G44: UR | I44: 46033 | K44: 46035 | U44: 46036
A45: 2026-UR-1001 | B45: 14204328R1 | C45: 8.5 | D45: GT65RHs | E45: 1267829M | F45: 46023 | G45: UR | I45: - | J45: - | K45: 46037 | L45: Done | M45: Done | N45: Needed
A46: 2026-UR-1002 | B46: 14414030 | C46: 8.5 | D46: GT65RHs-1 | E46: 1276939M4 | F46: 46023 | G46: UR | I46: - | J46: - | K46: Done | L46: Done | M46: Done | U46: 46036
A47: 2026-UR-1003 | B47: 14414024R1 | C47: 8.5 | D47: GT65RHs-1 | E47: 1276939M2 | F47: 46023 | G47: UR | H47: Evaluation is no complete | K47: 46037
A48: 2026-UR-1005 | B48: 14369052R2 | C48: 8.5 | D48: GT65RHs-1 | E48: 1276939M2 | F48: 45661 | G48: UR | I48: Done | K48: 46042
A49: 2026-UR-1006 | B49: 14340871R3 | C49: 8.5 | D49: GT65RHs-1 | E49: 1276939 | F49: 46029 | G49: UR | H49: Scrap | I49: -
A50: 2026-UR-1007 | B50: 14414028 | C50: 8.5 | D50: GT65RHs-1 | E50: 1276939 | F50: 46030 | G50: UR | J50: Needed | K50: 46041 | T50: Needs Pocket Build up
A51: 2026-WFD-1001 | B51: 14304768R7 | C51: 3.875 | D51: SF53 | E51: 1252149 | F51: 46035 | G51: WFD
A52: 2026-ARDT-LV4-009 | B52: 14492191 | C52: 8.375 | D52: EM65D | E52: 1283630M1 | F52: 46036 | G52: ARDT-LV4 | K52: 46041 | T52: Cutters collected
A53: 2026-ARDT-LV3-004 | B53: 14431435 | C53: 6.125 | D53: GTD54H | E53: 1251085M2 | F53: 1251085 | G53: ARDT-LV3 | K53: 46041 | T53: Cutters collected

Sheet Sheet2
B6: ORDER NO. | C6: SEREAL NO. | D6: SIZE | E6: TYPE | F6: LV5 MAT NO. | G6: Build Up | H6: Pocket Grinding | I6: Braze | J6: Remark
B7: 2026-ARDT-LV4-013 | C7: 14487986 | D7: 8.5 | E7: GT65RHs | F7: 1276939M2 | H7: 46048 | I7: 46048 | J7: Done
B8: 2026-ARDT-LV4-014 | C8: 14487985 | D8: 8.5 | E8: GT65RHs | F8: 1276939M2 | H8: 46048 | I8: 46048 | J8: Done
B9: 2026-ARDT-LV4-015 | C9: 14488519 | D9: 8.5 | E9: GT65RHs | F9: 1276939M2 | H9: 46048 | I9: 46049 | J9: Brazed
B10: 2026-ARDT-LV4-016 | C10: 14488520 | D10: 8.5 | E10: GT65RHs | F10: 1276939M2 | H10: 46049 | I10: 46049 | J10: Brazed
B16: Business Unit | C16: MAT Number | D16: Bit Size | E16: Bit Type | F16: New / Repair | G16: Serial (* Required for repair) | H16: DueDate | I16: Release Date | J16: Updated Due Date
B17: UR Rental - Sperry | C17: 1158011 | D17: 8.5 | E17: GT65RHs | F17: New | G17: 14353144 | H17: 46050 | J17: 46051
A22: ORDER NO. | B22: SERIAL NO | C22: SIZE | D22: TYPE | E22: MAT NO. | F22: RECIVED | G22: FROM | H22: STATUS | I22: FINAL | J22: Upper Section Replacement | K22: Build up | L22: Brazer | M22: Spinner | N22: Tip Grinding by | O22: QC | P22: Thread Cleaning / Machining | Q22: Body Cleaning / Machining | R22: Erosion sleeve | S22: Rework | T22: ACCOMPLISHED DATE | U22: REMARKS | V22: Job Name | W22: Issues report | X22: PDC Production Days | Y22: Lost Cutter | Z22: ITEM NUMBER | AA22: MJ # | AB22: Production Order Number | AC22: Quotation | AD22: RAF
A23: 2026-UR-1006 | B23: 14340871R3 | C23: 8.5 | D23: GT65RHs-1 | E23: 1276939 | F23: 46029 | G23: UR | H23: Scrap | V23: 2026-UR-1006-14340871R3
A24: 2026-UR-1008 | B24: 14414023R2 | C24: 8.5 | D24: GT65RHs-1 | E24: 1276939M2 | F24: 46040 | G24: UR | H24: Scrap | V24: 2026-UR-1008-14414023R2
A25: 2026-UR-1011 | B25: 14462152 | C25: 8.5 | D25: GT65RHs-1 | E25: 1276939M2 | F25: 46044 | G25: UR | H25: Scrap | V25: 2026-UR-1011-14462152

Sheet L3
A1: ORDER NO. | B1: SEREAL NO. | C1: SIZE | D1: TYPE | E1: LV5 MAT NO. | F1: RECIVED | G1: FROM | H1: LV3 MAT NO. | I1: NEW TYPE | J1: STATUS | K1: FINAL | L1: Upper Section Replacement | M1: Build up | N1: Brazer | O1: Spinner | P1: Tip Grinding by | Q1: QC | R1: Thread Cleaning / Machining | S1: Body Cleaning / Machining | T1: Erosion sleeve | U1: Rework | V1: ACCOMPLISHED DATE | W1: REMARKS | X1: Job Name | Y1: Issues report | Z1: PDC Production Days | AA1: Lost Cutters | AB1: Item Number | AC1: MJ # | AD1: Production Order Number | AE1: TRANSFER ORDER | AF1: Quotation | AG1: RAF
A2: 2019-ARDT-LV3-01 | B2: 13274302 | C2: 12.25 | D2: GT76H | E2: 1113064M | F2: 43674 | G2: ARDT-LV3 | H2: 1113064 | W2: LV 3 BIT MAT#1112857 NEEDS TO BE CUTTER INSTALLED AS PER ATTACHED EMAIL INSTRUCTION , DATED 07/28/2019 FROM ROHAN. CUTTER INSTALLATION SHOULD BE DONE ACCORDING TO BOM ASSY #1113064.
A3: 2019-ARDT-LV3-02 | B3: 13274303 | C3: 12.25 | D3: GT76H | E3: 1126138 | F3: 43692 | G3: ARDT-LV3 | W3: Level 3 bit cutter instalation as per Subhi email.
A4: 2019-ARDT-LV3-03 | B4: 13383209 | C4: 12.25 | D4: GT76H | E4: 1112857 | F4: 43809 | G4: ARDT-LV3 | W4: Level 3 bit cutter instalation as per Subhi email.
A5: 2019-ARDT-LV3-04 | B5: 13383208 | C5: 12.25 | D5: GT76H | E5: 1112857M | F5: 43817 | G5: ARDT-LV3 | W5: Level 3 bit cutter installation modified as per Saad email.
A6: 2020-ARDT-LV3-01 | B6: 13383207 | C6: 12.25 | D6: GT76H | E6: 1112857 | F6: 43849 | G6: ARDT-LV3 | V6: 43874
A7: 2020-ARDT-LV3-02 | B7: 13443519 | C7: 8.375 | D7: GT65DH | E7: 1092981 | F7: 43920 | G7: ARDT-LV3 | V7: 43922 | W7: LEVEL 3 BIT FOR BRAZING
A8: 2020-ARDT-LV3-03 | B8: 13443523 | C8: 8.375 | D8: GT65DH | E8: 1092981 | F8: 43920 | G8: ARDT-LV3 | V8: 43922 | W8: LEVEL 3 BIT FOR BRAZING
A9: 2020-ARDT-LV3-04 | B9: 13433561 | C9: 12.25 | D9: GT76H | E9: 1142907 | F9: 43926 | G9: ARDT-LV3 | V9: 43929 | W9: BRAZING FOR LEVEL 3 BIT
A10: 2020-ARDT-LV3-05 | B10: 13433563 | C10: 12.25 | D10: GT76H | E10: 1142907 | F10: 43927 | G10: ARDT-LV3 | V10: 43929 | W10: BRAZING FOR LEVEL 3 BIT
A11: 2020-ARDT-LV3-06 | B11: 13433562 | C11: 12.25 | D11: GT76H | E11: 1054398M | F11: 43927 | G11: ARDT-LV3 | V11: 43934 | W11: BRAZING FOR LEVEL 3 BIT
A12: 2020-ARDT-LV3-07 | B12: 13433564 | C12: 12.25 | D12: GT76H | E12: 1054398M | F12: 43928 | G12: ARDT-LV3 | V12: 43933 | W12: BRAZING FOR LEVEL 3 BIT
A13: 2020-ARDT-LV3-08 | B13: 13443518 | C13: 8.375 | D13: GT65DH | E13: 1092981 | F13: 43935 | G13: ARDT-LV3 | V13: 43940 | W13: LEVEL 3 BIT BRAZING
A14: 2020-ARDT-LV3-09 | B14: 13443520 | C14: 8.375 | D14: GT65DH | E14: 1092981 | F14: 43935 | G14: ARDT-LV3 | V14: 43940 | W14: LEVEL 3 BIT BRAZING
A15: 2020-ARDT-LV3-10 | B15: 13443517 | C15: 8.375 | D15: GT65DH | E15: 1083564M | F15: 43940 | G15: ARDT-LV3 | V15: 43943 | W15: LEVEL 3 BIT BRAZING
A16: 2020-ARDT-LV3-11 | B16: 13443522 | C16: 8.375 | D16: GT65DH | E16: 1083564M | F16: 43940 | G16: ARDT-LV3 | V16: 43943 | W16: LEVEL 3 BIT BRAZING
A17: 2020-ARDT-LV3-12 | B17: 13448033 | C17: 8.375 | D17: MM65DH | E17: 1080537 | F17: 43941 | G17: ARDT-LV3 | V17: 43942 | W17: LEVEL 3 BIT BRAZING
A18: 2020-ARDT-LV3-13 | B18: 13443521 | C18: 8.375 | D18: GT65DH | E18: 1083564M | F18: 43941 | G18: ARDT-LV3 | H18: 1083564M | V18: 43944 | W18: LEVEL 3 BIT BRAZING, MAT: 1083564M will change
A19: 2020-ARDT-LV3-14 | B19: 13448032 | C19: 8.375 | D19: MM65DH | E19: 1080537 | F19: 0420/2020 | G19: ARDT-LV3 | V19: 43943 | W19: LEVEL 3 BIT BRAZING
A20: 2020-ARDT-LV3-15 | B20: 13448034 | C20: 8.375 | D20: MM65DH | E20: 1080537 | F20: 43942 | G20: ARDT-LV3 | V20: 43944 | W20: LEVEL 3 BIT BRAZING
A21: 2020-ARDT-LV3-16 | B21: 13448266 | C21: 12.25 | D21: GT76H | E21: 1142907 | F21: 43943 | G21: ARDT-LV3 | V21: 43949 | W21: LEVEL 3 BIT BRAZING
A22: 2020-ARDT-LV3-17 | B22: 13448267 | C22: 12.25 | D22: GT76H | E22: 1142907 | F22: 43944 | G22: ARDT-LV3 | H22: 1112857 | V22: 43988 | W22: LEVEL 3 BIT BRAZING ( Level 3 material number was 1112857 )
A23: 2020-ARDT-LV3-18 | B23: 13448035 | C23: 8.375 | D23: MM65DH | E23: 1080537 | F23: 43944 | G23: ARDT-LV3 | H23: 1080537 | V23: 43968 | W23: LEVEL 3 BIT BRAZING ( level 5 material number will be 1080537)
A24: 2020-ARDT-LV3-19 | B24: 13448036 | C24: 8.375 | D24: MM65DH | E24: 1080537 | F24: 04/26/200 | G24: ARDT-LV3 | H24: 1140080 | V24: 43988 | W24: LEVEL 3 BIT BRAZING ( level 3 material number WAS 1140080)
A25: 2020-ARDT-LV3-20 | B25: 13461214 | C25: 8.375 | D25: GT65DH | E25: 1147796M | F25: 43972 | G25: ARDT-LV3 | H25: 1141517 | V25: 43988 | W25: As per Saad AND Rami's email, the L3 MAT was 1141517.
A26: 2020-ARDT-LV3-21 | B26: 13448037 | C26: 8.375 | D26: MM65DH | E26: 1080537 | F26: 43984 | G26: ARDT-LV3 | H26: 1140080 | V26: 43988 | W26: LEVEL 3 BIT BRAZING ( level 3 material number WAS 1140080)
A27: 2020-ARDT-LV3-22 | B27: 13448040 | C27: 8.375 | D27: MM65DH | E27: 1080537 | F27: 43984 | G27: ARDT-LV3 | H27: 1140080 | V27: 43998 | W27: LEVEL 3 BIT BRAZING ( level 3 material number WAS 1140080)
A28: 2020-ARDT-LV3-23 | B28: 13461211 | C28: 8.375 | D28: GT65DH | E28: 1083564 | F28: 44001 | G28: ARDT-LV3 | H28: 1141517 | V28: 44003 | W28: LEVEL 3 BIT BRAZING ( level 3 material number WAS 1141517)
A29: 2020-ARDT-LV3-24 | B29: 13467575 | C29: 6.125 | D29: MM64R | E29: 965522 | F29: 44003 | G29: ARDT-LV3 | H29: 1146317M | V29: 44007 | W29: LEVEL 3 BIT BRAZING ( level 3 material number WAS1146317M)
A30: 2020-ARDT-LV3-25 | B30: 13448039 | C30: 8.375 | D30: MM65DH | E30: 1080537 | F30: 44004 | G30: ARDT-LV3 | H30: 1140080M | V30: 44005 | W30: LEVEL 3 BIT BRAZING ( level 3 material number WAS1140080M)
A31: 2020-ARDT-LV3-26 | B31: 13448041 | C31: 8.375 | D31: MM65DH | E31: 1080537 | F31: 44004 | G31: ARDT-LV3 | H31: 1140080M | V31: 44005 | W31: LEVEL 3 BIT BRAZING ( level 3 material number WAS1140080M)
A32: 2020-ARDT-LV3-27 | B32: 13461210 | C32: 8.375 | D32: GT65DH | E32: 1083564 | F32: 44005 | G32: ARDT-LV3 | H32: 1141517 | V32: 44006 | W32: LEVEL 3 BIT BRAZING ( level 5 material number will be1141517)
A33: 2020-ARDT-LV3-28 | B33: 13460777 | C33: 8.375 | D33: MM65DH | E33: 1080537 | F33: 44006 | G33: ARDT-LV3 | H33: 1140080 | V33: 44010 | W33: LEVEL 3 BIT BRAZING ( level 3 material number was 1140080)
A34: 2020-ARDT-LV3-29 | B34: 13460778 | C34: 8.375 | D34: MM65DH | E34: 1080537 | F34: 44006 | G34: ARDT-LV3 | H34: 1140080 | V34: 44010 | W34: LEVEL 5 BIT BRAZING ( level 3material number was 1140080)
A35: 2020-ARDT-LV3-30 | B35: 13460776 | C35: 8.375 | D35: MM65DH | E35: 1080537 | F35: 44007 | G35: ARDT-LV3 | H35: 1140080 | V35: 44010 | W35: LEVEL 3 BIT BRAZING ( level 3 material number was 1140080)
A36: 2020-ARDT-LV3-31 | B36: 13461212 | C36: 8.375 | D36: GT65DH | E36: 1083564 | F36: 44010 | G36: ARDT-LV3 | H36: 1141517 | V36: 44012 | W36: LEVEL 3 BIT BRAZING ( level 3 material number was 1141517)
A37: 2020-ARDT-LV3-32 | B37: 13460779 | C37: 8.375 | D37: MM65DH | E37: 1080537 | F37: 44013 | G37: ARDT-LV3 | H37: 1140080 | V37: 44019 | W37: LEVEL 3 BIT BRAZING ( level 3 material number was1140080)
A38: 2020-ARDT-LV3-33 | B38: 13448038 | C38: 8.375 | D38: MM65DH | E38: 1080537 | F38: 44014 | G38: ARDT-LV3 | H38: 1140080 | V38: 44019 | W38: Level 3 Bit Brazing(Level 3 Material Number was 1140080)
A39: 2020-ARDT-LV3-34 | B39: 13448042 | C39: 8.375 | D39: MM65DH | E39: 1080537 | F39: 44017 | G39: ARDT-LV3 | H39: 1140080 | V39: 44020 | W39: Level 3 Bit Brazing(Level 3 Material Number was 1140080)
A40: 2020-ARDT-LV3-35 | B40: 13448043 | C40: 8.375 | D40: MM65DH | E40: 1080537 | F40: 44017 | G40: ARDT-LV3 | H40: 1140080 | V40: 44020 | W40: Level 3 Bit Brazing(Level 3 Material Number was 1140080)
A41: 2020-ARDT-LV3-36 | B41: 13448268 | C41: 12.25 | D41: GT76H | E41: 1142907 | F41: 44021 | G41: ARDT-LV3 | H41: 1112857 | V41: 44033 | W41: LEVEL 3 BIT BRAZING ( level 3material number was 1112857 )
A42: 2020-ARDT-LV3-37 | B42: 13461220 | C42: 12.25 | D42: GT76H | E42: 1142907 | F42: 44031 | G42: ARDT-LV3 | H42: 1112857 | V42: 44035 | W42: LEVEL 3 BIT BRAZING ( level 3material number was 1112857 )
A43: 2020-ARDT-LV3-38 | B43: 13461224 | C43: 12.25 | D43: GT76H | E43: 1142907 | F43: 44038 | G43: ARDT-LV3 | H43: 1112857 | V43: 44041 | W43: LEVEL 3 BIT BRAZING ( level 3 material number was 1112857)
... A64: 2020-ARDT-LV3-59 | B64: 13521409 | C64: 8.375 | D64: GT75DH | E64: 1056029 | F64: 44166 | G64: ARDT-LV3 | H64: 1158490 | V64: 44171 | W64: Level 3 Bit Brazing(Level 3 Material Number was 1158490)
A65: 2020-ARDT-LV3-60 | B65: 13516798 | C65: 12 | D65: MM86D | E65: 1020531M | F65: 44172 | G65: ARDT-LV3 | H65: 1146009 | V65: 44178 | W65: Level 3 Bit Brazing(Level 3 Material Number was 1146009)
A66: 2020-ARDT-LV3-61 | B66: 13519099 | C66: 12 | D66: MM86D | E66: 1020531M | F66: 44172 | G66: ARDT-LV3 | H66: 1146009 | V66: 44180 | W66: Level 3 Bit Brazing(Level 3 Material Number was 1146009)
A67: 2020-ARDT-LV3-62 | B67: 13516796 | C67: 12 | D67: MM86DH | E67: 1005462 | F67: 44172 | G67: ARDT-LV3 | H67: 1145825M | V67: 44178 | W67: Level 3 Bit Brazing(Level 3 Material Number was 1145825M)
A68: 2021-ARDT-LV3-01 | B68: 13509985 | C68: 6.125 | D68: GTD54H | E68: 1137349M | F68: 44200 | G68: ARDT-LV3 | H68: 1145824 | V68: 44202 | W68: LEVEL 3 BIT BRAZING ( level 3 material number was 1145824)
A69: 2021-ARDT-LV3-02 | B69: 13538857 | C69: 8.375 | D69: GT65DH | E69: 1092981M | F69: 44203 | G69: ARDT-LV3 | H69: 1141517 | V69: 44204 | W69: Level 3 Bit Brazing(Level 3 Material Number was 1141517). Primary: 33 x 1613 .018 – CR-44 (mat#661066) Backup: 23 x 1608 0.018 – CR-31 (mat#738228)
A70: 2021-ARDT-LV3-03 | B70: 13538859 | C70: 8.375 | D70: MM65DH | E70: 1176919M | F70: 44210 | G70: ARDT-LV3 | H70: 1145826 | V70: 44210 | W70: LEVEL 3 BIT BRAZING ( level 3 material number was 1145826)
A71: 2021-ARDT-LV3-04 | B71: 13546861 | C71: 6.125 | D71: GTD54H | E71: 1137349 | F71: 44224 | G71: ARDT-LV3 | H71: 1145824 | V71: 44229 | W71: LEVEL 3 BIT BRAZING ( level 3 material number was 1145824)
A72: 2021-ARDT-LV3-05 | B72: 13546862 | C72: 6.125 | D72: GTD54H | E72: 1137349 | F72: 44224 | G72: ARDT-LV3 | H72: 1145824 | V72: 44229 | W72: LEVEL 3 BIT BRAZING ( level 3 material number was 1145824)
A73: 2021-ARDT-LV3-06 | B73: 13546803 | C73: 8.375 | D73: MM65DH | E73: 1176919 | F73: 44227 | G73: ARDT-LV3 | H73: 1145826 | V73: 44231 | W73: LEVEL 5 BIT BRAZING ( level 3material number was 1145826)
A74: 2021-ARDT-LV3-07 | B74: 13538858 | C74: 8.375 | D74: GT65DH | E74: 1083564M | F74: 44227 | G74: ARDT-LV3 | H74: 1141517 | V74: 44235 | W74: LEVEL 5 BIT BRAZING ( level 3material number was 1141517)
A75: 2021-ARDT-LV3-08 | B75: 13546804 | C75: 8.375 | D75: MM65DH | E75: 1176919 | F75: 44227 | G75: ARDT-LV3 | H75: 1145826 | V75: 44235 | W75: LEVEL 5 BIT BRAZING ( level 3material number was 1145826)
A76: 2021-ARDT-LV3-09 | B76: 13546805 | C76: 8.375 | D76: MM65DH | E76: 1176919 | F76: 44228 | G76: ARDT-LV3 | H76: 1145826 | V76: 44231 | W76: LEVEL 5 BIT BRAZING ( level 3material number was 1145826)
A77: 2021-ARDT-LV3-10 | B77: 13516797 | C77: 12 | D77: MM86DH | E77: 1005462 | F77: 44228 | G77: ARDT-LV3 | H77: 1145825 | V77: 44234 | W77: LEVEL 5 BIT BRAZING ( level 3material number was 1145825)
A78: 2021-ARDT-LV3-100 | B78: 13578194 | C78: 12 | D78: MM86DH | E78: 1005462 | F78: 44390 | G78: ARDT-LV3 | H78: 1145825 | V78: 44402 | W78: LEVEL 3 BIT BRAZING ( level 3 material number was 1145825)
A79: 2021-ARDT-LV3-101 | B79: 13593359 | C79: 12 | D79: MM86D | E79: 1020531 | F79: 44390 | G79: ARDT-LV3 | H79: 1146009 | V79: 44402 | W79: LEVEL 3 BIT BRAZING ( level 3 material number was 1146009)
A80: 2021-ARDT-LV3-102 | B80: 13593144 | C80: 8.375 | D80: MM65DH | E80: 1080537 | F80: 44375 | G80: ARDT-LV3 | H80: 1140080 | V80: 44404 | W80: LEVEL 3 BIT BRAZING ( level 3 material number was 1140080)
A81: 2021-ARDT-LV3-103 | B81: 13578196 | C81: 12 | D81: MM86DH | E81: 1005462 | F81: 44403 | G81: ARDT-LV3 | H81: 1145825 | V81: 44409 | W81: LEVEL 3 BIT BRAZING ( level 3 material number was 1145825)
A82: 2021-ARDT-LV3-104 | B82: 13578197 | C82: 12 | D82: MM86DH | E82: 1005462 | F82: 44403 | G82: ARDT-LV3 | H82: 1145825 | V82: 44406 | W82: LEVEL 3 BIT BRAZING ( level 3 material number was 1145825)
A83: 2021-ARDT-LV3-105 | B83: 13578195 | C83: 12 | D83: MM86DH | E83: 1005462 | F83: 44404 | G83: ARDT-LV3 | H83: 1145825 | V83: 44425 | W83: LEVEL 3 BIT BRAZING ( level 3 material number was 1145825)
A84: 2021-ARDT-LV3-106 | B84: 13593355 | C84: 8.375 | D84: MM65DH | E84: 1176919 | F84: 44404 | G84: ARDT-LV3 | H84: 1145826 | V84: 44405 | W84: LEVEL 3 BIT BRAZING ( level 3 material number was 1145826)
A85: 2021-ARDT-LV3-107 | B85: 13593356 | C85: 8.375 | D85: MM65DH | E85: 1176919 | F85: 44405 | G85: ARDT-LV3 | H85: 1145826 | V85: 44407 | W85: LEVEL 3 BIT BRAZING ( level 3 material number was 1145826)
A86: 2021-ARDT-LV3-108 | B86: 13593354 | C86: 8.375 | D86: MM65DH | E86: 1176919 | F86: 44405 | G86: ARDT-LV3 | H86: 1145826 | V86: 44418 | W86: LEVEL 3 BIT BRAZING ( level 3 material number was 1145826), defected by TSP in B2(P3,P4)
A87: 2021-ARDT-LV3-109 | B87: 13606241 | C87: 8.375 | D87: MM65DH | E87: 1061407M | F87: 44405 | G87: ARDT-LV3 | H87: 1145826 | V87: 44410 | W87: LEVEL 3 BIT BRAZING ( level 3 material number was 1145826)
A88: 2021-ARDT-LV3-11 | B88: 13528036 | C88: 12 | D88: MM86DH | E88: 1005462 | F88: 44228 | G88: ARDT-LV3 | H88: 1145825 | V88: 44238 | W88: LEVEL 5 BIT BRAZING ( level 3material number was 1145825)
A89: 2021-ARDT-LV3-110 | B89: 13606244 | C89: 8.375 | D89: MM65DH | E89: 1061407M | F89: 44406 | G89: ARDT-LV3 | H89: 1145826 | V89: 44412 | W89: LEVEL 3 BIT BRAZING ( level 3 material number was 1145826)
A90: 2021-ARDT-LV3-111 | B90: 13606236 | C90: 8.375 | D90: GT65DH | E90: 1092981 | F90: 44407 | G90: ARDT-LV3 | H90: 1141517 | V90: 44413 | W90: LEVEL 3 BIT BRAZING ( level 3 material number was 1141517)
A91: 2021-ARDT-LV3-112 | B91: 13606238 | C91: 8.375 | D91: GT65DH | E91: 1092981 | F91: 44407 | G91: ARDT-LV3 | H91: 1141517 | V91: 44412 | W91: LEVEL 3 BIT BRAZING ( level 3 material number was 1141517)
A92: 2021-ARDT-LV3-113 | B92: 13593352 | C92: 8.375 | D92: MM65DH | E92: 1176919 | F92: 44417 | G92: ARDT-LV3 | H92: 1145826 | V92: 44420 | W92: LEVEL 3 BIT BRAZING ( level 3 material number was 1145826)
A93: 2021-ARDT-LV3-114 | B93: 13593353 | C93: 8.375 | D93: MM65DH | E93: 1176919 | F93: 44417 | G93: ARDT-LV3 | H93: 1145826 | V93: 44423 | W93: LEVEL 3 BIT BRAZING ( level 3 material number was 1145826)
A94: 2021-ARDT-LV3-115 | B94: 13593357 | C94: 8.375 | D94: MM65DH | E94: 1176919 | F94: 44418 | G94: ARDT-LV3 | H94: 1145826 | V94: 44425 | W94: LEVEL 3 BIT BRAZING ( level 3 material number was 1145826)
A95: 2021-ARDT-LV3-116 | B95: 13606240 | C95: 8.375 | D95: GT65DH | E95: 1092981 | F95: 44430 | G95: ARDT-LV3 | H95: 1141517 | V95: 44432 | W95: LEVEL 3 BIT BRAZING ( level 3 material number was 1141517)
A96: 2021-ARDT-LV3-117 | B96: 13616533 | C96: 8.375 | D96: GT65DH | E96: 1092981 | F96: 44430 | G96: ARDT-LV3 | H96: 1141517 | V96: 44434 | W96: LEVEL 3 BIT BRAZING ( level 3 material number was 1141517)
A97: 2021-ARDT-LV3-118 | B97: 13546857 | C97: 3.875 | D97: SF53 | E97: 1059290 | F97: 44431 | G97: ARDT-LV3 | H97: 1141549 | V97: 44431 | W97: LEVEL 3 BIT BRAZING ( level 3 material number was 1141549)
A98: 2021-ARDT-LV3-119 | B98: 13616534 | C98: 8.375 | D98: GT65DH | E98: 1092981 | F98: 44431 | G98: ARDT-LV3 | H98: 1141517 | V98: 44434 | W98: LEVEL 3 BIT BRAZING ( level 3 material number was 1141517)
A99: 2021-ARDT-LV3-12 | B99: 13528037 | C99: 12 | D99: MM86DH | E99: 1005462 | F99: 44229 | G99: ARDT-LV3 | H99: 1145825 | V99: 44238 | W99: LEVEL 5 BIT BRAZING ( level 3material number was 1145825)
A100: 2021-ARDT-LV3-120 | B100: 13558475 | C100: 3.875 | D100: SF53 | E100: 1059290 | F100: 44431 | G100: ARDT-LV3 | H100: 1141549 | V100: 44434 | W100: LEVEL 3 BIT BRAZING ( level 3 material number was 1141549)
A101: 2021-ARDT-LV3-121 | B101: 13593365 | C101: 3.875 | D101: SF53 | E101: 1059290 | F101: 44431 | G101: ARDT-LV3 | H101: 1141549 | V101: 44455 | W101: LEVEL 3 BIT BRAZING ( level 3 material number was 1141549)
... A107: 2021-ARDT-LV3-127 | B107: 13616544 | C107: 12.25 | D107: GT76H | E107: 1142907 | F107: 44445 | G107: ARDT-LV3 | H107: 1112857 | V107: 44448 | W107: LEVEL 3 BIT BRAZING ( level 3 material number was 1112857)
A108: 2021-ARDT-LV3-128 | B108: 13593141 | C108: 12 | D108: MM86DH | E108: 1005462M | F108: 44445 | G108: ARDT-LV3 | H108: 1145825 | V108: 44448 | W108: LEVEL 3 BIT BRAZING ( level 3 material number was 1145825)
A109: 2021-ARDT-LV3-129 | B109: 13593142 | C109: 12 | D109: MM86DH | E109: 1005462 | F109: 44445 | G109: ARDT-LV3 | H109: 1145825 | V109: 44451 | W109: LEVEL 3 BIT BRAZING ( level 3 material number was 1145825)
A110: 2021-ARDT-LV3-13 | B110: 13499666 | C110: 8.375 | D110: MM65DH | E110: 1080537 | F110: 44229 | G110: ARDT-LV3 | H110: 1140080 | V110: 44235 | W110: LEVEL 3 Bit Brazing (Level 3 Material Number was 1140080)
A111: 2021-ARDT-LV3-130 | B111: 13606247 | C111: 12 | D111: MM86DH | E111: 1005462M | F111: 44446 | G111: ARDT-LV3 | H111: 1145825 | V111: 44448 | W111: LEVEL 3 BIT BRAZING ( level 3 material number was 1145825)
A112: 2021-ARDT-LV3-131 | B112: 13593145 | C112: 8.375 | D112: MM65DH | E112: 1080537 | F112: 44446 | G112: ARDT-LV3 | H112: 1140080 | V112: 44448 | W112: LEVEL 3 BIT BRAZING ( level 3 material number was 1140080)
A113: 2021-ARDT-LV3-132 | B113: 13607749 | C113: 8.375 | D113: MM65DH | E113: 1080537 | F113: 44446 | G113: ARDT-LV3 | H113: 1140080 | V113: 44448 | W113: LEVEL 3 BIT BRAZING ( level 3 material number was 1140080)
A114: 2021-ARDT-LV3-133 | B114: 13593134 | C114: 8.375 | D114: GT65DH | E114: 1083564M | F114: 44447 | G114: ARDT-LV3 | H114: 1141517 | V114: 44448 | W114: LEVEL 3 BIT BRAZING ( level 3 material number was 1141517)
A115: 2021-ARDT-LV3-134 | B115: 13593361 | C115: 12 | D115: MM86D | E115: 1020531 | F115: 44466 | G115: ARDT-LV3 | H115: 1146009 | V115: 44472 | W115: LEVEL 3 BIT BRAZING ( level 3 material number was 1146009)
A116: 2021-ARDT-LV3-135 | B116: 13593363 | C116: 12 | D116: MM86D | E116: 1020531 | F116: 44466 | G116: ARDT-LV3 | H116: 1146009 | V116: 44468 | W116: LEVEL 3 BIT BRAZING ( level 3 material number was 1146009)
A117: 2021-ARDT-LV3-136 | B117: 13616541 | C117: 12 | D117: MM86D | E117: 1020531 | F117: 44467 | G117: ARDT-LV3 | H117: 1146009 | V117: 44468 | W117: LEVEL 3 BIT BRAZING ( level 3 material number was 1146009)
A118: 2021-ARDT-LV3-137 | B118: 13606248 | C118: 12 | D118: MM86DH | E118: 1005462M | F118: 44477 | G118: ARDT-LV3 | H118: 1145825 | V118: 44480 | W118: LEVEL 3 BIT BRAZING ( level 3 material number was 1145825)
A119: 2021-ARDT-LV3-138 | B119: 13616540 | C119: 12 | D119: MM86DH | E119: 1005462M | F119: 44477 | G119: ARDT-LV3 | H119: 1145825 | V119: 44478 | W119: LEVEL 3 BIT BRAZING ( level 3 material number was 1145825)
A120: 2021-ARDT-LV3-139 | B120: 13616539 | C120: 12 | D120: MM86DH | E120: 1005462M | F120: 44480 | G120: ARDT-LV3 | H120: 1145825 | V120: 44482 | W120: LEVEL 3 BIT BRAZING ( level 3 material number was 1145825)
A121: 2021-ARDT-LV3-14 | B121: 13499667 | C121: 8.375 | D121: MM65DH | E121: 1080537 | F121: 44230 | G121: ARDT-LV3 | H121: 1140080 | V121: 44235 | W121: LEVEL 3 Bit Brazing (Level 3 Material Number was 1140080)
A122: 2021-ARDT-LV3-140 | B122: 13633805 | C122: 12 | D122: MM86DH | E122: 1005462M | F122: 44480 | G122: ARDT-LV3 | H122: 1145825 | V122: 44483 | W122: LEVEL 3 BIT BRAZING ( level 3 material number was 1145825)
A123: 2021-ARDT-LV3-141 | B123: 13633809 | C123: 12 | D123: MM86DH | E123: 1005462M | F123: 44481 | G123: ARDT-LV3 | H123: 1145825 | V123: 44486 | W123: LEVEL 3 BIT BRAZING ( level 3 material number was 1145825)
A124: 2021-ARDT-LV3-142 | B124: 13633808 | C124: 12 | D124: MM86DH | E124: 1005462M | F124: 44481 | G124: ARDT-LV3 | H124: 1145825 | V124: 44487 | W124: LEVEL 3 BIT BRAZING ( level 3 material number was 1145825)
A125: 2021-ARDT-LV3-143 | B125: 13635359 | C125: 12 | D125: GTD55WKH | E125: 1121983 | F125: 44483 | G125: ARDT-LV3 | H125: 1192557 | V125: 44490 | W125: LEVEL 3 BIT BRAZING ( level 3 material number was 1192557)
...

Sheet L4
A1: ORDER NO. | B1: SEREAL NO. | C1: SIZE | D1: TYPE | E1: LV5 MAT NO. | F1: RECIVED | G1: FROM | H1: LV4 MAT NO. | I1: NEW TYPE | J1: STATUS | K1: FINAL | L1: Upper Section Replacement | M1: Build up | N1: Brazer | O1: Spinner | P1: Tip Grinding by | Q1: QC | R1: Thread Cleaning / Machining | S1: Body Cleaning / Machining | T1: Erosion sleeve | U1: Rework | V1: ACCOMPLISHED DATE | W1: REMARKS | X1: Job Name | Y1: Issues report | Z1: PDC Production Days | AA1: Lost Cutters | AB1: ITEM NUMBER | AC1: MJ # | AD1: Production Order Number | AE1: TRANSFER ORDER | AF1: Quotation | AG1: RAF
A2: 2020-ARDT-LV4-01 | B2: 13482809 | C2: 6.125 | D2: GTD64HO | E2: 1137348 | F2: 44054 | G2: ARDT-LV4 | H2: 1149944 | W2: LEVEL 4 BIT BRAZING ( level 4 material number was 1149944)
A3: 2020-ARDT-LV4-02 | B3: 13482810 | C3: 6.125 | D3: GTD64HO | E3: 1137348 | F3: 44054 | G3: ARDT-LV4 | H3: 1149944 | W3: LEVEL 4 BIT BRAZING ( level 4 material number was 1149944)
A4: 2020-ARDT-LV4-03 | B4: 13479539 | C4: 3.625 | D4: MMD53DH | E4: 1084341 | F4: 44054 | G4: ARDT-LV4 | H4: 1145821 | W4: LEVEL 4 BIT BRAZING ( level 4 material number was 1145821)
A5: 2020-ARDT-LV4-04 | B5: 13479540 | C5: 3.625 | D5: MMD53DH | E5: 1084341 | F5: 44054 | G5: ARDT-LV4 | H5: 1145821 | W5: LEVEL 4 BIT BRAZING ( level 4 material number was 1145821)
A6: 2020-ARDT-LV4-05 | B6: 13490645 | C6: 6.125 | D6: GTD54HO | E6: 1137349 | F6: 44075 | G6: ARDT-LV4 | H6: 1150007 | W6: Level 4 Bit Brazing(level 4 material was 1150007)
A7: 2020-ARDT-LV4-06 | B7: 13490646 | C7: 6.125 | D7: GTD54HO | E7: 1137349 | F7: 44075 | G7: ARDT-LV4 | H7: 1150007 | W7: Level 4 Bit Brazing(level 4 material was 1150007)
A8: 2020-ARDT-LV4-07 | B8: 13509986 | C8: 6.125 | D8: GTD64HO | E8: 1162241 | F8: 44129 | G8: ARDT-LV4 | W8: LEVEL 4 BIT BRAZING(1313-CT427 0.010 – 1145493, 1313-CT418 0.010 - 1100696), THE mat NO. STILL NOT RECIVED- REMIND AZIM
A9: 2020-ARDT-LV4-08 | B9: 13517595 | C9: 3.625 | D9: MMD53DH | E9: 1084341 | F9: 44137 | G9: ARDT-LV4 | H9: 1145821 | W9: LEVEL 5 BIT BRAZING ( level 4 material number was 1145821)
A10: 2020-ARDT-LV4-09 | B10: 13517596 | C10: 3.625 | D10: MMD53DH | E10: 1084341 | F10: 44151 | G10: ARDT-LV4 | H10: 1145821 | W10: LEVEL 5 BIT BRAZING ( level 4 material number was 1145821)
A11: 2020-ARDT-LV4-10 | B11: 13517597 | C11: 3.625 | D11: MMD53DH | E11: 1084341 | F11: 44151 | G11: ARDT-LV4 | H11: 1145821 | W11: LEVEL 5 BIT BRAZING ( level 4 material number was 1145821)
A12: 2020-ARDT-LV4-11 | B12: 13518299 | C12: 3.625 | D12: MMD53DH | E12: 1084341 | F12: 44168 | G12: ARDT-LV4 | H12: 1145821 | W12: LEVEL 5 BIT BRAZING ( level 4 material number was 1145821)
A13: 2020-ARDT-LV4-12 | B13: 13517598 | C13: 3.625 | D13: MMD53DH | E13: 1084341 | F13: 44171 | G13: ARDT-LV4 | H13: 1145821 | W13: LEVEL 5 BIT BRAZING ( level 4 material number was 1145821)
A14: 2021-ARDT-LV4-01 | B14: 13537087 | C14: 3.625 | D14: MMD53DH | E14: 1084341 | F14: 44206 | G14: ARDT-LV4 | H14: 1145821 | V14: 44207 | W14: LEVEL 5 BIT BRAZING ( level 4 material number was 1145821)
A15: 2021-ARDT-LV4-02 | B15: 13537090 | C15: 3.625 | D15: MMD53DH | E15: 1084341 | F15: 44206 | G15: ARDT-LV4 | H15: 1145821 | V15: 44207 | W15: LEVEL 5 BIT BRAZING ( level 4 material number was 1145821)
A16: 2021-ARDT-LV4-03 | B16: 13537088 | C16: 3.625 | D16: MMD53DH | E16: 1084341 | F16: 44207 | G16: ARDT-LV4 | H16: 1145821 | V16: 44208 | W16: LEVEL 5 BIT BRAZING ( level 4 material number was 1145821)
A17: 2021-ARDT-LV4-04 | B17: 13537089 | C17: 3.625 | D17: MMD53DH | E17: 1084341 | F17: 44209 | G17: ARDT-LV4 | H17: 1145821 | V17: 44210 | W17: LEVEL 5 BIT BRAZING ( level 4 material number was 1145821)
A18: 2021-ARDT-LV4-05 | B18: 13537091 | C18: 3.625 | D18: MMD53DH | E18: 1084341 | F18: 44209 | G18: ARDT-LV4 | H18: 1145821 | V18: 44210 | W18: LEVEL 5 BIT BRAZING ( level 4 material number was 1145821)
A19: 2021-ARDT-LV4-06 | B19: 13538473 | C19: 3.625 | D19: MMD53DH | E19: 1084341 | F19: 44229 | G19: ARDT-LV4 | H19: 1145821 | V19: 44231 | W19: LEVEL 5 BIT BRAZING ( level 4 material number was 1145821)
A20: 2021-ARDT-LV4-07 | B20: 13538474 | C20: 3.625 | D20: MMD53DH | E20: 1084341 | F20: 44229 | G20: ARDT-LV4 | H20: 1145821 | V20: 44236 | W20: LEVEL 5 BIT BRAZING ( level 4 material number was 1145821)
A21: 2021-ARDT-LV4-08 | B21: 13538475 | C21: 3.625 | D21: MMD53DH | E21: 1084341 | F21: 44236 | G21: ARDT-LV4 | H21: 1145821 | V21: 44238 | W21: LEVEL 4 BIT BRAZING ( level 4 material number was 1145821)
A22: 2021-ARDT-LV4-09 | B22: 13537092 | C22: 3.625 | D22: MMD53DH | E22: 1084341 | F22: 44236 | G22: ARDT-LV4 | H22: 1145821 | V22: 44238 | W22: LEVEL 4 BIT BRAZING ( level 4 material number was 1145821)
A23: 2021-ARDT-LV4-10 | B23: 13490647 | C23: 6.125 | D23: GTD54HO | E23: 1150007M | F23: 44237 | G23: ARDT-LV4 | H23: 1150007M | V23: 44238 | W23: LEVEL 4 BIT BRAZING ( level 5 material number will be 1150007M)-Check with Azim to change to new MAT No. instead of this L4 MAT No.
A24: 2021-ARDT-LV4-11 | B24: 13538476 | C24: 3.625 | D24: MMD53DH | E24: 1084341 | F24: 44256 | G24: ARDT-LV4 | H24: 1145821 | V24: 44257 | W24: LEVEL 4 BIT BRAZING ( level 4 material number was 1145821 )
A25: 2021-ARDT-LV4-12 | B25: 13538477 | C25: 3.625 | D25: MMD53DH | E25: 1084341 | F25: 44257 | G25: ARDT-LV4 | H25: 1145821 | V25: 44258 | W25: LEVEL 4 BIT BRAZING ( level 4 material number was 1145821)
A26: 2021-ARDT-LV4-13 | B26: 13538478 | C26: 3.625 | D26: MMD53DH | E26: 1084341 | F26: 44257 | G26: ARDT-LV4 | H26: 1145821 | V26: 44259 | W26: LEVEL 4 BIT BRAZING ( level 4 material number was 1145821)
A27: 2021-ARDT-LV4-14 | B27: 13538479 | C27: 3.625 | D27: MMD53DH | E27: 1084341 | F27: 44267 | G27: ARDT-LV4 | H27: 1145821 | V27: 44267 | W27: LEVEL 4 BIT BRAZING ( level 4 material number was 1145821)
A28: 2021-ARDT-LV4-15 | B28: 13538480 | C28: 3.625 | D28: MMD53DH | E28: 1084341 | F28: 44278 | G28: ARDT-LV4 | H28: 1145821 | V28: 44280 | W28: LEVEL 4 BIT BRAZING ( level 4 material number was 1145821)
A29: 2021-ARDT-LV4-16 | B29: 13558472 | C29: 3.625 | D29: MMD53DH | E29: 1084341 | F29: 44293 | G29: ARDT-LV4 | H29: 1145821 | V29: 44294 | W29: LEVEL 4 BIT BRAZING ( level 4 material number was 1145821)
A30: 2021-ARDT-LV4-17 | B30: 13558474 | C30: 3.625 | D30: MMD53DH | E30: 1084341 | F30: 44304 | G30: ARDT-LV4 | H30: 1145821 | V30: 44308 | W30: LEVEL 4 BIT BRAZING ( level 4 material number was 1145821)
A31: 2021-ARDT-LV4-18 | B31: 13516789 | C31: 6.125 | D31: GTD54HO | E31: 1170939M | F31: 44312 | G31: ARDT-LV4 | H31: 1150007 | V31: 44318 | W31: LEVEL 4 BIT BRAZING ( level 3 material number was 1150007)
A32: 2021-ARDT-LV4-19 | B32: 13558461 | C32: 6.125 | D32: GTD64HO | E32: 1162241M | F32: 44325 | G32: ARDT-LV4 | H32: 1162241M | V32: 44329 | W32: LEVEL 4 BIT BRAZING ( Use attached cutter map and change CT418 to CT427. Assign mat#1162241M as per saad mail)
A33: 2021-ARDT-LV4-20 | B33: 13567170 | C33: 3.625 | D33: MMD53DH | E33: 1096183 | F33: 44326 | G33: ARDT-LV4 | H33: 1145821 | V33: 44335 | W33: LEVEL 4 BIT BRAZING ( level 4 material number was 1145821 )
A34: 2021-ARDT-LV4-21 | B34: 13567168 | C34: 3.625 | D34: MMD53DH | E34: 1084341 | F34: 44326 | G34: ARDT-LV4 | H34: 1145821 | V34: 44330 | W34: LEVEL 4 BIT BRAZING ( level 4 material number was 1145821 )
A35: 2021-ARDT-LV4-22 | B35: 13567171 | C35: 3.625 | D35: MMD53DH | E35: 1096183 | F35: 44369 | G35: ARDT-LV4 | H35: 1145821 | V35: 44376 | W35: LEVEL 4 BIT BRAZING ( level 4 material number was 1145821 )
A36: 2021-ARDT-LV4-23 | B36: 13558473 | C36: 3.625 | D36: MMD53DH | E36: 1084341M | F36: 44381 | G36: ARDT-LV4 | H36: 1145821 | V36: 44388 | W36: LEVEL 4 BIT BRAZING ( level 4 material number was 1145821)
A37: 2021-ARDT-LV4-24 | B37: 13593349 | C37: 6.125 | D37: GTD64HO | E37: 1149944M | F37: 44440 | G37: ARDT-LV4 | V37: 44441 | W37: LEVEL 4 BIT BRAZING ( need to install CT427 cutters in the subject bit)
A38: 2021-ARDT-LV4-25 | B38: 13567173 | C38: 3.625 | D38: MMD53DH | E38: 1096183 | F38: 44444 | G38: ARDT-LV4 | H38: 1145821 | V38: 44446 | W38: LEVEL 4 BIT BRAZING ( Level 4 material number was 1145821)
A39: 2021-ARDT-LV4-26 | B39: 13567174 | C39: 3.625 | D39: MMD53DH | E39: 1096183 | F39: 44444 | G39: ARDT-LV4 | H39: 1145821 | V39: 44446 | W39: LEVEL 4 BIT BRAZING ( Level 4 material number was 1145821)
A40: 2021-ARDT-LV4-27 | B40: 13593126 | C40: 6.125 | D40: GTD54HO | E40: 1174282 | F40: 44451 | G40: ARDT-LV4 | H40: 1150007 | V40: 44452 | W40: LEVEL 4 BIT BRAZING ( Level 4 material number was 1150007)
A41: 2021-ARDT-LV4-28 | B41: 13593127 | C41: 6.125 | D41: GTD54HO | E41: 1174282 | F41: 44451 | G41: ARDT-LV4 | H41: 1150007 | V41: 44452 | W41: LEVEL 4 BIT BRAZING ( Level 4 material number was 1150007)
A42: 2021-ARDT-LV4-29 | B42: 13579149 | C42: 3.625 | D42: MMD53DH | E42: 1096183 | F42: 44452 | G42: ARDT-LV4 | H42: 1145821 | V42: 44453 | W42: LEVEL 4 BIT BRAZING ( Level 4 material number was 1145821)
A43: 2021-ARDT-LV4-30 | B43: 13578198 | C43: 3.625 | D43: MMD53DH | E43: 1096183 | F43: 44452 | G43: ARDT-LV4 | H43: 1145821 | V43: 44453 | W43: LEVEL 4 BIT BRAZING ( Level 4 material number was 1145821)
A44: 2021-ARDT-LV4-31 | B44: 13593128 | C44: 6.125 | D44: GTD54HO | E44: 1174282 | F44: 44460 | G44: ARDT-LV4 | H44: 1150007 | V44: 44461 | W44: LEVEL 4 BIT BRAZING ( Level 4 material number was 1150007)
A45: 2021-ARDT-LV4-32 | B45: 13593129 | C45: 6.125 | D45: GTD54HO | E45: 1174282 | F45: 44460 | G45: ARDT-LV4 | H45: 1150007 | V45: 44461 | W45: LEVEL 4 BIT BRAZING ( Level 4 material number was 1150007)
A46: 2021-ARDT-LV4-33 | B46: 13579151 | C46: 3.625 | D46: MMD53DH | E46: 1096183 | F46: 44472 | G46: ARDT-LV4 | H46: 1145821 | V46: 44474 | W46: LEVEL 4 BIT BRAZING ( Level 4 material number was 1145821)
A47: 2021-ARDT-LV4-34 | B47: 13579152 | C47: 3.625 | D47: MMD53DH | E47: 1096183 | F47: 44472 | G47: ARDT-LV4 | H47: 1145821 | V47: 44474 | W47: LEVEL 4 BIT BRAZING ( Level 4 material number was 1145821)
A48: 2021-ARDT-LV4-35 | B48: 13579153 | C48: 3.625 | D48: MMD53DH | E48: 1096183 | F48: 44472 | G48: ARDT-LV4 | H48: 1145821 | V48: 44474 | W48: LEVEL 4 BIT BRAZING ( Level 4 material number was 1145821)
A49: 2021-ARDT-LV4-36 | B49: 13579150 | C49: 3.625 | D49: MMD53DH | E49: 1096183 | F49: 44474 | G49: ARDT-LV4 | H49: 1145821 | V49: 44476 | W49: LEVEL 4 BIT BRAZING ( Level 4 material number was 1145821)
A50: 2021-ARDT-LV4-37 | B50: 13655226 | C50: 6.125 | D50: GTD64HO | E50: 1186699 | F50: 44508 | G50: ARDT-LV4 | H50: 1149944 | V50: 44510 | W50: LEVEL 4 BIT BRAZING ( Level 4 material number was 1149944) | AA50: 0.625
A51: 2021-ARDT-LV4-38 | B51: 13655223 | C51: 6.125 | D51: GTD54HO | E51: 1174282 | F51: 44510 | G51: ARDT-LV4 | H51: 1150007 | V51: 44511 | W51: LEVEL 4 BIT BRAZING ( Level 4 material number was 1150007) | AA51: 0.30208333
A52: 2021-ARDT-LV4-39 | B52: 13519807 | C52: 8.5 | D52: GT65RHS | E52: 1201053 | F52: 44522 | G52: ARDT-LV4 | H52: 1158011 | V52: 44525 | W52: LEVEL 4 BIT BRAZING ( Level 4 material number was 115801) | AA52: 0.3125
A53: 2021-ARDT-LV4-40 | B53: 13655227 | C53: 6.125 | D53: GTD64HO | E53: 1186699 | F53: 44524 | G53: ARDT-LV4 | H53: 1149944 | V53: 44529 | W53: LEVEL 4 BIT BRAZING ( Level 4 material number was 1149944) | AA53: 0.41666667
A54: 2021-ARDT-LV4-41 | B54: 13655224 | C54: 6.125 | D54: GTD54HO | E54: 1174282 | F54: 44524 | G54: ARDT-LV4 | H54: 1150007 | V54: 44529 | W54: LEVEL 4 BIT BRAZING ( Level 4 material number was 1150007) | AA54: 0.41666667
A55: 2021-ARDT-LV4-42 | B55: 13670103 | C55: 8.5 | D55: GT65RHs | E55: 1201053M | F55: 44532 | G55: ARDT-LV4 | H55: 1158011 | V55: 44537 | W55: LEVEL 4 BIT BRAZING ( Level 4 material number was 1158011) | AA55: 0.58333333
A56: 2021-ARDT-LV4-43 | B56: 13670104 | C56: 8.5 | D56: GT65RHs | E56: 1201053M | F56: 44532 | G56: ARDT-LV4 | H56: 1158011 | V56: 44539 | W56: LEVEL 4 BIT BRAZING ( Level 4 material number was 1158011) | AA56: 0.33333333
A57: 2021-ARDT-LV4-44 | B57: 13655225 | C57: 6.125 | D57: GTD54HO | E57: 1174282 | F57: 44539 | G57: ARDT-LV4 | H57: 1150007 | V57: 44544 | W57: LEVEL 4 BIT BRAZING ( Level 4 material number was 1150007) | AA57: 0.41666667
A58: 2021-ARDT-LV4-45 | B58: 13655228 | C58: 6.125 | D58: GTD64HO | E58: 1186699 | F58: 44539 | G58: ARDT-LV4 | H58: 1149944 | V58: 44544 | W58: LEVEL 4 BIT BRAZING ( Level 4 material number was 1149944) | AA58: 0.41666667
A59: 2021-ARDT-LV4-46 | B59: 13670112 | C59: 6.125 | D59: CS54Os | E59: 1201087M | F59: 44552 | G59: ARDT-LV4 | H59: 1198515 | V59: 44566 | W59: LEVEL 4 BIT BRAZING ( Level 4 material number was 1198515)
A60: 2022-ARDT-LV4-01 | B60: 13655229 | C60: 6.125 | D60: GTD64HO | E60: 1186699 | F60: 44591 | G60: ARDT-LV4 | H60: 1149944 | V60: 44595 | W60: LEVEL 4 BIT BRAZING ( Level 4 material number was 1149944) | Y60: 0.41666667
A61: 2022-ARDT-LV4-02 | B61: 13669997 | C61: 6.125 | D61: GTD54HO | E61: 1174282 | F61: 44591 | G61: ARDT-LV4 | H61: 1150007 | V61: 44595 | W61: LEVEL 4 BIT BRAZING ( Level 4 material number was 1150007) | Y61: 0.41666667
A62: 2022-ARDT-LV4-03 | B62: 13655949 | C62: 3.625 | D62: MMD53DH | E62: 1096183 | F62: 44607 | G62: ARDT-LV4 | H62: 1145821 | V62: 44612 | W62: LEVEL 4 BIT BRAZING ( Level 4 material number was 1145821) | Y62: 10.30 AM
A63: 2022-ARDT-LV4-04 | B63: 13655950 | C63: 3.625 | D63: MMD53DH | E63: 1096183 | F63: 44607 | G63: ARDT-LV4 | H63: 1145821 | V63: 44612 | W63: LEVEL 4 BIT BRAZING ( Level 4 material number was 1145821) | Y63: 10.30 AM
A64: 2022-ARDT-LV4-05 | B64: 13655951 | C64: 3.625 | D64: MMD53DH | E64: 1096183 | F64: 44607 | G64: ARDT-LV4 | H64: 1145821 | V64: 44609 | W64: LEVEL 4 BIT BRAZING ( Level 4 material number was 1145821) | Y64: 10.30 AM
A65: 2022-ARDT-LV4-06 | B65: 13685059 | C65: 6.125 | D65: GTD64HO | E65: 1186699 | F65: 44608 | G65: ARDT-LV4 | H65: 1149944 | V65: 44615 | W65: LEVEL 4 BIT BRAZING ( Level 4 material number was 1149944)
A66: 2022-ARDT-LV4-07 | B66: 13669998 | C66: 6.125 | D66: GTD54HO | E66: 1174282 | F66: 44609 | G66: ARDT-LV4 | H66: 1150007 | V66: 44615 | W66: LEVEL 4 BIT BRAZING ( Level 4 material number was 1150007)
A67: 2022-ARDT-LV4-08 | B67: 13670099 | C67: 6.125 | D67: GT64KHO | E67: 1160951M | F67: 44629 | G67: ARDT-LV4 | H67: 1198387 | V67: 44638 | W67: LEVEL 4 BIT BRAZING ( Level 4 material number was 1198387)
A68: 2022-ARDT-LV4-09 | B68: 13670113 | C68: 3.625 | D68: MMD53DH | E68: 1096183 | F68: 44629 | G68: ARDT-LV4 | H68: 1145821 | V68: 44630 | W68: LEVEL 4 BIT BRAZING ( Level 4 material number was 1145821)
A69: 2022-ARDT-LV4-10 | B69: 13670114 | C69: 3.625 | D69: MMD53DH | E69: 1096183 | F69: 44630 | G69: ARDT-LV4 | H69: 1145821 | V69: 44635 | W69: LEVEL 4 BIT BRAZING ( Level 4 material number was 1145821)
A70: 2022-ARDT-LV4-11 | B70: 13670115 | C70: 3.625 | D70: MMD53DH | E70: 1096183 | F70: 44630 | G70: ARDT-LV4 | H70: 1145821 | V70: 44635 | W70: LEVEL 4 BIT BRAZING ( Level 4 material number was 1145821)
A71: 2022-ARDT-LV4-12 | B71: 13711521 | C71: 5.875 | D71: GT75WH | E71: 1212043M | F71: 44633 | G71: ARDT-LV4 | H71: 1208569 | V71: 44635 | W71: LEVEL 4 BIT BRAZING ( Level 4 material number 1208569)
A72: 2022-ARDT-LV4-13 | B72: 13670116 | C72: 3.625 | D72: MMD53DH | E72: 1096183 | F72: 44633 | G72: ARDT-LV4 | H72: 1145821 | V72: 44636 | W72: LEVEL 4 BIT BRAZING ( Level 4 material number was 1145821)
A73: 2022-ARDT-LV4-14 | B73: 13670117 | C73: 3.625 | D73: MMD53DH | E73: 1096183 | F73: 44633 | G73: ARDT-LV4 | H73: 1145821 | V73: 44637 | W73: LEVEL 4 BIT BRAZING ( Level 4 material number was 1145821)
A74: 2022-ARDT-LV4-15 | B74: 13670118 | C74: 3.625 | D74: MMD53DH | E74: 1096183 | F74: 44641 | G74: ARDT-LV4 | H74: 1145821 | V74: 44644 | W74: LEVEL 4 BIT BRAZING ( Level 4 material number was 1145821) | Y74: 0.45833333
A75: 2022-ARDT-LV4-16 | B75: 13685065 | C75: 3.625 | D75: MMD53DH | E75: 1096183 | F75: 44641 | G75: ARDT-LV4 | H75: 1145821 | V75: 44643 | W75: LEVEL 4 BIT BRAZING ( Level 4 material number was 1145821) | Y75: 0.45833333
A76: 2022-ARDT-LV4-17 | B76: 13697085 | C76: 8.5 | D76: GT65RHs | E76: 1201053M | F76: 44649 | G76: ARDT-LV4 | H76: 1158011 | V76: 44655 | W76: LEVEL 4 BIT BRAZING ( Level 4 material number 1158011) | Y76: 11845
A77: 2022-ARDT-LV4-18 | B77: 13697086 | C77: 8.5 | D77: GT65RHs | E77: 1201053M | F77: 44649 | G77: ARDT-LV4 | H77: 1158011 | V77: 44654 | W77: LEVEL 4 BIT BRAZING ( Level 4 material number 1158011)
A78: 2022-ARDT-LV4-19 | B78: 13719620 | C78: 6.125 | D78: GTD64HO | E78: 1186699 | F78: 44658 | G78: ARDT-LV4 | H78: 1149944 | V78: 44662 | W78: LEVEL 4 BIT BRAZING ( Level 4 material number 1149944) | Y78: 7.30 am
A79: 2022-ARDT-LV4-20 | B79: 13719621 | C79: 6.125 | D79: GTD64HO | E79: 1186699 | F79: 44658 | G79: ARDT-LV4 | H79: 1149944 | V79: 44676 | W79: LEVEL 4 BIT BRAZING ( Level 4 material number 1149944) | Y79: 11870
A80: 2022-ARDT-LV4-21 | B80: 13708939 | C80: 8.5 | D80: GT65RHs | E80: 1201053 | F80: 44668 | G80: ARDT-LV4 | H80: 1158011 | V80: 44669 | W80: LEVEL 4 BIT BRAZING ( Level 4 material number 1158011)
A81: 2022-ARDT-LV4-22 | B81: 13670100 | C81: 6.125 | D81: GT64KHO | E81: 1160951 | F81: 44672 | G81: ARDT-LV4 | H81: 1198387 | V81: 44678 | W81: LEVEL 4 BIT BRAZING ( Level 4 material number 1198387) | Y81: 11916
A82: 2022-ARDT-LV4-23 | B82: 13719616 | C82: 6.125 | D82: GTD54HO | E82: 1174282M | F82: 44672 | G82: ARDT-LV4 | H82: 1150007 | V82: 44705 | W82: LEVEL 4 BIT BRAZING ( Level 4 material number 1150007) | Y82: 11917
A83: 2022-ARDT-LV4-24 | B83: 13711520 | C83: 5.875 | D83: GT75WH | E83: 1212043 | F83: 44682 | G83: ARDT-LV4 | H83: 1208569 | V83: 44691 | W83: LEVEL 4 BIT BRAZING ( Level 4 material number 1208569 ) | Y83: 11945
A84: 2022-ARDT-LV4-27 | B84: 13751400 | C84: 6.125 | D84: GT64KHO | E84: 1160951 | F84: 44690 | G84: ARDT-LV4 | H84: 1198387 | V84: 44718 | W84: LEVEL 4 BIT BRAZING ( Level 4 material number 1198387 ) | Y84: 12040
A85: 2022-ARDT-LV4-28 | B85: 13730506 | C85: 6.125 | D85: GT64KHO | E85: 1208059 | F85: 44690 | G85: ARDT-LV4 | H85: 1198387 | V85: 44720 | W85: LEVEL 4 BIT BRAZING ( Level 4 material number 1198387 ) | Y85: 12041
A86: 2022-ARDT-LV4-25 | B86: 13730504 | C86: 5.875 | D86: GT75WH | E86: 1212043 | F86: 44693 | G86: ARDT-LV4 | H86: 1208569 | V86: 44698 | W86: LEVEL 4 BIT BRAZING ( Level 4 material number 1208569 ) | Y86: 11968 | AA86: create a new transfer order onc ethe item is fixed for the cutters
A87: 2022-ARDT-LV4-26 | B87: 13730505 | C87: 5.875 | D87: GT75WH | E87: 1212043 | F87: 44693 | G87: ARDT-LV4 | H87: 1208569 | V87: 44698 | W87: LEVEL 4 BIT BRAZING ( Level 4 material number 1208569 ) | Y87: 11969
A88: 2022-ARDT-LV4-29 | B88: 13740209 | C88: 3.625 | D88: MMD53DH | E88: 1096183 | F88: 44725 | G88: ARDT-LV4 | H88: 1145821 | V88: 44728 | W88: LEVEL 4 BIT BRAZING ( Level 4 material number 1145821) | Y88: 12105
A89: 2022-ARDT-LV4-30 | B89: 13740210 | C89: 3.625 | D89: MMD53DH | E89: 1096183 | F89: 44725 | G89: ARDT-LV4 | H89: 1145821 | V89: 44727 | W89: LEVEL 4 BIT BRAZING ( Level 4 material number 1145821) | Y89: 12106
A90: 2022-ARDT-LV4-31 | B90: 13740211 | C90: 3.625 | D90: MMD53DH | E90: 1096183 | F90: 44725 | G90: ARDT-LV4 | H90: 1145821 | V90: 44742 | W90: LEVEL 4 BIT BRAZING ( Level 4 material number 1145821) | Y90: 12107
A91: 2022-ARDT-LV4-32 | B91: 13732809 | C91: 6.125 | D91: CS54Os | E91: 1201087M | F91: 44726 | G91: ARDT-LV4 | H91: 1212881 | V91: 44735 | W91: LEVEL 4 BIT BRAZING ( Level 4 material number 1212881) | Y91: 12119
A92: 2022-ARDT-LV4-34 | B92: 13739192 | C92: 6.125 | D92: GT64KHO | E92: 1208059 | F92: 44726 | G92: ARDT-LV4 | H92: 1198387 | V92: 44761 | W92: LEVEL 4 BIT BRAZING ( Level 4 material number 1198387 ) | Y92: 12204
A93: 2022-ARDT-LV4-35 | B93: 13730508 | C93: 6.125 | D93: GT64KHO | E93: 1160951 | F93: 44726 | G93: ARDT-LV4 | H93: 1198387 | V93: 44762 | W93: LEVEL 4 BIT BRAZING ( Level 4 material number 1198387 ) | Y93: 12203
A94: 2022-ARDT-LV4-33 | B94: 13732811 | C94: 6.125 | D94: GTD54HO | E94: 1174282 | F94: 44755 | G94: ARDT-LV4 | H94: 1150007 | V94: 44759 | W94: LEVEL 4 BIT BRAZING ( Level 4 material number 1150007) | Y94: 12202
A95: 2022-ARDT-LV4-36 | B95: 13730507 | C95: 6.125 | D95: GT64KHO | E95: 1208059 | F95: 44776 | G95: ARDT-LV4 | H95: 1198387 | V95: 44782 | W95: LEVEL 4 BIT BRAZING ( Level 4 material number 1198387 ) | Y95: 12300
A96: 2022-ARDT-LV4-37 | B96: 13732812 | C96: 6.125 | D96: GTD54HO | E96: 1226841 | F96: 44783 | G96: ARDT-LV4 | H96: 1150007 | V96: 44790 | W96: LEVEL 4 BIT BRAZING ( Level 4 material number 1150007 ) | Y96: 12352
A97: 2022-ARDT-LV4-38 | B97: 13740212 | C97: 3.625 | D97: MMD53DH | E97: 1096183 | F97: 44789 | G97: ARDT-LV4 | H97: 1145821 | V97: 44792 | W97: LEVEL 4 BIT BRAZING ( Level 4 material number 1145821) | Y97: 12363
A98: 2022-ARDT-LV4-39 | B98: 13753986 | C98: 6.125 | D98: GTD64HO | E98: 1186699 | F98: 44789 | G98: ARDT-LV4 | H98: 1149944 | V98: 44793 | W98: LEVEL 4 BIT BRAZING ( Level 4 material number 1149944) | Y98: 12364
A99: 2022-ARDT-LV4-40 | B99: 13753987 | C99: 6.125 | D99: GTD64HO | E99: 1186699 | F99: 44789 | G99: ARDT-LV4 | H99: 1149944 | V99: 44791 | W99: LEVEL 4 BIT BRAZING ( Level 4 material number 1149944) | Y99: 12365
A100: 2022-ARDT-LV4-41 | B100: 13807908 | C100: 6.125 | D100: GTD54HO | E100: 1226841 | F100: 44818 | G100: ARDT-LV4 | H100: 1150007 | V100: 44823 | W100: LEVEL 4 BIT BRAZING ( Level 4 material number 1150007 ) | Y100: 12490
...

Sheet Brazers Count
E4: Brazer | F4: Spinner | S4: Brazer | T4: Spinner | U4: Tip Grinding by | V4: QC | W4: Thread Cleaning / Machining | X4: Body Cleaning / Machining | Y4: Erosion sleeve | Z4: Rework
D5: 1 | E5: Mohana | F5: Showaiki | S5: Showaiki | T5: Wasmi | Z5: RP-2025-032
D6: 1 | E6: Mohana | F6: Showaiki | S6: Mohana | T6: Showaiki | Z6: RP-2025-034
D7: 1 | E7: Mohana | F7: Showaiki | S7: Mohana | T7: Showaiki | Z7: RP-2025-035
D8: 1 | E8: Showaiki | F8: Mohana | S8: Showaiki | T8: Wasmi | Z8: RP-2025-039
D9: 1 | E9: Showaiki | F9: Mohana | S9: Showaiki | T9: Mohana | Z9: RP-2025-041
D10: 1 | E10: Showaiki | F10: Mohana | S10: Wasmi | T10: Mohana | Z10: RP-2025-031
D11: 1 | E11: Showaiki | F11: Mohana | S11: Showaiki | T11: Wasmi | Z11: RP-2025-033
D12: 1 | E12: Showaiki | F12: Mohana | S12: Showaiki | T12: Mohana | Z12: RP-2025-036
D13: 1 | E13: Showaiki | F13: Mohana | S13: Showaiki | T13: Mohana | Z13: RP-2025-038
D14: 1 | E14: Showaiki | F14: Mohana | S14: Showaiki | T14: Mohana | Z14: RP-2025-040
D15: 1 | E15: Showaiki | F15: Mohana | S15: Mohana | T15: Showaiki | Z15: PR-2025-028
D16: 1 | E16: Showaiki | F16: Mohana | S16: Showaiki | T16: Mohana | Z16: RP-2025-037
D17: 1 | E17: Mohana | F17: Showaiki
D18: 1 | E18: Mohana | F18: Showaiki
D19: 1 | E19: Mohana | F19: Showaiki
D20: 1 | E20: Mohana | F20: Showaiki
D21: 1 | E21: Showaiki | F21: Mohana
D22: 1 | E22: Showaiki | F22: Mohana
D23: 1 | E23: Showaiki | F23: Mohana | R23: 1 | S23: Showaiki | T23: Mohana | Z23: RP-2025-032
D24: 1 | E24: Showaiki | F24: Mohana | R24: 1 | S24: Showaiki | T24: Mohana | Z24: RP-2025-034
D25: 1 | E25: Showaiki | F25: Mohana | R25: 1 | S25: Mohana | T25: Showaiki | Z25: RP-2025-035
D26: 1 | E26: Showaiki | F26: Mohana | R26: 1 | S26: Mohana | T26: Showaiki | Z26: RP-2025-039
D27: 1 | E27: Showaiki | F27: Mohana | R27: 1 | S27: Showaiki | T27: Mohana | Z27: RP-2025-041
D28: 1 | E28: Showaiki | F28: Mohana | R28: 1 | S28: Showaiki | T28: Wasmi | Z28: FC 2025-007, 008, 011
D29: 1 | E29: Showaiki | F29: Mohana | R29: 1 | S29: Showaiki | T29: Mohana | Z29: FC 2025-007, 008, 011
D30: 1 | E30: Showaiki | F30: Mohana | R30: 1 | S30: Showaiki | T30: Mohana | Z30: FC 2025-009
D31: 1 | E31: Showaiki | F31: Mohana | R31: 1 | S31: Showaiki | T31: Mohana | Z31: FC 2025-010
D32: 1 | E32: Showaiki | F32: Mohana | R32: 1 | S32: Showaiki | T32: Mohana | Z32: RP-2025-037
D33: 1 | E33: Showaiki | F33: Mohana | K33: operator | L33: Rework count | M33: Bits count | N33: Percent | R33: 1 | S33: Mohana | T33: Showaiki | Z33: RP-2025-031
D34: 1 | E34: Showaiki | F34: Mohana | K34: Showaiki | L34: =SUMIF($T$23:$T$50,K34,$R$23:$R$50)+SUMIF($S$23:$S$50,K34,$R$23:$R$50) -> 19 | M34: =SUMIF($F$5:$F$208,K34,$D$5:$D$214)+SUMIF($E$5:$E$208,K34,$D$5:$D$214) -> 102 | N34: =(M34-L34)/M34 -> 0.81372549 | R34: 1 | S34: Mohana | T34: Showaiki | Z34: RP-2025-033
D35: 1 | E35: Showaiki | F35: Mohana | K35: Wasmi | L35: =SUMIF($T$23:$T$50,K35,$R$23:$R$50)+SUMIF($S$23:$S$50,K35,$R$23:$R$50) -> 1 | M35: =SUMIF($F$5:$F$208,K35,$D$5:$D$214)+SUMIF($E$5:$E$208,K35,$D$5:$D$214) -> 7 | N35: =(M35-L35)/M35 -> 0.85714286 | R35: 1 | S35: Showaiki | T35: Mohana | Z35: RP-2025-036
D36: 1 | E36: Showaiki | F36: Mohana | K36: Mohana | L36: =SUMIF($T$23:$T$50,K36,$R$23:$R$50)+SUMIF($S$23:$S$50,K36,$R$23:$R$50) -> 18 | M36: =SUMIF($F$5:$F$208,K36,$D$5:$D$214)+SUMIF($E$5:$E$208,K36,$D$5:$D$214) -> 101 | N36: =(M36-L36)/M36 -> 0.82178218 | R36: 1 | S36: Showaiki | T36: Mohana | Z36: RP-2025-038
D37: 1 | E37: Showaiki | F37: Mohana | R37: 1 | S37: Mohana | T37: Showaiki | Z37: RP-2025-040
D38: 1 | E38: Showaiki | F38: Mohana | R38: 1 | S38: Mohana | T38: Showaiki
D39: 1 | E39: Showaiki | F39: Mohana | R39: 1 | S39: Mohana | T39: Showaiki
D40: 1 | E40: Showaiki | F40: Mohana | R40: 1 | S40: Mohana | T40: Showaiki
D41: 1 | E41: Showaiki | F41: Mohana | R41: 1 | S41: Mohana | T41: Showaiki
D42: 1 | E42: Showaiki | F42: Mohana
D43: 1 | E43: Showaiki | F43: Mohana | L43: Operator | M43: Percent
D44: 1 | E44: Showaiki | F44: Mohana | L44: Showaiki | M44: 0.90291262
D45: 1 | E45: Showaiki | F45: Mohana | L45: Wasmi | M45: 0.84615385
D46: 1 | E46: Showaiki | F46: Mohana | L46: Mohana | M46: 0.89380531
D47: 1 | E47: Showaiki | F47: Mohana
D48: 1 | E48: Mohana | F48: Showaiki
D49: 1 | E49: Showaiki | F49: Mohana
D50: 1 | E50: Showaiki | F50: Mohana
D51: 1 | E51: Showaiki | F51: Mohana
D52: 1 | E52: Showaiki | F52: Mohana
D53: 1 | E53: Showaiki | F53: Mohana
D54: 1 | E54: Showaiki | F54: Mohana
D55: 1 | E55: Showaiki | F55: Mohana
D56: 1 | E56: Showaiki | F56: Mohana
D57: 1 | E57: Showaiki | F57: Mohana
D58: 1 | E58: Showaiki | F58: Mohana
... D69: 1 | E69: Showaiki | F69: Mohana
D70: 1 | E70: Showaiki | F70: Mohana | G70: l3
D71: 1 | E71: Showaiki | F71: Mohana
D72: 1 | E72: Showaiki | F72: Mohana
D73: 1 | E73: Showaiki | F73: Mohana
D74: 1 | E74: Showaiki | F74: Mohana | M74: 2025-AR-040 | N74: Showaiki | O74: Mohana
D75: 1 | E75: Showaiki | F75: Mohana | M75: 2025-AR-042 | N75: Mohana | O75: Showaiki
D76: 1 | E76: Showaiki | F76: Mohana | M76: 2025-AR-043 | N76: Mohana | O76: Showaiki
D77: 1 | E77: Wasmi | F77: Mohana | M77: 2025-AR-045 | N77: Showaiki | O77: Mohana
D78: 1 | E78: Mohana | F78: Showaiki | M78: 2025-AR-054 | N78: Showaiki | O78: Wasmi
D79: 1 | E79: Showaiki | F79: Mohana | M79: 2025-AR-055 | N79: Showaiki | O79: Mohana
D80: 1 | E80: Showaiki | F80: Wasmi | M80: 2025-AR-061 | N80: Showaiki | O80: Mohana
D81: 1 | E81: Showaiki | F81: Wasmi | M81: 2025-AR-062 | N81: Showaiki | O81: Mohana
D82: 1 | E82: Showaiki | F82: Mohana | M82: 2025-AR-062 | N82: Showaiki | O82: Mohana
D83: 1 | E83: Showaiki | F83: Mohana
D84: 1 | E84: Showaiki | F84: Mohana
D85: 1 | E85: Showaiki | F85: Mohana
D86: 1 | E86: Showaiki | F86: Mohana
D87: 1 | E87: Showaiki | F87: Mohana
D88: 1 | E88: Mohana | F88: Showaiki
D89: 1 | E89: Mohana | F89: Wasmi | G89: l4
D90: 1 | E90: Showaiki | F90: Mohana
D91: 1 | E91: Showaiki | F91: Mohana | M91: 20251131 | N91: Mohana | O91: Showaiki
D92: 1 | E92: Mohana | F92: Showaiki | M92: 20251132 | N92: Mohana | O92: Showaiki
D93: 1 | E93: Mohana | F93: Showaiki | M93: 20251137 | N93: Showaiki | O93: Mohana
D94: 1 | E94: Showaiki | F94: Mohana | M94: 20251149 | N94: Showaiki | O94: Mohana
D95: 1 | E95: Showaiki | F95: Mohana | M95: 20251159 | N95: Mohana | O95: Showaiki
D96: 1 | E96: Showaiki | F96: Mohana
D97: 1 | E97: Showaiki | F97: Mohana
D98: 1 | E98: Wasmi | F98: Mohana
D99: 1 | E99: Showaiki | F99: Mohana
D100: 1 | E100: Showaiki | F100: Mohana
D101: 1 | E101: Showaiki | F101: Mohana
D102: 1 | E102: Showaiki | F102: Mohana
D103: 1 | E103: Showaiki | F103: Wasmi
D104: 1 | E104: Showaiki | F104: Wasmi
D105: 1 | E105: Showaiki | F105: Mohana
D106: 1 | E106: Showaiki | F106: Mohana
D107: 1 | E107: Showaiki | F107: Mohana
... D109: 1 | E109: Showaiki | F109: Mohana
D110: 1
D111: 1
D112: 1
D113: 1
D114: 1
...

Sheet ARAMCO Q1-2026 Repair Prep.
A1: Item no | B1: Serial No | C1: ORDER NO. | D1: Bit Size | E1: Bit Type | F1: LV5 MAT NO. | G1: RECIVED | H1: FROM | I1: LV3/4 MAT NO. | J1: IADC | K1: Manufacture | L1: Description | O1: Bit Size | P1: Bit Type | Q1: count
A2: 1 | B2: 13971110 | C2: =IFERROR(VLOOKUP(B2,#REF!,2,FALSE),"Brazed In USA") -> Brazed In USA | D2: 5-7/8" | E2: EM65D | J2: 999 | K2: SECURITY | L2: 5-7/8" PDC BIT / R/P Q4-2024 | O2: 8-3/8" | P2: GT75DH | Q2: 1
A3: 9 | B3: 14211858 | C3: =IFERROR(VLOOKUP(B3,#REF!,2,FALSE),"Brazed In USA") -> Brazed In USA | D3: 5-7/8" | E3: EM65D | F3: 1235768 | G3: 45519 | H3: ARDT-LV4 | I3: 1262047 | J3: M425 | K3: SECURITY | L3: R/P Q4-2024 | O3: 12-1/4" | P3: HD75WF | Q3: 2
A4: 8 | B4: 14167828 | C4: =IFERROR(VLOOKUP(B4,#REF!,2,FALSE),"Brazed In USA") -> Brazed In USA | D4: 5-7/8" | E4: EM65D | F4: 1235768 | G4: 45453 | H4: ARDT-LV4 | I4: 1262047 | J4: M425 | K4: SECURITY | L4: R/P Q4-2024 | O4: 12" | P4: MM65DH-1 | Q4: 2 | W4: Ser# | X4: Size | Y4: Bit type | Z4: type | AA4: IADC | AB4: MFG | AC4: DRSS | AD4: WBS
A5: 9 | B5: 14144625 | C5: =IFERROR(VLOOKUP(B5,#REF!,2,FALSE),"Brazed In USA") -> Brazed In USA | D5: 5-7/8" | E5: EM65D | F5: 1235768 | G5: 45446 | H5: ARDT-LV4 | I5: 1262047 | J5: M425 | K5: SECURITY | L5: 5-7/8" 'REPAIR Q2, Q3-2024' | O5: 16" | P5: MM85DH | Q5: 4 | T5: 13770623 | U5: =VLOOKUP(T5,W:AD,7,0) -> 1004761397 | W5: 12947677 | X5: 12" | Y5: DBIT | Z5: GT86DH | AA5: M423 | AB5: SECURITY | AC5: 1004758789 | AD5: 87-24541-8360
A6: 7 | B6: 14144624 | C6: =IFERROR(VLOOKUP(B6,#REF!,2,FALSE),"Brazed In USA") -> Brazed In USA | D6: 5-7/8" | E6: EM65D | F6: 1235768 | G6: 45446 | H6: ARDT-LV4 | I6: 1262047 | J6: M425 | K6: SECURITY | L6: REPAIR Q4-2024 | O6: 12" | P6: GT86DH | Q6: 7 | T6: 13886505 | U6: =VLOOKUP(T6,W:AD,7,0) -> 1004761400 | W6: 13655960 | X6: 12" | Y6: DBIT | Z6: GT86DH | AA6: 999 | AB6: SECURITY | AC6: 1004758789 | AD6: 87-24541-8360
A7: 7 | B7: 14144621 | C7: =IFERROR(VLOOKUP(B7,#REF!,2,FALSE),"Brazed In USA") -> Brazed In USA | D7: 5-7/8" | E7: EM65D | F7: 1235768 | G7: 45412 | H7: ARDT-LV4 | I7: 1262047 | J7: M425 | K7: SECURITY | L7: R/P Q4-2024 | O7: 8-1/2" | P7: GT65RHS-1 | Q7: 8 | T7: 13923839 | U7: =VLOOKUP(T7,W:AD,7,0) -> 1004761400 | W7: 13719634 | X7: 12" | Y7: DBIT | Z7: GT86DH | AA7: 999 | AB7: SECURITY | AC7: 1004758789 | AD7: 87-24541-8360
A8: 8 | B8: 14127551 | C8: =IFERROR(VLOOKUP(B8,#REF!,2,FALSE),"Brazed In USA") -> Brazed In USA | D8: 5-7/8" | E8: EM65D | F8: 1235768 | G8: 45347 | H8: ARDT-LV4 | I8: 1262047 | J8: M425 | K8: SECURITY | L8: R/P Q4-2024 | O8: 6-1/8" | P8: MMD54H | Q8: 8 | T8: 14093083 | U8: =VLOOKUP(T8,W:AD,7,0) -> 1004761403 | W8: 13719636 | X8: 12" | Y8: DBIT | Z8: GT86DH | AA8: 999 | AB8: SECURITY | AC8: 1004758789 | AD8: 87-24541-8360
A9: 10 | B9: 14104605 | C9: =IFERROR(VLOOKUP(B9,#REF!,2,FALSE),"Brazed In USA") -> Brazed In USA | D9: 5-7/8" | E9: EM65D | F9: 1235768 | G9: 45327 | H9: ARDT-LV4 | I9: 1262047 | J9: M425 | K9: SECURITY | L9: R/P Q1-2024 | O9: 8-3/8" | P9: GT65DH-1 | Q9: 10 | T9: 13740200 | U9: =VLOOKUP(T9,W:AD,7,0) -> 1004761387 | W9: 13712066 | X9: 12" | Y9: DBIT | Z9: GTD86DH | AA9: 999 | AB9: SECURITY | AC9: 1004758789 | AD9: 87-24541-8360
A10: 9 | B10: 14073989 | C10: =IFERROR(VLOOKUP(B10,#REF!,2,FALSE),"Brazed In USA") -> Brazed In USA | D10: 5-7/8" | E10: EM65D | F10: 1235768 | G10: 45320 | H10: ARDT-LV4 | I10: 1262047 | J10: M425 | K10: SECURITY | L10: R/P Q4-2024 | O10: 12" | P10: GTD86DH | Q10: 10 | T10: 13719632 | U10: =VLOOKUP(T10,W:AD,7,0) -> 1004761387 | W10: 13740200 | X10: 12" | Y10: DBIT | Z10: GT86DH | AA10: 999 | AB10: SECURITY | AC10: 1004761387 | AD10: 83-24710-8370
A11: 8 | B11: 14109676 | C11: =IFERROR(VLOOKUP(B11,#REF!,2,FALSE),"Brazed In USA") -> Brazed In USA | D11: 5-7/8" | E11: EM65D | F11: 1235768 | G11: 45312 | H11: ARDT-LV4 | I11: 1262047 | J11: M425 | K11: SECURITY | L11: R/P Q4-2024 | O11: 8-3/8" | P11: MM65DH-1 | Q11: 11 | T11: 13860646 | U11: =VLOOKUP(T11,W:AD,7,0) -> 1004761390 | W11: 13719632 | X11: 12" | Y11: DBIT | Z11: GT86DH | AA11: 999 | AB11: SECURITY | AC11: 1004761387 | AD11: 83-24710-8370
A12: 4 | B12: 14104599 | C12: =IFERROR(VLOOKUP(B12,#REF!,2,FALSE),"Brazed In USA") -> Brazed In USA | D12: 5-7/8" | E12: EM65D | F12: 1235768 | G12: 45286 | H12: ARDT-LV4 | I12: 1262047 | J12: M425 | K12: SECURITY | L12: R/P Q4-2024 | O12: 16" | P12: MMD85DH-1 | Q12: 11 | T12: 13845939 | U12: =VLOOKUP(T12,W:AD,7,0) -> 1004761390 | W12: 13740204 | X12: 12" | Y12: DBIT | Z12: GT86DH | AA12: 999 | AB12: SECURITY | AC12: 1004761387 | AD12: 83-24710-8370
A13: 1 | B13: 14056700 | C13: =IFERROR(VLOOKUP(B13,#REF!,2,FALSE),"Brazed In USA") -> Brazed In USA | D13: 5-7/8" | E13: EM65D | F13: 1235768 | G13: 45222 | H13: ARDT-LV4 | I13: 1262047 | J13: 999 | K13: SECURITY | L13: R/P | O13: 5-7/8" | P13: EM65D | Q13: 12 | T13: 13912279 | U13: =VLOOKUP(T13,W:AD,7,0) -> 1004761390 | W13: 13739190 | X13: 12" | Y13: DBIT | Z13: GTD86DH | AA13: 999 | AB13: SECURITY | AC13: 1004761387 | AD13: 83-24710-8370
A14: 7 | B14: 14198201 | C14: =IFERROR(VLOOKUP(B14,#REF!,2,FALSE),"Brazed In USA") -> Brazed In USA | D14: 8-3/8" | E14: GT65DH-1 | F14: 1246020 | G14: 45449 | H14: ARDT-LV3 | I14: 1246020 | J14: M443 | K14: SECURITY | L14: R/P Q4-2024 | O14: 8-3/8" | P14: MM65DH | Q14: 15 | T14: 13846594 | U14: =VLOOKUP(T14,W:AD,7,0) -> 1004761390 | W14: 13754554 | X14: 12" | Y14: DBIT | Z14: GTD86DH | AA14: 999 | AB14: SECURITY | AC14: 1004761387 | AD14: 83-24710-8370
A15: 7 | B15: 14178488 | C15: =IFERROR(VLOOKUP(B15,#REF!,2,FALSE),"Brazed In USA") -> Brazed In USA | D15: 8-3/8" | E15: GT65DH-1 | F15: 1246020 | G15: 45438 | H15: ARDT-LV3 | I15: 1246020 | J15: M443 | K15: SECURITY | L15: R/P Q4-2024 | T15: 14199938 | U15: =VLOOKUP(T15,W:AD,7,0) -> 1004762122 | W15: 13860646 | X15: 12" | Y15: DBIT | Z15: GTD86DH | AA15: 999 | AB15: SECURITY | AC15: 1004761390 | AD15: 83-24710-8368
A16: 7 | B16: 14178487 | C16: =IFERROR(VLOOKUP(B16,#REF!,2,FALSE),"Brazed In USA") -> Brazed In USA | D16: 8-3/8" | E16: GT65DH-1 | F16: 1246020M | G16: 45419 | H16: ARDT-LV3 | I16: 1246020 | J16: M443 | K16: SECURITY | L16: R/P Q4-2024 | T16: 14228469 | U16: =VLOOKUP(T16,W:AD,7,0) -> 1004762122 | W16: 13845939 | X16: 12" | Y16: DBIT | Z16: GTD86DH | AA16: 999 | AB16: SECURITY | AC16: 1004761390 | AD16: 83-24710-8368
A17: 13 | B17: 14081143 | C17: =IFERROR(VLOOKUP(B17,#REF!,2,FALSE),"Brazed In USA") -> Brazed In USA | D17: 8-3/8" | E17: GT65DH-1 | F17: 1239176M | G17: 45270 | H17: ARDT-LV4 | I17: 1239176 | J17: M443 | K17: SECURITY | L17: R/P Q4-2024 | T17: 13566945 | U17: =VLOOKUP(T17,W:AD,7,0) -> 1004762151 | W17: 13739180 | X17: 12" | Y17: DBIT | Z17: MM65DH-1 | AA17: 999 | AB17: SECURITY | AC17: 1004761390 | AD17: 83-24710-8368
A18: 1 | B18: 13685075 | C18: =IFERROR(VLOOKUP(B18,#REF!,2,FALSE),"Brazed In USA") -> Brazed In USA | D18: 8-3/8" | E18: GT65DH-1 | F18: 1092981M | G18: 44675 | H18: ARDT-LV3 | I18: 1141517 | J18: 999 | K18: SECURITY | L18: R/P | T18: 13697072 | U18: =VLOOKUP(T18,W:AD,7,0) -> 1004762155 | W18: 13846594 | X18: 12" | Y18: DBIT | Z18: MM65DH-1 | AA18: 999 | AB18: SECURITY | AC18: 1004761390 | AD18: 83-24710-8368
A19: 1 | B19: 13711524 | C19: =IFERROR(VLOOKUP(B19,#REF!,2,FALSE),"Brazed In USA") -> Brazed In USA | D19: 8-3/8" | E19: GT65DH-1 | F19: 1083564M | G19: 44649 | H19: ARDT-LV3 | I19: 1141517 | J19: 999 | K19: SECURITY | L19: R/P | T19: 13753277 | U19: =VLOOKUP(T19,W:AD,7,0) -> 1004762156 | W19: 13912279 | X19: 12" | Y19: DBIT | Z19: GTD86DH | AA19: 999 | AB19: SECURITY | AC19: 1004761390 | AD19: 83-24710-8368
A20: 5 | B20: 13695797 | C20: =IFERROR(VLOOKUP(B20,#REF!,2,FALSE),"Brazed In USA") -> Brazed In USA | D20: 8-3/8" | E20: GT65DH-1 | F20: 1083564M | G20: 44595 | H20: ARDT-LV3 | I20: 1141517 | J20: 999 | K20: SECURITY | L20: R/P | T20: 13712055 | U20: =VLOOKUP(T20,W:AD,7,0) -> 1004762156 | W20: 13884776 | X20: 12" | Y20: DBIT | Z20: GTD86DH | AA20: M423 | AB20: SECURITY | AC20: 1004761393 | AD20: 83-24710-8224
A21: 1 | B21: 13753966 | C21: =IFERROR(VLOOKUP(B21,#REF!,2,FALSE),"Brazed In USA") -> Brazed In USA | D21: 8-3/8" | E21: GT65DH-1 | F21: 1092981M | G21: 44773 | H21: ARDT-LV3 | I21: 1141517 | J21: 999 | K21: SECURITY | L21: 8-3/8" PDC BIT / R/P Q4-2024 | T21: 13862291 | U21: =VLOOKUP(T21,W:AD,7,0) -> 1004762164 | W21: 13865013 | X21: 12" | Y21: DBIT | Z21: GTD86DH | AA21: M423 | AB21: SECURITY | AC21: 1004761393 | AD21: 83-24710-8224
A22: 7 | B22: 13753964 | C22: =IFERROR(VLOOKUP(B22,#REF!,2,FALSE),"Brazed In USA") -> Brazed In USA | D22: 8-3/8" | E22: GT65DH-1 | F22: 1083564M | G22: 44746 | H22: ARDT-LV3 | I22: 1141517 | J22: M443 | K22: SECURITY | L22: R/P Q4-2024 | T22: 14160194 | U22: =VLOOKUP(T22,W:AD,7,0) -> 1004762160 | W22: 13994921 | X22: 12" | Y22: DBIT | Z22: GTD86DH | AA22: M423 | AB22: SECURITY | AC22: 1004761393 | AD22: 83-24710-8224
A23: 1 | B23: 13685077 | C23: =IFERROR(VLOOKUP(B23,#REF!,2,FALSE),"Brazed In USA") -> Brazed In USA | D23: 8-3/8" | E23: GT65DH-1 | F23: 1083564M | G23: 44566 | H23: ARDT-LV3 | I23: 1141517 | J23: 999 | K23: SECURITY | L23: SEC PDC 8⅜ GT65DH M443 4½ API PIN | T23: 13845937 | U23: =VLOOKUP(T23,W:AD,7,0) -> 1004762164 | W23: 14144640 | X23: 12" | Y23: DBIT | Z23: GTD86DH | AA23: M423 | AB23: SECURITY | AC23: 1004761393 | AD23: 83-24710-8224
A24: 7 | B24: 14190173 | C24: =IFERROR(VLOOKUP(B24,#REF!,2,FALSE),"Brazed In USA") -> Brazed In USA | D24: 8-1/2" | E24: GT65RHS-1 | F24: 1276939 | G24: 45607 | H24: ARDT-LV4 | I24: 1269498 | J24: S323 | K24: SECURITY | L24: R/P Q4-2024 | T24: 13448043 | U24: =VLOOKUP(T24,W:AD,7,0) -> 1004762151 | W24: 14081906 | X24: 12-1/4" | Y24: DBIT | Z24: HD75WF | AA24: M323 | AB24: SECURITY | AC24: 1004761393 | AD24: 83-24710-8224
A25: 7 | B25: 14228469 | C25: =IFERROR(VLOOKUP(B25,#REF!,2,FALSE),"Brazed In USA") -> Brazed In USA | D25: 8-1/2" | E25: GT65RHS-1 | F25: 1276939 | G25: 45529 | H25: ARDT-LV4 | I25: 1269498 | J25: S323 | K25: SECURITY | L25: REPAIR Q4-2024 | T25: 13607750 | U25: =VLOOKUP(T25,W:AD,7,0) -> 1004762155 | W25: 14081905 | X25: 12-1/4" | Y25: DBIT | Z25: HD75WF | AA25: M323 | AB25: SECURITY | AC25: 1004761397 | AD25: 83-24710-8222
A26: 11 | B26: 14211932 | C26: =IFERROR(VLOOKUP(B26,#REF!,2,FALSE),"Brazed In USA") -> Brazed In USA | D26: 8-1/2" | E26: GT65RHS-1 | F26: 1276939 | G26: 45501 | H26: ARDT-LV4 | I26: 1269498 | J26: S323 | K26: SECURITY | L26: R/P Q4-2024 | T26: 13697078 | U26: =VLOOKUP(T26,W:AD,7,0) -> 1004762155 | W26: 13670127 | X26: 16" | Y26: DBIT | Z26: MMD85DH-1 | AA26: 999 | AB26: SECURITY | AC26: 1004761397 | AD26: 83-24710-8222
A27: 7 | B27: 14211930 | C27: =IFERROR(VLOOKUP(B27,#REF!,2,FALSE),"Brazed In USA") -> Brazed In USA | D27: 8-1/2" | E27: GT65RHS-1 | F27: 1276939 | G27: 45496 | H27: ARDT-LV4 | I27: 1269498 | J27: S323 | K27: SECURITY | L27: 8-1/2" 'REPAIR Q2, Q3-2024' | T27: 13846598 | U27: =VLOOKUP(T27,W:AD,7,0) -> 1004761400 | W27: 13670338 | X27: 16" | Y27: DBIT | Z27: MM85DH | AA27: 999 | AB27: SECURITY | AC27: 1004761397 | AD27: 83-24710-8222
A28: 12 | B28: 14199938 | C28: =IFERROR(VLOOKUP(B28,#REF!,2,FALSE),"Brazed In USA") -> Brazed In USA | D28: 8-1/2" | E28: GT65RHS-1 | F28: 1276939 | G28: 45470 | H28: ARDT-LV4 | I28: 1269498 | J28: S323 | K28: SECURITY | L28: 8-1/2" 'REPAIR Q2, Q3-2024' | T28: 14074749 | U28: =VLOOKUP(T28,W:AD,7,0) -> 1004761403 | W28: 13846205 | X28: 16" | Y28: DBIT | Z28: MMD85DH-1 | AA28: 999 | AB28: SECURITY | AC28: 1004761397 | AD28: 83-24710-8222
A29: 12 | B29: 14190172 | C29: =IFERROR(VLOOKUP(B29,#REF!,2,FALSE),"Brazed In USA") -> Brazed In USA | D29: 8-1/2" | E29: GT65RHS-1 | F29: 1276939 | G29: 45453 | H29: ARDT-LV4 | I29: 1269498 | J29: S323 | K29: SECURITY | L29: 8-1/2" 'REPAIR Q2, Q3-2024' | T29: 14056707 | U29: =VLOOKUP(T29,W:AD,7,0) -> 1004761403 | W29: 13770623 | X29: 16" | Y29: DBIT | Z29: MM85DH | AA29: 999 | AB29: SECURITY | AC29: 1004761397 | AD29: 83-24710-8222
A30: 7 | B30: 14178471 | C30: =IFERROR(VLOOKUP(B30,#REF!,2,FALSE),"Brazed In USA") -> Brazed In USA | D30: 8-1/2" | E30: GT65RHS-1 | F30: 1276939 | G30: 45453 | H30: ARDT-LV4 | I30: 1269498 | J30: S323 | K30: SECURITY | L30: 8-1/2" 'REPAIR Q2, Q3-2024' | T30: 14081905 | U30: =VLOOKUP(T30,W:AD,7,0) -> 1004761397 | W30: 13867749 | X30: 16" | Y30: DBIT | Z30: MMD85DH-1 | AA30: 999 | AB30: SECURITY | AC30: 1004761400 | AD30: 83-23541-7976
A31: 7 | B31: 14119214 | C31: =IFERROR(VLOOKUP(B31,#REF!,2,FALSE),"Brazed In USA") -> Brazed In USA | D31: 8-1/2" | E31: GT65RHS-1 | F31: 1276939 | G31: 45343 | H31: ARDT-LV4 | I31: 1269498 | J31: S323 | K31: SECURITY | L31: 8-1/2" 'REPAIR Q2, Q3-2024' | T31: 13740204 | U31: =VLOOKUP(T31,W:AD,7,0) -> 1004761387 | W31: 13886505 | X31: 16" | Y31: DBIT | Z31: MMD85DH-1 | AA31: 999 | AB31: SECURITY | AC31: 1004761400 | AD31: 83-23541-7976
A32: 8 | B32: 13521409 | C32: =IFERROR(VLOOKUP(B32,#REF!,2,FALSE),"Brazed In USA") -> Brazed In USA | D32: 8-3/8" | E32: GT75DH | F32: 1056029 | G32: 44166 | H32: ARDT-LV3 | I32: 1158490 | J32: M424 | K32: SECURITY | L32: 8-3/8" 'REPAIR Q2, Q3-2024' | T32: 13712066 | U32: =VLOOKUP(T32,W:AD,7,0) -> 1004758789 | W32: 13923839 | X32: 16" | Y32: DBIT | Z32: MMD85DH-1 | AA32: 999 | AB32: SECURITY | AC32: 1004761400 | AD32: 83-23541-7976
A33: 4 | B33: 12947677 | C33: =IFERROR(VLOOKUP(B33,#REF!,2,FALSE),"Brazed In USA") -> Brazed In USA | D33: 12" | E33: GT86DH | J33: M423 | K33: SECURITY | L33: 12" 'REPAIR Q2, Q3-2024' | T33: 13739190 | U33: =VLOOKUP(T33,W:AD,7,0) -> 1004761387 | W33: 13846598 | X33: 16" | Y33: DBIT | Z33: MM85DH | AA33: 999 | AB33: SECURITY | AC33: 1004761400 | AD33: 83-23541-7976
A34: 2 | B34: 13655960 | C34: =IFERROR(VLOOKUP(B34,#REF!,2,FALSE),"Brazed In USA") -> Brazed In USA | D34: 12" | E34: GT86DH | F34: 1005462M | G34: 44588 | H34: ARDT-LV3 | I34: 1145825 | J34: 999 | K34: SECURITY | L34: PDCBIT | T34: 13754554 | U34: =VLOOKUP(T34,W:AD,7,0) -> 1004761387 | W34: 13877780 | X34: 16" | Y34: DBIT | Z34: MM85DH | AA34: 999 | AB34: SECURITY | AC34: 1004761400 | AD34: 83-23541-7976
A35: 1 | B35: 13740204 | C35: =IFERROR(VLOOKUP(B35,#REF!,2,FALSE),"Brazed In USA") -> Brazed In USA | D35: 12" | E35: GT86DH | F35: 1005462M | G35: 44707 | H35: ARDT-LV3 | I35: 1145825 | J35: 999 | K35: SECURITY | L35: 12" PDC BIT | T35: 13884776 | U35: =VLOOKUP(T35,W:AD,7,0) -> 1004761393 | W35: 14093083 | X35: 16" | Y35: DBIT | Z35: MMD85DH-1 | AA35: M223 | AB35: SECURITY | AC35: 1004761403 | AD35: 83-24541-7597
A36: 1 | B36: 13740200 | C36: =IFERROR(VLOOKUP(B36,#REF!,2,FALSE),"Brazed In USA") -> Brazed In USA | D36: 12" | E36: GT86DH | F36: 1005462M | G36: 44705 | H36: ARDT-LV3 | I36: 1145825 | J36: 999 | K36: SECURITY | L36: R/P | T36: 13865013 | U36: =VLOOKUP(T36,W:AD,7,0) -> 1004761393 | W36: 14074749 | X36: 16" | Y36: DBIT | Z36: MMD85DH-1 | AA36: M223 | AB36: SECURITY | AC36: 1004761403 | AD36: 83-24541-7597
A37: 2 | B37: 13719634 | C37: =IFERROR(VLOOKUP(B37,#REF!,2,FALSE),"Brazed In USA") -> Brazed In USA | D37: 12" | E37: GT86DH | F37: 1005462M | G37: 44696 | H37: ARDT-LV3 | I37: 1145825 | J37: 999 | K37: SECURITY | L37: R/P | T37: 14119214 | U37: =VLOOKUP(T37,W:AD,7,0) -> 1004762122 | W37: 14056707 | X37: 16" | Y37: DBIT | Z37: MMD85DH-1 | AA37: M223 | AB37: SECURITY | AC37: 1004761403 | AD37: 83-24541-7597
A38: 3 | B38: 13719632 | C38: =IFERROR(VLOOKUP(B38,#REF!,2,FALSE),"Brazed In USA") -> Brazed In USA | D38: 12" | E38: GT86DH | F38: 1005462M | G38: 44686 | H38: ARDT-LV3 | I38: 1145825 | J38: 999 | K38: SECURITY | L38: 12" PDC BIT | T38: 14190173 | U38: =VLOOKUP(T38,W:AD,7,0) -> 1004762122 | W38: 14081145 | X38: 16" | Y38: DBIT | Z38: MMD85DH-1 | AA38: M223 | AB38: SECURITY | AC38: 1004761403 | AD38: 83-24541-7597
A39: 1 | B39: 13719636 | C39: =IFERROR(VLOOKUP(B39,#REF!,2,FALSE),"Brazed In USA") -> Brazed In USA | D39: 12" | E39: GT86DH | F39: 1005462M | G39: 44679 | H39: ARDT-LV3 | I39: 1145825 | J39: 999 | K39: SECURITY | L39: R/P | T39: 13845933 | U39: =VLOOKUP(T39,W:AD,7,0) -> 1004762156 | W39: 14074751 | X39: 16" | Y39: DBIT | Z39: MMD85DH-1 | AA39: M223 | AB39: SECURITY | AC39: 1004761403 | AD39: 83-24541-7597
A40: 8 | B40: 14144640 | C40: =IFERROR(VLOOKUP(B40,#REF!,2,FALSE),"Brazed In USA") -> Brazed In USA | D40: 12" | E40: GTD86DH | F40: 1251098M | G40: 45403 | H40: ARDT-LV3 | I40: 1245431 | J40: M423 | K40: SECURITY | L40: R/P Q4-2024 | T40: 13862294 | U40: =VLOOKUP(T40,W:AD,7,0) -> 1004762159 | W40: 14074750 | X40: 16" | Y40: DBIT | Z40: MMD85DH-1 | AA40: M223 | AB40: SECURITY | AC40: 1004761407 | AD40: 83-24541-7595
A41: 5 | B41: 13912279 | C41: =IFERROR(VLOOKUP(B41,#REF!,2,FALSE),"Brazed In USA") -> Brazed In USA | D41: 12" | E41: GTD86DH | F41: 1020531 | G41: 45214 | H41: ARDT-LV3 | I41: 1146009 | J41: 999 | K41: SECURITY | L41: 12" 'REPAIR Q2, Q3-2024' | T41: 13870634 | U41: =VLOOKUP(T41,W:AD,7,0) -> 1004762160 | W41: 13971110 | X41: 5-7/8" | Y41: DBIT | Z41: EM65D | AA41: 999 | AB41: SECURITY | AC41: 1004761407 | AD41: 83-24541-7595
A42: 8 | B42: 13994921 | C42: =IFERROR(VLOOKUP(B42,#REF!,2,FALSE),"Brazed In USA") -> Brazed In USA | D42: 12" | E42: GTD86DH | F42: 1251098 | G42: 45145 | H42: ARDT-LV3 | I42: 1245431 | J42: M423 | K42: SECURITY | L42: R/P Q4-2024 | T42: 13771583 | U42: =VLOOKUP(T42,W:AD,7,0) -> 1004762156 | W42: 14056700 | X42: 5-7/8" | Y42: DBIT | Z42: EM65D | AA42: 999 | AB42: SECURITY | AC42: 1004761407 | AD42: 83-24541-7595
A43: 15 | B43: 13884776 | C43: =IFERROR(VLOOKUP(B43,#REF!,2,FALSE),"Brazed In USA") -> Brazed In USA | D43: 12" | E43: GTD86DH | F43: 1020531 | G43: 45092 | H43: ARDT-LV3 | I43: 1146009 | J43: M423 | K43: SECURITY | L43: Q4-2023 | T43: 13771589 | U43: =VLOOKUP(T43,W:AD,7,0) -> 1004762159 | W43: 14104599 | X43: 5-7/8" | Y43: DBIT | Z43: EM65D | AA43: M425 | AB43: SECURITY | AC43: 1004761407 | AD43: 83-24541-7595
A44: 10 | B44: 13865013 | C44: =IFERROR(VLOOKUP(B44,#REF!,2,FALSE),"Brazed In USA") -> Brazed In USA | D44: 12" | E44: GTD86DH | F44: 1020531 | G44: 45033 | H44: ARDT-LV3 | I44: 1146009 | J44: M423 | K44: SECURITY | L44: R/P Q4-2024 | T44: 13791389 | U44: =VLOOKUP(T44,W:AD,7,0) -> 1004762159 | W44: 14073989 | X44: 5-7/8" | Y44: DBIT | Z44: EM65D | AA44: M425 | AB44: SECURITY | AC44: 1004761407 | AD44: 83-24541-7595
A45: 3 | B45: 13845939 | C45: =IFERROR(VLOOKUP(B45,#REF!,2,FALSE),"Brazed In USA") -> Brazed In USA | D45: 12" | E45: GTD86DH | F45: 1020531 | G45: 44997 | H45: ARDT-LV3 | I45: 1146009 | J45: 999 | K45: SECURITY | L45: 12" 'REPAIR Q2, Q3-2024' | T45: 13685077 | U45: =VLOOKUP(T45,W:AD,7,0) -> 1004762151 | W45: 14104605 | X45: 5-7/8" | Y45: DBIT | Z45: EM65D | AA45: M425 | AB45: SECURITY | AC45: 1004761409 | AD45: 83-24541-7596
A46: 1 | B46: 13860646 | C46: =IFERROR(VLOOKUP(B46,#REF!,2,FALSE),"Brazed In USA") -> Brazed In USA | D46: 12" | E46: GTD86DH | F46: 1020531 | G46: 44928 | H46: ARDT-LV3 | I46: 1146009 | J46: 999 | K46: SECURITY | L46: 12" 'REPAIR Q2, Q3-2024' | T46: 13695797 | U46: =VLOOKUP(T46,W:AD,7,0) -> 1004762151 | W46: 14109676 | X46: 5-7/8" | Y46: DBIT | Z46: EM65D | AA46: M425 | AB46: SECURITY | AC46: 1004761409 | AD46: 83-24541-7596
A47: 1 | B47: 13754554 | C47: =IFERROR(VLOOKUP(B47,#REF!,2,FALSE),"Brazed In USA") -> Brazed In USA | D47: 12" | E47: GTD86DH | F47: 1020531 | G47: 44773 | H47: ARDT-LV3 | I47: 1146009 | J47: 999 | K47: SECURITY | L47: 12" PDC BIT | T47: 13711524 | U47: =VLOOKUP(T47,W:AD,7,0) -> 1004762155 | W47: 14144624 | X47: 5-7/8" | Y47: DBIT | Z47: EM65D | AA47: M425 | AB47: SECURITY | AC47: 1004761409 | AD47: 83-24541-7596
A48: 1 | B48: 13739190 | C48: =IFERROR(VLOOKUP(B48,#REF!,2,FALSE),"Brazed In USA") -> Brazed In USA | D48: 12" | E48: GTD86DH | F48: 1020531 | G48: 44739 | H48: ARDT-LV3 | I48: 1146009 | J48: 999 | K48: SECURITY | L48: 12" PDC BIT | T48: 13970794 | U48: =VLOOKUP(T48,W:AD,7,0) -> 1004762117 | W48: 14144625 | X48: 5-7/8" | Y48: DBIT | Z48: EM65D | AA48: M425 | AB48: SECURITY | AC48: 1004761409 | AD48: 83-24541-7596
A49: 2 | B49: 13712066 | C49: =IFERROR(VLOOKUP(B49,#REF!,2,FALSE),"Brazed In USA") -> Brazed In USA | D49: 12" | E49: GTD86DH | F49: 1020531 | G49: 44699 | H49: ARDT-LV3 | I49: 1146009 | J49: 999 | K49: SECURITY | L49: R/P | T49: 13807902 | U49: =VLOOKUP(T49,W:AD,7,0) -> 1004762117 | W49: 14127551 | X49: 5-7/8" | Y49: DBIT | Z49: EM65D | AA49: M425 | AB49: SECURITY | AC49: 1004761409 | AD49: 83-24541-7596
A50: 9 | B50: 14081906 | C50: =IFERROR(VLOOKUP(B50,#REF!,2,FALSE),"Brazed In USA") -> Brazed In USA | D50: 12-1/4" | E50: HD75WF | F50: 1257458M | G50: 45361 | H50: ARDT-LV4 | I50: 1267122 | J50: M323 | K50: SECURITY | L50: 12-1/4" 'REPAIR Q2, Q3-2024' | T50: 13824385 | U50: =VLOOKUP(T50,W:AD,7,0) -> 1004762117 | W50: 14167828 | X50: 5-7/8" | Y50: DBIT | Z50: EM65D | AA50: M425 | AB50: SECURITY | AC50: 1004761412 | AD50: 83-25541-7982
A51: 7 | B51: 14081905 | C51: =IFERROR(VLOOKUP(B51,#REF!,2,FALSE),"Brazed In USA") -> Brazed In USA | D51: 12-1/4" | E51: HD75WF | F51: 1257458M | G51: 45361 | H51: ARDT-LV4 | I51: 1267122 | J51: M323 | K51: SECURITY | L51: R/P Q1-2024 | W51: 14211858 | X51: 5-7/8" | Y51: DBIT | Z51: EM65D | AA51: M425 | AB51: SECURITY | AC51: 1004761412 | AD51: 83-25541-7982
A52: 5 | B52: 13064090 | C52: =IFERROR(VLOOKUP(B52,#REF!,2,FALSE),"Brazed In USA") -> Brazed In USA | D52: 8-3/8" | E52: MM65DH | J52: M443 | K52: SECURITY | L52: Q1-2023 | W52: 14144621 | X52: 5-7/8" | Y52: DBIT | Z52: EM65D | AA52: M425 | AB52: SECURITY | AC52: 1004761412 | AD52: 83-25541-7982
A53: 1 | B53: 13080019 | C53: =IFERROR(VLOOKUP(B53,#REF!,2,FALSE),"Brazed In USA") -> Brazed In USA | D53: 8-3/8" | E53: MM65DH | J53: M443 | K53: SECURITY | L53: Q3-2023 | W53: 13685072 | X53: 6-1/8" | Y53: DBIT | Z53: MMD54H | AA53: M332 | AB53: SECURITY | AC53: 1004761412 | AD53: 83-25541-7982
A54: 3 | B54: 13094651 | C54: =IFERROR(VLOOKUP(B54,#REF!,2,FALSE),"Brazed In USA") -> Brazed In USA | D54: 8-3/8" | E54: MM65DH | J54: M443 | K54: SECURITY | L54: Q3-2023 | W54: 13685074 | X54: 6-1/8" | Y54: DBIT | Z54: MMD54H | AA54: M332 | AB54: SECURITY | AC54: 1004761412 | AD54: 83-25541-7982
A55: 2 | B55: 13186638 | C55: =IFERROR(VLOOKUP(B55,#REF!,2,FALSE),"Brazed In USA") -> Brazed In USA | D55: 8-3/8" | E55: MM65DH | J55: M443 | K55: SECURITY | L55: Q1-2023 | W55: 13685073 | X55: 6-1/8" | Y55: DBIT | Z55: MMD54H | AA55: M332 | AB55: SECURITY | AC55: 1004762117 | AD55: 83-25541-7981
A56: 9 | B56: 13862294 | C56: =IFERROR(VLOOKUP(B56,#REF!,2,FALSE),"Brazed In USA") -> Brazed In USA | D56: 8-3/8" | E56: MM65DH | J56: M443 | K56: SECURITY | L56: 8-3/8" 'REPAIR Q2, Q3-2024' | W56: 13719614 | X56: 6-1/8" | Y56: DBIT | Z56: MMD54H | AA56: 999 | AB56: SECURITY | AC56: 1004762117 | AD56: 83-25541-7981
A57: 7 | B57: 13870635 | C57: =IFERROR(VLOOKUP(B57,#REF!,2,FALSE),"Brazed In USA") -> Brazed In USA | D57: 8-3/8" | E57: MM65DH | F57: 1061407 | G57: 45378 | H57: ARDT-LV3 | I57: 1145826 | J57: M443 | K57: SECURITY | L57: 8-3/8" 'REPAIR Q2, Q3-2024' | W57: 13807902 | X57: 6-1/8" | Y57: DBIT | Z57: MMD54H | AA57: 999 | AB57: SECURITY | AC57: 1004762117 | AD57: 83-25541-7981
A58: 22 | B58: 13870634 | C58: =IFERROR(VLOOKUP(B58,#REF!,2,FALSE),"Brazed In USA") -> Brazed In USA | D58: 8-3/8" | E58: MM65DH | F58: 1176919M | G58: 45222 | H58: ARDT-LV3 | I58: 1145826 | J58: M443 | K58: SECURITY | L58: 8-3/8" 'REPAIR Q2, Q3-2024' | W58: 13824385 | X58: 6-1/8" | Y58: DBIT | Z58: MMD54H | AA58: 999 | AB58: SECURITY | AC58: 1004762117 | AD58: 83-25541-7981
A59: 11 | B59: 13862291 | C59: =IFERROR(VLOOKUP(B59,#REF!,2,FALSE),"Brazed In USA") -> Brazed In USA | D59: 8-3/8" | E59: MM65DH | F59: 1176919 | G59: 45161 | H59: ARDT-LV3 | I59: 1145826 | J59: M443 | K59: SECURITY | L59: 8-3/8" 'REPAIR Q2, Q3-2024' | W59: 13970794 | X59: 6-1/8" | Y59: DBIT | Z59: MMD54H | AA59: 999 | AB59: SECURITY | AC59: 1004762117 | AD59: 83-25541-7981
A60: 2 | B60: 13845933 | C60: =IFERROR(VLOOKUP(B60,#REF!,2,FALSE),"Brazed In USA") -> Brazed In USA | D60: 8-3/8" | E60: MM65DH | F60: 1176919 | G60: 45160 | H60: ARDT-LV3 | I60: 1145826 | J60: 999 | K60: SECURITY | L60: R/P | W60: 14012907 | X60: 6-1/8" | Y60: DBIT | Z60: MMD54H | AA60: 999 | AB60: SECURITY | AC60: 1004762119 | AD60: 83-25541-8149
A61: 1 | B61: 13712055 | C61: =IFERROR(VLOOKUP(B61,#REF!,2,FALSE),"Brazed In USA") -> Brazed In USA | D61: 8-3/8" | E61: MM65DH | F61: 1176919 | G61: 44667 | H61: ARDT-LV3 | I61: 1145826 | J61: 999 | K61: SECURITY | L61: 8-3/8" PDC BIT | W61: 14190172 | X61: 8-1/2" | Y61: DBIT | Z61: GT65RHS-1 | AA61: S323 | AB61: SECURITY | AC61: 1004762119 | AD61: 83-25541-8149
A62: 3 | B62: 13697072 | C62: =IFERROR(VLOOKUP(B62,#REF!,2,FALSE),"Brazed In USA") -> Brazed In USA | D62: 8-3/8" | E62: MM65DH | F62: 1176919 | G62: 44650 | H62: ARDT-LV3 | I62: 1145826 | J62: 999 | K62: SECURITY | L62: SEC PDC 8⅜ MM65DH M443 4½ API PIN | W62: 14211930 | X62: 8-1/2" | Y62: DBIT | Z62: GT65RHS-1 | AA62: S323 | AB62: SECURITY | AC62: 1004762119 | AD62: 83-25541-8149
A63: 9 | B63: 13862293 | C63: =IFERROR(VLOOKUP(B63,#REF!,2,FALSE),"Brazed In USA") -> Brazed In USA | D63: 8-3/8" | E63: MM65DH | F63: 1061407 | G63: 44909 | H63: ARDT-LV3 | I63: 1145826 | J63: M443 | K63: SECURITY | L63: 8-3/8" 'REPAIR Q2, Q3-2024' | W63: 14178471 | X63: 8-1/2" | Y63: DBIT | Z63: GT65RHS-1 | AA63: S323 | AB63: SECURITY | AC63: 1004762119 | AD63: 83-25541-8149
A64: 1 | B64: 13739196 | C64: =IFERROR(VLOOKUP(B64,#REF!,2,FALSE),"Brazed In USA") -> Brazed In USA | D64: 8-3/8" | E64: MM65DH | F64: 1176919 | G64: 44762 | H64: ARDT-LV3 | I64: 1145826 | J64: 999 | K64: SECURITY | L64: 8-3/8" 'REPAIR Q2, Q3-2024' | W64: 14211932 | X64: 8-1/2" | Y64: DBIT | Z64: GT65RHS-1 | AA64: S323 | AB64: SECURITY | AC64: 1004762119 | AD64: 83-25541-8149
A65: 2 | B65: 13753277 | C65: =IFERROR(VLOOKUP(B65,#REF!,2,FALSE),"Brazed In USA") -> Brazed In USA | D65: 8-3/8" | E65: MM65DH | F65: 1061407 | G65: 44748 | H65: ARDT-LV3 | I65: 1145826 | J65: 999 | K65: SECURITY | L65: 8-3/8" PDC BIT | W65: 14199938 | X65: 8-1/2" | Y65: DBIT | Z65: GT65RHS-1 | AA65: S323 | AB65: SECURITY | AC65: 1004762122 | AD65: 61-25014-0843
A66: 1 | B66: 13566945 | C66: =IFERROR(VLOOKUP(B66,#REF!,2,FALSE),"Brazed In USA") -> Brazed In USA | D66: 8-3/8" | E66: MM65DH | F66: 1176919 | G66: 44288 | H66: ARDT-LV3 | I66: 1145826 | J66: M443 | K66: SECURITY | L66: Q3-2023 | W66: 14228469 | X66: 8-1/2" | Y66: DBIT | Z66: GT65RHS-1 | AA66: S323 | AB66: SECURITY | AC66: 1004762122 | AD66: 61-25014-0843
A67: 2 | B67: 13739180 | C67: =IFERROR(VLOOKUP(B67,#REF!,2,FALSE),"Brazed In USA") -> Brazed In USA | D67: 12" | E67: MM65DH-1 | J67: 999 | K67: SECURITY | L67: R/P | W67: 14119214 | X67: 8-1/2" | Y67: DBIT | Z67: GT65RHS-1 | AA67: S323 | AB67: SECURITY | AC67: 1004762122 | AD67: 61-25014-0843
A68: 4 | B68: 13846594 | C68: =IFERROR(VLOOKUP(B68,#REF!,2,FALSE),"Brazed In USA") -> Brazed In USA | D68: 12" | E68: MM65DH-1 | F68: 1134806 | G68: 44965 | H68: ARDT-LV3 | I68: 1228748 | J68: 999 | K68: SECURITY | L68: R/P | W68: 14190173 | X68: 8-1/2" | Y68: DBIT | Z68: GT65RHS-1 | AA68: S323 | AB68: SECURITY | AC68: 1004762122 | AD68: 61-25014-0843
A69: 5 | B69: 13044609 | C69: =IFERROR(VLOOKUP(B69,#REF!,2,FALSE),"Brazed In USA") -> Brazed In USA | D69: 8-3/8" | E69: MM65DH-1 | J69: M443 | K69: SECURITY | L69: Q1-2023 | W69: 13044609 | X69: 8-3/8" | Y69: DBIT | Z69: MM65DH-1 | AA69: M443 | AB69: SECURITY | AC69: 1004762122 | AD69: 61-25014-0843
A70: 3 | B70: 13172301 | C70: =IFERROR(VLOOKUP(B70,#REF!,2,FALSE),"Brazed In USA") -> Brazed In USA | D70: 8-3/8" | E70: MM65DH-1 | J70: M443 | K70: SECURITY | L70: Q1-2023- | W70: 13064090 | X70: 8-3/8" | Y70: DBIT | Z70: MM65DH | AA70: M443 | AB70: SECURITY | AC70: 1004762150 | AD70: 61-24014-0881
A71: 1 | B71: 13283019 | C71: =IFERROR(VLOOKUP(B71,#REF!,2,FALSE),"Brazed In USA") -> Brazed In USA | D71: 8-3/8" | E71: MM65DH-1 | J71: M443 | K71: SECURITY | L71: R/P Q4-2024 | W71: 13080019 | X71: 8-3/8" | Y71: DBIT | Z71: MM65DH | AA71: M443 | AB71: SECURITY | AC71: 1004762150 | AD71: 61-24014-0881
A72: 7 | B72: 14160194 | C72: =IFERROR(VLOOKUP(B72,#REF!,2,FALSE),"Brazed In USA") -> Brazed In USA | D72: 8-3/8" | E72: MM65DH-1 | F72: 1245357M | G72: 45407 | H72: ARDT-LV3 | I72: 1245357 | J72: M443 | K72: SECURITY | L72: R/P Q4-2024 | W72: 13094651 | X72: 8-3/8" | Y72: DBIT | Z72: MM65DH | AA72: M443 | AB72: SECURITY | AC72: 1004762150 | AD72: 61-24014-0881
A73: 7 | B73: 13845937 | C73: =IFERROR(VLOOKUP(B73,#REF!,2,FALSE),"Brazed In USA") -> Brazed In USA | D73: 8-3/8" | E73: MM65DH-1 | F73: 1080537 | G73: 45123 | H73: ARDT-LV3 | I73: 1140080 | J73: M443 | K73: SECURITY | L73: R/P Q4-2024 | W73: 13172301 | X73: 8-3/8" | Y73: DBIT | Z73: MM65DH-1 | AA73: M443 | AB73: SECURITY | AC73: 1004762150 | AD73: 61-24014-0881
A74: 8 | B74: 13791389 | C74: =IFERROR(VLOOKUP(B74,#REF!,2,FALSE),"Brazed In USA") -> Brazed In USA | D74: 8-3/8" | E74: MM65DH-1 | F74: 1080537 | G74: 44923 | H74: ARDT-LV3 | I74: 1140080 | J74: M443 | K74: SECURITY | L74: 8-3/8" 'REPAIR Q2, Q3-2024' | W74: 13186638 | X74: 8-3/8" | Y74: DBIT | Z74: MM65DH | AA74: M443 | AB74: SECURITY | AC74: 1004762150 | AD74: 61-24014-0881
A75: 1 | B75: 13771589 | C75: =IFERROR(VLOOKUP(B75,#REF!,2,FALSE),"Brazed In USA") -> Brazed In USA | D75: 8-3/8" | E75: MM65DH-1 | F75: 1080537 | G75: 44923 | H75: ARDT-LV3 | I75: 1140080 | J75: 999 | K75: SECURITY | L75: R/P | W75: 13283019 | X75: 8-3/8" | Y75: DBIT | Z75: MM65DH-1 | AA75: M443 | AB75: SECURITY | AC75: 1004762151 | AD75: 71-25050-0334
A76: 1 | B76: 13771583 | C76: =IFERROR(VLOOKUP(B76,#REF!,2,FALSE),"Brazed In USA") -> Brazed In USA | D76: 8-3/8" | E76: MM65DH-1 | F76: 1080537 | G76: 44755 | H76: ARDT-LV3 | I76: 1140080 | J76: 999 | K76: SECURITY | L76: R/P | W76: 13566945 | X76: 8-3/8" | Y76: DBIT | Z76: MM65DH | AA76: M443 | AB76: SECURITY | AC76: 1004762151 | AD76: 71-25050-0334
A77: 1 | B77: 13697078 | C77: =IFERROR(VLOOKUP(B77,#REF!,2,FALSE),"Brazed In USA") -> Brazed In USA | D77: 8-3/8" | E77: MM65DH-1 | F77: 1080537 | G77: 44677 | H77: ARDT-LV3 | I77: 1140080 | J77: 999 | K77: SECURITY | L77: 8-3/8" 'REPAIR Q2, Q3-2024' | W77: 13448043 | X77: 8-3/8" | Y77: DBIT | Z77: MM65DH-1 | AA77: M443 | AB77: SECURITY | AC77: 1004762151 | AD77: 71-25050-0334
A78: 1 | B78: 13607750 | C78: =IFERROR(VLOOKUP(B78,#REF!,2,FALSE),"Brazed In USA") -> Brazed In USA | D78: 8-3/8" | E78: MM65DH-1 | F78: 1080537 | G78: 44516 | H78: ARDT-LV3 | I78: 1140080 | J78: 999 | K78: SECURITY | L78: 8-3/8" 'REPAIR Q2, Q3-2024' | W78: 13685077 | X78: 8-3/8" | Y78: DBIT | Z78: GT65DH-1 | AA78: 999 | AB78: SECURITY | AC78: 1004762151 | AD78: 71-25050-0334
A79: 2 | B79: 13448043 | C79: =IFERROR(VLOOKUP(B79,#REF!,2,FALSE),"Brazed In USA") -> Brazed In USA | D79: 8-3/8" | E79: MM65DH-1 | F79: 1080537 | G79: 44017 | H79: ARDT-LV3 | I79: 1140080 | J79: M443 | K79: SECURITY | L79: DPC-203-DD-A-22 | W79: 13695797 | X79: 8-3/8" | Y79: DBIT | Z79: GT65DH-1 | AA79: 999 | AB79: SECURITY | AC79: 1004762151 | AD79: 71-25050-0334
A80: 3 | B80: 13877780 | C80: =IFERROR(VLOOKUP(B80,#REF!,2,FALSE),"Brazed In USA") -> Brazed In USA | D80: 16" | E80: MM85DH | F80: 1033011 | G80: 45088 | H80: ARDT-LV3 | I80: 1145823 | J80: 999 | K80: SECURITY | L80: R/P | W80: 13697072 | X80: 8-3/8" | Y80: DBIT | Z80: MM65DH | AA80: 999 | AB80: SECURITY | AC80: 1004762155 | AD80: 72-25019-0125
A81: 5 | B81: 13846598 | C81: =IFERROR(VLOOKUP(B81,#REF!,2,FALSE),"Brazed In USA") -> Brazed In USA | D81: 16" | E81: MM85DH | F81: 1033011 | G81: 44945 | H81: ARDT-LV3 | I81: 1145823 | J81: 999 | K81: SECURITY | L81: 16" PDC BIT / R/P Q4-2024 | W81: 13607750 | X81: 8-3/8" | Y81: DBIT | Z81: MM65DH-1 | AA81: 999 | AB81: SECURITY | AC81: 1004762155 | AD81: 72-25019-0125
A82: 1 | B82: 13770623 | C82: =IFERROR(VLOOKUP(B82,#REF!,2,FALSE),"Brazed In USA") -> Brazed In USA | D82: 16" | E82: MM85DH | F82: 1033011 | G82: 44822 | H82: ARDT-LV3 | I82: 1145823 | J82: 999 | K82: SECURITY | L82: R/P | W82: 13697078 | X82: 8-3/8" | Y82: DBIT | Z82: MM65DH-1 | AA82: 999 | AB82: SECURITY | AC82: 1004762155 | AD82: 72-25019-0125
A83: 1 | B83: 13670338 | C83: =IFERROR(VLOOKUP(B83,#REF!,2,FALSE),"Brazed In USA") -> Brazed In USA | D83: 16" | E83: MM85DH | F83: 1033011 | G83: 44720 | H83: ARDT-LV3 | I83: 1145823 | J83: 999 | K83: SECURITY | L83: R/P | W83: 13711524 | X83: 8-3/8" | Y83: DBIT | Z83: GT65DH-1 | AA83: 999 | AB83: SECURITY | AC83: 1004762155 | AD83: 72-25019-0125
A84: 1 | B84: 13970794 | C84: =IFERROR(VLOOKUP(B84,#REF!,2,FALSE),"Brazed In USA") -> Brazed In USA | D84: 6-1/8" | E84: MMD54H | J84: 999 | K84: SECURITY | L84: R/P | W84: 13685075 | X84: 8-3/8" | Y84: DBIT | Z84: GT65DH-1 | AA84: 999 | AB84: SECURITY | AC84: 1004762155 | AD84: 72-25019-0125
A85: 1 | B85: 14012907 | C85: =IFERROR(VLOOKUP(B85,#REF!,2,FALSE),"Brazed In USA") -> Brazed In USA | D85: 6-1/8" | E85: MMD54H | F85: 1137349 | G85: 45146 | H85: ARDT-LV3 | I85: 1145824 | J85: 999 | K85: SECURITY | L85: 6-1/8" 'REPAIR Q2, Q3-2024' | W85: 13753277 | X85: 8-3/8" | Y85: DBIT | Z85: MM65DH | AA85: 999 | AB85: SECURITY | AC85: 1004762156 | AD85: 64-25019-0142
A86: 2 | B86: 13719614 | C86: =IFERROR(VLOOKUP(B86,#REF!,2,FALSE),"Brazed In USA") -> Brazed In USA | D86: 6-1/8" | E86: MMD54H | F86: 1137349 | G86: 44662 | H86: ARDT-LV3 | I86: 1145824 | J86: 999 | K86: SECURITY | L86: R/P | W86: 13712055 | X86: 8-3/8" | Y86: DBIT | Z86: MM65DH | AA86: 999 | AB86: SECURITY | AC86: 1004762156 | AD86: 64-25019-0142
A87: 1 | B87: 13824385 | C87: =IFERROR(VLOOKUP(B87,#REF!,2,FALSE),"Brazed In USA") -> Brazed In USA | D87: 6-1/8" | E87: MMD54H | F87: 1137349 | G87: 44916 | H87: ARDT-LV3 | I87: 1145824 | J87: 999 | K87: SECURITY | L87: 6-1/8" PDC BIT /R/P Q4-2024 | W87: 13771583 | X87: 8-3/8" | Y87: DBIT | Z87: MM65DH-1 | AA87: 999 | AB87: SECURITY | AC87: 1004762156 | AD87: 64-25019-0142
A88: 1 | B88: 13807902 | C88: =IFERROR(VLOOKUP(B88,#REF!,2,FALSE),"Brazed In USA") -> Brazed In USA | D88: 6-1/8" | E88: MMD54H | F88: 1137349 | G88: 44831 | H88: ARDT-LV3 | I88: 1145824 | J88: 999 | K88: SECURITY | L88: 6-1/8" 'REPAIR Q2, Q3-2024' | W88: 13739196 | X88: 8-3/8" | Y88: DBIT | Z88: MM65DH | AA88: 999 | AB88: SECURITY | AC88: 1004762156 | AD88: 64-25019-0142
A89: 2 | B89: 13685074 | C89: =IFERROR(VLOOKUP(B89,#REF!,2,FALSE),"Brazed In USA") -> Brazed In USA | D89: 6-1/8" | E89: MMD54H | F89: 1137349M | G89: 44566 | H89: ARDT-LV3 | I89: 1145824 | J89: M332 | K89: SECURITY | L89: R/P Q4-2024 | W89: 13845933 | X89: 8-3/8" | Y89: DBIT | Z89: MM65DH | AA89: 999 | AB89: SECURITY | AC89: 1004762156 | AD89: 64-25019-0142
A90: 4 | B90: 13685073 | C90: =IFERROR(VLOOKUP(B90,#REF!,2,FALSE),"Brazed In USA") -> Brazed In USA | D90: 6-1/8" | E90: MMD54H | F90: 1137349M | G90: 44566 | H90: ARDT-LV3 | I90: 1145824 | J90: M332 | K90: SECURITY | L90: R/P Q4-2024 | W90: 13771589 | X90: 8-3/8" | Y90: DBIT | Z90: MM65DH-1 | AA90: 999 | AB90: SECURITY | AC90: 1004762159 | AD90: 71-25591-0004
A91: 1 | B91: 13685072 | C91: =IFERROR(VLOOKUP(B91,#REF!,2,FALSE),"Brazed In USA") -> Brazed In USA | D91: 6-1/8" | E91: MMD54H | F91: 1137349M | G91: 44566 | H91: ARDT-LV3 | I91: 1145824 | J91: M332 | K91: SECURITY | L91: R/P Q4-2024 | W91: 13753966 | X91: 8-3/8" | Y91: DBIT | Z91: GT65DH-1 | AA91: 999 | AB91: SECURITY | AC91: 1004762159 | AD91: 71-25591-0004
A92: 1 | B92: 13670127 | C92: =IFERROR(VLOOKUP(B92,#REF!,2,FALSE),"Brazed In USA") -> Brazed In USA | D92: 16" | E92: MMD85DH-1 | J92: 999 | K92: SECURITY | L92: SEC FC PDC 16 MMD85DH-1 M223 7⅝ API PIN | W92: 13521409 | X92: 8-3/8" | Y92: DBIT | Z92: GT75DH | AA92: M424 | AB92: SECURITY | AC92: 1004762159 | AD92: 71-25591-0004
A93: 1 | B93: 13867749 | C93: =IFERROR(VLOOKUP(B93,#REF!,2,FALSE),"Brazed In USA") -> Brazed In USA | D93: 16" | E93: MMD85DH-1 | J93: 999 | K93: SECURITY | L93: R/P | W93: 13862294 | X93: 8-3/8" | Y93: DBIT | Z93: MM65DH | AA93: M443 | AB93: SECURITY | AC93: 1004762159 | AD93: 71-25591-0004
A94: 9 | B94: 14081145 | C94: =IFERROR(VLOOKUP(B94,#REF!,2,FALSE),"Brazed In USA") -> Brazed In USA | D94: 16" | E94: MMD85DH-1 | F94: 1239258M | G94: 45364 | H94: ARDT-LV4 | I94: 1238258 | J94: M223 | K94: SECURITY | L94: 16" 'REPAIR Q2, Q3-2024' | W94: 13791389 | X94: 8-3/8" | Y94: DBIT | Z94: MM65DH-1 | AA94: M443 | AB94: SECURITY | AC94: 1004762159 | AD94: 71-25591-0004
A95: 10 | B95: 14093083 | C95: =IFERROR(VLOOKUP(B95,#REF!,2,FALSE),"Brazed In USA") -> Brazed In USA | D95: 16" | E95: MMD85DH-1 | F95: 1058252 | G95: 45308 | H95: ARDT-LV3 | I95: 1228782 | J95: M223 | K95: SECURITY | L95: 16" 'REPAIR Q2, Q3-2024' | W95: 14160194 | X95: 8-3/8" | Y95: DBIT | Z95: MM65DH-1 | AA95: M443 | AB95: SECURITY | AC95: 1004762160 | AD95: 72-24025-0381
A96: 7 | B96: 14074749 | C96: =IFERROR(VLOOKUP(B96,#REF!,2,FALSE),"Brazed In USA") -> Brazed In USA | D96: 16" | E96: MMD85DH-1 | F96: 1058252 | G96: 45307 | H96: ARDT-LV3 | I96: 1228782 | J96: M223 | K96: SECURITY | L96: R/P Q4-2024 | W96: 13870634 | X96: 8-3/8" | Y96: DBIT | Z96: MM65DH | AA96: M443 | AB96: SECURITY | AC96: 1004762160 | AD96: 72-24025-0381
A97: 7 | B97: 14074751 | C97: =IFERROR(VLOOKUP(B97,#REF!,2,FALSE),"Brazed In USA") -> Brazed In USA | D97: 16" | E97: MMD85DH-1 | F97: 1058252 | G97: 45285 | H97: ARDT-LV3 | I97: 1228782 | J97: M223 | K97: SECURITY | L97: R/P Q4-2024 | W97: 13753964 | X97: 8-3/8" | Y97: DBIT | Z97: GT65DH-1 | AA97: M443 | AB97: SECURITY | AC97: 1004762160 | AD97: 72-24025-0381
A98: 14 | B98: 14074750 | C98: =IFERROR(VLOOKUP(B98,#REF!,2,FALSE),"Brazed In USA") -> Brazed In USA | D98: 16" | E98: MMD85DH-1 | F98: 1058252 | G98: 45274 | H98: ARDT-LV3 | I98: 1228782 | J98: M223 | K98: SECURITY | L98: 16" PDC BIT / R/P Q4-2024 | W98: 13870635 | X98: 8-3/8" | Y98: DBIT | Z98: MM65DH | AA98: M443 | AB98: SECURITY | AC98: 1004762160 | AD98: 72-24025-0381
A99: 10 | B99: 14056707 | C99: =IFERROR(VLOOKUP(B99,#REF!,2,FALSE),"Brazed In USA") -> Brazed In USA | D99: 16" | E99: MMD85DH-1 | F99: 1058252M | G99: 45218 | H99: ARDT-LV3 | I99: 1228782 | J99: M223 | K99: SECURITY | L99: R/P Q4-2024 | W99: 14178488 | X99: 8-3/8" | Y99: DBIT | Z99: GT65DH-1 | AA99: M443 | AB99: SECURITY | AC99: 1004762162 | AD99: 71-25024-0091
A100: 1 | B100: 13923839 | C100: =IFERROR(VLOOKUP(B100,#REF!,2,FALSE),"Brazed In USA") -> Brazed In USA | D100: 16" | E100: MMD85DH-1 | F100: 1058252 | G100: 45138 | H100: ARDT-LV3 | I100: 1228782 | J100: 999 | K100: SECURITY | L100: 16" PDC BIT/ R/P Q4-2024 | W100: 14178487 | X100: 8-3/8" | Y100: DBIT | Z100: GT65DH-1 | AA100: M443 | AB100: SECURITY | AC100: 1004762162 | AD100: 71-25024-0091
...

Sheet ARDT
A1: ORDER NO. | B1: SEREAL NO. | C1: SIZE | D1: TYPE | E1: L5 MAT NO. | F1: RECIVED | G1: FROM | H1: L3,L4 or L5 MAT No. | I1: NEW TYPE | J1: STATUS | K1: FINAL | L1: Upper Section Replacement | M1: Build up | N1: Brazer | O1: Spinner | P1: Tip Grinding by | Q1: QC | R1: Thread Cleaning / Machining | S1: Body Cleaning / Machining | T1: Erosion sleeve | U1: Rework | V1: ACCOMPLISHED DATE | W1: REMARKS | X1: Job Name | Y1: Issues report | Z1: PDC Production Days | AA1: Lost Cutter | AB1: ITEM NUMBER | AC1: MJ # | AD1: Production Order Number | AE1: TRANSFER ORDER | AF1: Quotation | AG1: RAF
A2: 2017-ARDT-50 | B2: 12947667 | C2: 8.375 | D2: FMH3655ZZ | E2: 1005293 | F2: 43001 | W2: EDL GRINDING AS PER RAMI EMAIL | X2: =A2&"_"&B2 -> 2017-ARDT-50_12947667
A3: 2018-ARDT-08 | B3: 12998447 | C3: 8.375 | D3: FMH3655ZZ | E3: 1005293 | F3: 43144 | W3: EDL GRINDING AS PER RAMI EMAIL
A4: 2018-ARDT-13 | B4: 12998449 | C4: 8.375 | D4: FMH3655ZZ | E4: 1005293 | F4: 43168 | W4: EDL grinding as per Rami email.
A5: 2018-ARDT-14 | B5: 13015735 | C5: 8.375 | D5: MM65DH | E5: 1005293 | F5: 43171 | W5: EDL grinding as per Rami email.
A6: 2018-ARDT-23 | B6: 13022897 | C6: 8.375 | D6: MM65DH | E6: 1005293 | F6: 43193 | W6: EDL grinding as per Rami email.
A7: 2018-ARDT-26 | B7: 13022896 | C7: 8.375 | D7: FMH3655ZZ | E7: 1005293 | F7: 43202 | W7: EDL grinding as per Ahmed Jassim
A8: 2018-ARDT-33 | B8: 13034642 | C8: 8.375 | D8: MM65DH | E8: 1005293 | F8: 43215 | W8: EDL grinding as per Rami email
A9: 2018-ARDT-34 | B9: 13034644 | C9: 8.375 | D9: FMH3655ZZ | E9: 1005293 | F9: 43229 | W9: EDL GRIND AS PER ATTACHED TECHNOLOGY DEPARTMENT INSTRUCTIONS
A10: 2018-ARDT-36 | B10: 13044607 | C10: 8.375 | D10: MM65DH | E10: 1005293 | F10: 43236 | W10: EDL grind as per attached email
A11: 2018-ARDT-38 | B11: 13044609 | C11: 8.375 | D11: MM65DH | E11: 1005293 | F11: 43237 | W11: EDL grind as per attached email
A12: 2018-ARDT-42 | B12: 13052787 | C12: 8.375 | D12: MM65DH | E12: 1005293 | F12: 43249 | W12: EDL grind as per attached e-mail
A13: 2018-ARDT-47 | B13: 13064090 | C13: 8.375 | D13: MM65DH | E13: 882281 | F13: 43286 | W13: EDL GRINDING as per Ahmed Al Jassin email.
A14: 2018-ARDT-48 | B14: 13064093 | C14: 8.375 | D14: FMH3655ZZ | E14: 882281 | F14: 43289 | W14: EDL grinding as per Ahmed Al Jassim
... A16: 2018-ARDT-069 | B16: 13096213 | C16: 8.375 | D16: GT65DH | E16: 1083564 | F16: 43380 | W16: EDL GRINDING ( First step 0.03125 dia & second step 0.0625 diameter ) as per Saad email.
A17: 2019-ARDT-01 | B17: 12887726 | C17: 8.375 | D17: FMH3655ZZ | E17: 1020985 | F17: 43490 | W17: EDL grinding as per Rami email | X17: =A17&"_"&B17 -> 2019-ARDT-01_12887726
A18: 2019-ARDT-02 | B18: 13157147 | C18: 8.375 | D18: GT75DH-1 | E18: 1083599 | F18: 43131 | W18: EDL grinding as per Saad email. | X18: =A18&"_"&B18 -> 2019-ARDT-02_13157147
A19: 2019-ARDT-03 | B19: 13111872 | C19: 8.375 | D19: GT75DH | E19: 1056029 | F19: 43503 | W19: EDL Grinding as per Saad Email. | X19: =A19&"_"&B19 -> 2019-ARDT-03_13111872
A20: 2019-ARDT-04 | B20: 13159263 | C20: 8.375 | D20: GT94DH | E20: 1096149 | F20: 43503 | W20: EDL Grinding as per Rami Email. | X20: =A20&"_"&B20 -> 2019-ARDT-04_13159263
A21: 2019-ARDT-05 | B21: 13159264 | C21: 8.375 | D21: GT94DH | E21: 1096149 | F21: 43507 | W21: EDL grinding as per Rami email. | X21: =A21&"_"&B21 -> 2019-ARDT-05_13159264
A22: 2019-ARDT-06 | B22: 13052770 | C22: 16 | D22: SF75H | E22: 903299 | F22: 43507 | W22: Repaired from Rig | X22: =A22&"_"&B22 -> 2019-ARDT-06_13052770
A23: 2019-ARDT-07 | X23: =A23&"_"&B23 -> 2019-ARDT-07_
A24: 2019-ARDT-08 | X24: =A24&"_"&B24 -> 2019-ARDT-08_
A25: 2019-ARDT-09 | X25: =A25&"_"&B25 -> 2019-ARDT-09_
A26: 2019-ARDT-10 | X26: =A26&"_"&B26 -> 2019-ARDT-10_
A27: 2019-ARDT-11 | X27: =A27&"_"&B27 -> 2019-ARDT-11_
A28: 2019-ARDT-12 | X28: =A28&"_"&B28 -> 2019-ARDT-12_
A29: 2019-ARDT-13 | X29: =A29&"_"&B29 -> 2019-ARDT-13_
A30: 2019-ARDT-14 | X30: =A30&"_"&B30 -> 2019-ARDT-14_
A31: 2019-ARDT-15 | X31: =A31&"_"&B31 -> 2019-ARDT-15_
A32: 2019-ARDT-16 | X32: =A32&"_"&B32 -> 2019-ARDT-16_
A33: 2019-ARDT-17 | X33: =A33&"_"&B33 -> 2019-ARDT-17_
A34: 2019-ARDT-18 | X34: =A34&"_"&B34 -> 2019-ARDT-18_
... A37: 2019-ARDT-21 | X37: =A37&"_"&B37 -> 2019-ARDT-21_
A38: 2019-ARDT-022 | B38: 13149235 | C38: 8.375 | D38: GT65DH | E38: 1083564 | F38: 43578 | W38: The bit has 2" gauge pad , which has to be step grind 1" equaly to 1/64 and 1/32 radious as it shown in the attached email. | X38: =A38&"_"&B38 -> 2019-ARDT-022_13149235
A39: 2019-ARDT-23 | X39: =A39&"_"&B39 -> 2019-ARDT-23_
A40: 2019-ARDT-24 | X40: =A40&"_"&B40 -> 2019-ARDT-24_
A41: 2019-ARDT-25 | X41: =A41&"_"&B41 -> 2019-ARDT-25_
A42: 2019-ARDT-26 | X42: =A42&"_"&B42 -> 2019-ARDT-26_
A43: 2019-ARDT-27 | X43: =A43&"_"&B43 -> 2019-ARDT-27_
A44: 2019-ARDT-28 | X44: =A44&"_"&B44 -> 2019-ARDT-28_
A45: 2019-ARDT-29 | X45: =A45&"_"&B45 -> 2019-ARDT-29_
A46: 2019-ARDT-30 | X46: =A46&"_"&B46 -> 2019-ARDT-30_
A47: 2019-ARDT-31 | X47: =A47&"_"&B47 -> 2019-ARDT-31_
A48: 2019-ARDT-32 | X48: =A48&"_"&B48 -> 2019-ARDT-32_
A49: 2019-ARDT-33 | X49: =A49&"_"&B49 -> 2019-ARDT-33_
A50: 2019-ARDT-34 | B50: 13172567 | C50: 16" | D50: SF75H | E50: 903299 | F50: 43612 | W50: ARDT | X50: =A50&"_"&B50 -> 2019-ARDT-34_13172567
A51: 2019-ARDT-035 | B51: 12980348 | C51: 5.875 | D51: GT74iH-1 | E51: 1055240 | F51: 43615 | G51: ARDT | W51: Cuuter swapping.Cutters to be removed : 1313 CT138_0.018 from Matt number : 1055240 Cutters To be installed : In Matt number 1032847 or 1108037 | X51: =A51&"_"&B51 -> 2019-ARDT-035_12980348
A52: 2019-ARDT-036 | B52: 13243094 | C52: 6.125 | D52: GTD64H | E52: 1032847 | F52: 43615 | G52: ARDT | W52: Cuuter swapping.Cutters to be removed : 1313 CT138_0.018 from Matt number : 1055240. As per Rohan email. Cutters To be installed : In Matt number 1032847 or 1108037 | X52: =A52&"_"&B52 -> 2019-ARDT-036_13243094
A53: 2019-ARDT-037 | B53: 13224444 | C53: 8.375 | D53: FMH3655ZZ | E53: 882281 | F53: 43615 | G53: ARDT | W53: EDL GRINDING AS PER Rami email.. ( 2.5" gauge pad - first step 0.021"radius,second 0.042"radius.third step 0.063"radius) | X53: =A53&"_"&B53 -> 2019-ARDT-037_13224444
A54: 2019-ARDT-038 | B54: 13243104 | C54: 8.375 | D54: GT94DH | E54: 1096149 | F54: 43615 | G54: ARDT | W54: EDL GRINDING AS PER Ahmed Al Jasim email. ( 3" gauge pad - first step 0.021"radius,second 0.042"radius.third step 0.063"radius) | X54: =A54&"_"&B54 -> 2019-ARDT-038_13243104
A55: 2019-ARDT-039 | B55: 13261694 | C55: 8.375 | D55: 43626 | E55: 1096149 | F55: 43626 | G55: ARDT | W55: EDL GRINDING AS PER Ahmed Al Jasim email. ( 3" gauge pad - first step 0.021"radius,second 0.042"radius.third step 0.063"radius) | X55: =A55&"_"&B55 -> 2019-ARDT-039_13261694
A56: 2019-ARDT-040 | B56: 13022873 | C56: 12 | D56: MM65DH | E56: 1060021 | F56: 43626 | G56: ARDT | W56: EDL GRINDING AS PER Ahmed Al Jasim email. ( 3" gauge pad - first step 0.021"radius,second 0.042"radius.third step 0.063"radius) | X56: =A56&"_"&B56 -> 2019-ARDT-040_13022873
A57: 2019-ARDT-041 | B57: 13243458 | C57: 16 | D57: FMH3853Z | E57: 1058252 | F57: 43651 | G57: ARDT | W57: EDL grinding as per Ahmed Al Jassim email. 0.021 in. on radius for 1 in. (1st step) 0.042 in. on radius for 1 in. (2nd step) 0.063 in. on radius for 1.5 in. (3rd step) | X57: =A57&"_"&B57 -> 2019-ARDT-041_13243458
A58: 2019-ARDT-042 | B58: 13227119 | C58: 16 | D58: FMH3853Z | E58: 1060889 | F58: 43660 | G58: ARDT | W58: EDL Grind as of attached email instructions and change the upper section to DU37805 (6 5/8"). | X58: =A58&"_"&B58 -> 2019-ARDT-042_13227119
A59: 2019-ARDT-043 | B59: 13260006 | C59: 8.375 | D59: GT65DH-1 | E59: 1083564 | F59: 43668 | G59: ARDT | W59: EDL grind as per attached Email instruction. Bit has 2” gauge pad. This is needed to grind 1” equally to step grind 1/64” (0.0156”) Radius and 1/32” (0.03125) radius. | X59: =A59&"_"&B59 -> 2019-ARDT-043_13260006
A60: 2019-ARDT-044 | B60: 13273687 | C60: 8.375 | D60: GT65DH-1 | E60: 1083564 | F60: 43668 | G60: ARDT | W60: EDL grind as per attached Email instruction. Bit has 2” gauge pad. This is needed to grind 1” equally to step grind 1/64” (0.0156”) Radius and 1/32” (0.03125) radius. | X60: =A60&"_"&B60 -> 2019-ARDT-044_13273687
A61: 2019-ARDT-045 | B61: 13267656 | C61: 12 | D61: FMH3863Z | E61: 1005462 | F61: 43674 | G61: ARDT | W61: EDL grind as per attached email dated on 07/28/2019 from Hasan Al-Hasan The bit has 4” gauge pad, which is needed to be grinded 1” equally to 4 steps. 1ST STEP 0.021R (0.042”) i.e. 11.958” 2ND STEP 0.042R (0.084”) i.e. 11.916” 3RD STEP 0.063R (0.126”) i.e. 11.874” 4TH STEP 0.084R (0.168”) i.e. 11.832” | X61: =A61&"_"&B61 -> 2019-ARDT-045_13267656
A62: 2019-ARDT-046 | B62: 13283023 | C62: 8.5 | D62: GT65RHS | E62: 1102426 | F62: 43685 | G62: ARDT | W62: NOZZLE BORE LINERS INSTALL AS PER ATTCHED DRAWING SJ609040 | X62: =A62&"_"&B62 -> 2019-ARDT-046_13283023
A63: 2019-ARDT-047 | B63: 13224448 | C63: 8.375 | D63: SF65H | E63: 990053 | F63: 43685 | G63: ARDT | W63: EDL grind as per attached email request dated 8/8/2019. The bit has 2.5" gauge pad which is needed to step grind to 1.5" and 1" in length. The first step should grind 0.021" in radious and 2nd step should grind to 0.040" in radious . | X63: =A63&"_"&B63 -> 2019-ARDT-047_13224448
A64: 2019-ARDT-048 | B64: 12955828 | C64: 16 | D64: MMD85DH | E64: 942738 | F64: 43685 | G64: ARDT | W64: EDL grind as per attached rami's E-mail, dated 8/8/2019. 1st step 1” long grind down to 0.021” in radius (0.042” in dia) 2st step 1” long grind down to 0.042” in radius (0.084” in dia) 3rd step 1” long grind down to 0.063” in radius (0.126” in dia) 4th step ½” long grind down to 0.084” in radius (0.168” in dia) | X64: =A64&"_"&B64 -> 2019-ARDT-048_12955828
A65: 2019-ARDT-049 | B65: 13273688 | C65: 8.375 | D65: GT94DH | E65: 1096149 | F65: 43689 | G65: ARDT | W65: EDL GRIND AS PER ATTACHED E-MAIL REQUEST -The bit has 3" gauge pad , which is needed to step grind equally 1" to 3 steps . First step 0.021"radius,second 0.042"radius.third step 0.063"radius) | X65: =A65&"_"&B65 -> 2019-ARDT-049_13273688
A66: 2019-ARDT-050 | B66: 13168554 | C66: 8.5 | D66: GTD55H | E66: 1096422 | F66: 43692 | G66: ARDT | W66: Upper section replacement ( install Cerebro upper section) as per Mohammad Jafri email. | X66: =A66&"_"&B66 -> 2019-ARDT-050_13168554
A67: 2019-ARDT-LV3-02 | B67: 13274303 | C67: 12.25 | D67: GT76H | E67: 1112857 | F67: 43692 | G67: ARDT | W67: Level 3 bit cutter instalation as per Subhi email. | X67: =A67&"_"&B67 -> 2019-ARDT-LV3-02 _13274303
... A70: 2019-ARDT-054 | B70: 13206645 | C70: 12.25 | D70: GT65DH | E70: 1056359 | F70: 43717 | G70: ARDT | W70: Grind the bit 1/32" diametrically as per Osama email. | X70: =A70&"_"&B70 -> 2019-ARDT-054_13206645
A71: 2019-ARDT-55 | B71: 13291378 | C71: 16" | D71: FMH3853Z | E71: 1033011 | F71: 43727 | G71: ARDT | W71: Threads damage need to be repaired. Shank also to be cleaned | X71: =A71&"_"&B71 -> 2019-ARDT-55_13291378
A72: 2019-ARDT-56 | B72: 13291159 | C72: 6.125 | D72: MM64DH | E72: 1102440 | F72: 43729 | G72: ARDT | W72: grind down gauge pad 1/16 under from its radious | X72: =A72&"_"&B72 -> 2019-ARDT-56_13291159
A73: 2019-ARDT-057 | B73: 13304994 | C73: 16 | D73: MMD85DH | E73: 1058252 | F73: 43732 | G73: ARDT | W73: EDL GRIND AS PER ATTACHED EMAIL DATED 23RD SEP 2019 The bit has 3.5” gauge pad which is needed to grind as specified bellow First step 1” LONG 0.021”R (0.042”D) 2nd step 1” LONG 0.042”R (0.084”D) 3rd step 1” LONG 0.063”R (0.0126”D) 4th step 0.5” LONG 0.084”R (0.168”D) | X73: =A73&"_"&B73 -> 2019-ARDT-057_13304994
A74: 2019-ARDT-058 | B74: 13267644 | C74: 12.25 | D74: GT76H | E74: 1054398M | F74: 43753 | G74: ARDT | W74: change cutters as per the attached cutter map as per Subhi email | X74: =A74&"_"&B74 -> 2019-ARDT-058_13267644
A75: 2019-ARDT-059 | B75: 13295582 | C75: 8.375 | D75: GT65DH-1 | E75: 1083564 | F75: 43754 | G75: ARDT | W75: Step grinding as per Saad email. | X75: =A75&"_"&B75 -> 2019-ARDT-059_13295582
A76: 2019-ARDT-060 | B76: 13304972 | C76: 8.375 | D76: GT65DH | E76: 1083564 | F76: 43755 | G76: ARDT | W76: step grinding as per Saad email. | X76: =A76&"_"&B76 -> 2019-ARDT-060_13304972
A77: 2019-ARDT-061 | B77: 13318007 | C77: 8.375 | D77: GT85DKH | E77: 1121212 | F77: 43759 | G77: ARDT | W77: EDL grinding as per Saad email. | X77: =A77&"_"&B77 -> 2019-ARDT-061_13318007
A78: 2019-ARDT-062 | B78: 13206953 | C78: 8.375 | D78: GT75DH-1 | E78: 1083599 | F78: 43762 | G78: ARDT | W78: EDL grind as of attached E-mail The bit has 2” log gauge pad which is need to step grinded 1” equally to following dimensions 1st step 0.0156”R (0.0312” in diameter) 2nd step 0.03125”R (0.0624” in diameter) | X78: =A78&"_"&B78 -> 2019-ARDT-062_13206953
A79: 2019-ARDT-063 | B79: 13276976 | C79: 8.375 | D79: GT94DH | E79: 1096149 | F79: 43765 | G79: ARDT | W79: EDL grind as per attached E-mail instruction. The bit has 3” gauge pad which is needed to step grind 1” Equally to bellow dimensions 1st step 0.021” R, 2nd step 0.042” R, 3rd step 0.063”R. | X79: =A79&"_"&B79 -> 2019-ARDT-063_13276976
A80: 2019-ARDT-064 | B80: 13131348 | C80: 17 | D80: SFD75DH | E80: 1092978 | F80: 43738 | G80: ARDT | W80: Repair as described in the attached Email. | X80: =A80&"_"&B80 -> 2019-ARDT-064_13131348
A81: 2019-ARDT-065 | B81: 13304970 | C81: 5.875 | D81: MM64DH | E81: 1033497 | F81: 43768 | G81: ARDT | W81: Grind down the Gage pad by 1/32" from the Radius | X81: =A81&"_"&B81 -> 2019-ARDT-065_13304970
A82: 2019-ARDT-066 | B82: 13206955 | C82: 6.125 | D82: GT64DH | E82: 1102440 | F82: 43769 | G82: ARDT | W82: Grindg Gauge pad 1/16 under gauge from the diameter (1/32” from the radius). | X82: =A82&"_"&B82 -> 2019-ARDT-066_13206955
A83: 2019-ARDT-067 | B83: 13291160 | C83: 6.125 | D83: GT64DH | E83: 1102440M | F83: 43769 | G83: ARDT | W83: Grindg Gauge pad 1/16 under gauge from the diameter (1/32” from the radius). | X83: =A83&"_"&B83 -> 2019-ARDT-067_13291160
A84: 2019-ARDT-068 | B84: 13267647 | C84: 12.25 | D84: GT76H | E84: 1054398 | F84: 43772 | G84: ARDT | W84: change cutters as per the attached cutter map as per Osama email | X84: =A84&"_"&B84 -> 2019-ARDT-068_13267647
A85: 2019-ARDT-069 | B85: 13276977 | C85: 8.375 | D85: GT94DH | E85: 1096149 | F85: 43776 | G85: ARDT | W85: Step grinding as per Ahmed Al Jassim email. | X85: =A85&"_"&B85 -> 2019-ARDT-069_13276977
A86: 2019-ARDT-70 | B86: 13227122 | C86: 5.875 | D86: GT85WH | E86: 1103149 | F86: 43788 | G86: ARDT | W86: change cutters as per the attached cutter map as per Saad email | X86: =A86&"_"&B86 -> 2019-ARDT-70_13227122
A87: 2019-ARDT-071 | B87: 13206950 | C87: 8.375 | D87: FMH3655ZZ | E87: 1061407 | F87: 43788 | G87: ARDT | W87: Retrofit as per Saad email | X87: =A87&"_"&B87 -> 2019-ARDT-071_13206950
A88: 2019-ARDT-072 | B88: 13064094 | C88: 8.375 | D88: FMH3655ZZ | E88: 1061407 | F88: 43788 | G88: ARDT | W88: Retrofit as per Saad email | X88: =A88&"_"&B88 -> 2019-ARDT-072_13064094
A89: 2019-ARDT-073 | B89: 13291104 | C89: 5.875 | D89: MM64DH | E89: 1033497 | F89: 43790 | G89: ARDT | W89: EDL grinding as per Saad email. | X89: =A89&"_"&B89 -> 2019-ARDT-073_13291104
A90: 2019-ARDT-074 | B90: 13224445 | C90: 8.375 | D90: FMH3655ZZ | E90: 882281 | F90: 43790 | G90: ARDT | W90: EDL grinding as per Saad email. | X90: =A90&"_"&B90 -> 2019-ARDT-074_13224445
A91: 2019-ARDT-075 | B91: 13304971 | C91: 5.875 | D91: MM64DH | E91: 1033497 | F91: 43788 | G91: ARDT | W91: EDL GRINDING AS PER SAAD EMAIL | X91: =A91&"_"&B91 -> 2019-ARDT-075_13304971
A92: 2019-ARDT-076 | B92: 13334761 | C92: 8.375 | D92: SF65H | E92: 990053 | F92: 43796 | G92: ARDT | W92: Nozzle bore between blade#1 & blade#6 has a thread damage. | X92: =A92&"_"&B92 -> 2019-ARDT-076_13334761
A93: 2019-ARDT-077 | B93: 13207258 | C93: 8.5 | D93: FMH3651Z | E93: 1079481 | F93: 43801 | G93: ARDT | W93: EDL grinding as per Osama email. | X93: =A93&"_"&B93 -> 2019-ARDT-077_13207258
A94: 2019-ARDT-078 | B94: 13304983 | C94: 12 | D94: FMH3863Z | E94: 1005462 | F94: 43802 | G94: ARDT | W94: EDL grinding as per Saad email. | X94: =A94&"_"&B94 -> 2019-ARDT-078_13304983
A95: 2019-ARDT-079 | B95: 13383213 | C95: 16 | D95: MMD85DH | E95: 1058252 | F95: 43810 | G95: ARDT | W95: EDL grind as per Elham email | X95: =A95&"_"&B95 -> 2019-ARDT-079_13383213
... A99: 2019-ARDT-083 | B99: 13334645 | C99: 8.375 | D99: GT65DH-1 | E99: 1092981 | F99: 43829 | G99: ARDT | W99: EDL grind as of attached email instruction | X99: =A99&"_"&B99 -> 2019-ARDT-083_13334645
A100: 2019-ARDT-084 | B100: 12887719 | C100: 6.125 | D100: MMD64H | E100: 1002869M | F100: 43830 | G100: ARDT | W100: Repair | X100: =A100&"_"&B100 -> 2019-ARDT-084_12887719
A101: 2020-ARDT-01 | B101: 13187241 | C101: 8.5 | D101: FMH3651Z | E101: 1079481 | F101: 43831 | G101: ARDT | W101: Gauge pad grinding as per Zaid Al Ali email. | X101: =A101&"_"&B101 -> 2020-ARDT-01_13187241
A102: 2020-ARDT-02 | B102: 13293027 | C102: 8.5 | D102: MMD65H | E102: 1079481 | F102: 43831 | G102: ARDT | W102: EDL grind as of attached email instruction | X102: =A102&"_"&B102 -> 2020-ARDT-02_13293027
A103: 2020-ARDT-003 | B103: 13339173 | C103: 8.375 | D103: GTD85DKH | E103: 1111547 | F103: 43836 | G103: ARDT | W103: EDL grind as per Saad email. | X103: =A103&"_"&B103 -> 2020-ARDT-003_13339173
A104: 2020-ARDT-004 | B104: 13383224 | C104: 8.375 | D104: GT75DH | E104: 1056029 | F104: 43836 | G104: ARDT | W104: EDL grind as per Saad email. | X104: =A104&"_"&B104 -> 2020-ARDT-004_13383224
A105: 2020-ARDT-005 | B105: 13276980 | C105: 8.375 | D105: GT94D | E105: 1096149 | F105: 43850 | G105: ARDT | W105: EDL grind as in attached email instruction | X105: =A105&"_"&B105 -> 2020-ARDT-005_13276980
A106: 2020-ARDT-006 | B106: 13276979 | C106: 8.375 | D106: GT94D | E106: 1096149 | F106: 43850 | G106: ARDT | W106: EDL grind as in attached email instruction | X106: =A106&"_"&B106 -> 2020-ARDT-006_13276979
A107: 2020-ARDT-07 | B107: 13295581 | C107: 8.375 | D107: GT65DH-1 | E107: 1083564 | F107: 43853 | G107: ARDT | W107: Cutter change and EDL grind as per Saad email. | X107: =A107&"_"&B107 -> 2020-ARDT-07_13295581
A108: 2020-ARDT-08 | B108: 13340080 | C108: 8.375 | D108: GT75DH | E108: 1056029 | F108: 43860 | G108: ARDT | W108: EDL grind as per Mahdi Albuwadi | X108: =A108&"_"&B108 -> 2020-ARDT-08_13340080
...

Sheet WFD
A1: ORDER NO. | B1: SERIAL NO | C1: SIZE | D1: TYPE | E1: MAT NO. | F1: RECIVED | G1: FROM | H1: Origional MAT Level | I1: NEW TYPE | J1: STATUS | K1: FINAL | L1: Upper Section Replacement | M1: Build up | N1: Brazer | O1: Spinner | P1: Tip Grinding by | Q1: QC | R1: Thread Cleaning / Machining | S1: Body Cleaning / Machining | T1: Erosion sleeve | U1: Rework | V1: ACCOMPLISHED DATE | W1: REMARKS | X1: Job Name | Y1: Issues report | Z1: PDC Production Days | AA1: Lost Cutter | AB1: ITEM NUMBER | AC1: MJ # | AD1: Production Order Number | AE1: TRANSFER ORDER | AF1: Quotation | AG1: RAF
A2: 2023-WFD-1001 | B2: 13824396 | C2: 3 7/8" | D2: SF53 | E2: 1224225M | F2: 45060 | G2: WFD | V2: 45048 | Z2: =IF(AND(ISBLANK(F2), ISBLANK(V2)), "", NETWORKDAYS.INTL(F2, IF(V2="", TODAY(), V2), "0000110", DATA!$B$2:$B$200)) -> -9
A3: 2023-WFD-1002 | B3: 13824396R1 | C3: 3 7/8" | D3: SF53 | E3: 1224225M | F3: 45110 | G3: WFD | V3: 45119 | Z3: =IF(AND(ISBLANK(F3), ISBLANK(V3)), "", NETWORKDAYS.INTL(F3, IF(V3="", TODAY(), V3), "0000110", DATA!$B$2:$B$200)) -> 8
A4: 2023-WFD-1003 | B4: 13955536 | C4: 3 7/8" | D4: SF53 | E4: 1252149 | F4: 45110 | G4: WFD | V4: 45119 | Z4: =IF(AND(ISBLANK(F4), ISBLANK(V4)), "", NETWORKDAYS.INTL(F4, IF(V4="", TODAY(), V4), "0000110", DATA!$B$2:$B$200)) -> 8
A5: 2023-WFD-1004 | B5: 13970758 | C5: 3.875 | D5: SF53 | E5: 1252149 | F5: 45120 | G5: WFD | V5: 45130 | Z5: =IF(AND(ISBLANK(F5), ISBLANK(V5)), "", NETWORKDAYS.INTL(F5, IF(V5="", TODAY(), V5), "0000110", DATA!$B$2:$B$200)) -> 7
A6: 2023-WFD-1005 | B6: 13955536R1 | C6: 3 7/8" | D6: SF53 | E6: 1252149 | F6: 45169 | G6: WFD | V6: 45173 | Z6: =IF(AND(ISBLANK(F6), ISBLANK(V6)), "", NETWORKDAYS.INTL(F6, IF(V6="", TODAY(), V6), "0000110", DATA!$B$2:$B$200)) -> 3
A7: 2023-WFD-1006 | B7: 13824396R2 | C7: 3 7/8" | D7: SF53 | E7: 1224225M | F7: 45176 | G7: WFD | V7: 45181 | Z7: =IF(AND(ISBLANK(F7), ISBLANK(V7)), "", NETWORKDAYS.INTL(F7, IF(V7="", TODAY(), V7), "0000110", DATA!$B$2:$B$200)) -> 4
A8: 2023-WFD-1007 | B8: 13970758R1 | C8: 3 7/8" | D8: SF53 | E8: 1252149 | F8: 45183 | G8: WFD | V8: 45189 | Z8: =IF(AND(ISBLANK(F8), ISBLANK(V8)), "", NETWORKDAYS.INTL(F8, IF(V8="", TODAY(), V8), "0000110", DATA!$B$2:$B$200)) -> 5
A9: 2023-WFD-1008 | B9: 13955536R1 | C9: 3 7/8" | D9: SF53 | E9: 1252149 | F9: 45187 | G9: WFD | V9: 45189 | Z9: =IF(AND(ISBLANK(F9), ISBLANK(V9)), "", NETWORKDAYS.INTL(F9, IF(V9="", TODAY(), V9), "0000110", DATA!$B$2:$B$200)) -> 3
A10: 2023-WFD-1009 | B10: 13824396R3 | C10: 3 7/8" | D10: SF53 | E10: 1224225M | F10: 45214 | G10: WFD | V10: 45224 | Z10: =IF(AND(ISBLANK(F10), ISBLANK(V10)), "", NETWORKDAYS.INTL(F10, IF(V10="", TODAY(), V10), "0000110", DATA!$B$2:$B$200)) -> 9
A11: 2023-WFD-1010 | B11: 13970758R2 | C11: 3 7/8" | D11: SF53 | E11: 1252149 | F11: 45222 | G11: WFD | V11: 45228 | Z11: =IF(AND(ISBLANK(F11), ISBLANK(V11)), "", NETWORKDAYS.INTL(F11, IF(V11="", TODAY(), V11), "0000110", DATA!$B$2:$B$200)) -> 5
A12: 2023-WFD-1011 | B12: 13824396R4 | C12: 3 7/8" | D12: SF53 | E12: 1224225M | F12: 45258 | G12: WFD | V12: 45288 | X12: =A12&"-"&B12 -> 2023-WFD-1011-13824396R4 | Z12: =IF(AND(ISBLANK(F12), ISBLANK(V12)), "", NETWORKDAYS.INTL(F12, IF(V12="", TODAY(), V12), "0000110", DATA!$B$2:$B$200)) -> 23
A13: 2023-WFD-1012 | B13: 13955536R2 | C13: 3 7/8" | D13: SF53 | E13: 1252149 | F13: 45291 | G13: WFD | V13: 45295 | X13: =A13&"-"&B13 -> 2023-WFD-1012-13955536R2 | Z13: =IF(AND(ISBLANK(F13), ISBLANK(V13)), "", NETWORKDAYS.INTL(F13, IF(V13="", TODAY(), V13), "0000110", DATA!$B$2:$B$200)) -> 5
A14: 2024-WFD-1001 | B14: 13970758R3 | C14: 3 7/8" | D14: SF53 | E14: 1252149 | F14: 45301 | G14: WFD | V14: 45313 | X14: =A14&"-"&B14 -> 2024-WFD-1001-13970758R3 | Z14: =IF(AND(ISBLANK(F14), ISBLANK(V14)), "", NETWORKDAYS.INTL(F14, IF(V14="", TODAY(), V14), "0000110", DATA!$B$2:$B$200)) -> 9
A15: 2024-WFD-1002 | B15: 13824396R5 | C15: 3 7/8" | D15: SF53 | E15: 1224225M | F15: 45306 | G15: WFD | V15: 45313 | X15: =A15&"-"&B15 -> 2024-WFD-1002-13824396R5 | Z15: =IF(AND(ISBLANK(F15), ISBLANK(V15)), "", NETWORKDAYS.INTL(F15, IF(V15="", TODAY(), V15), "0000110", DATA!$B$2:$B$200)) -> 6
A16: 2024-WFD-1003 | B16: 13955536R3 | C16: 3 7/8" | D16: SF53 | E16: 1252149 | F16: 45326 | G16: WFD | V16: 45328 | X16: =A16&"-"&B16 -> 2024-WFD-1003-13955536R3 | Z16: =IF(AND(ISBLANK(F16), ISBLANK(V16)), "", NETWORKDAYS.INTL(F16, IF(V16="", TODAY(), V16), "0000110", DATA!$B$2:$B$200)) -> 3
A17: 2024-WFD-1004 | B17: 13824396R6 | C17: 3 7/8" | D17: SF53 | E17: 1252149 | F17: 45335 | G17: WFD | V17: 45337 | W17: MAT Changed from 1224225M | X17: =A17&"-"&B17 -> 2024-WFD-1004-13824396R6 | Z17: =IF(AND(ISBLANK(F17), ISBLANK(V17)), "", NETWORKDAYS.INTL(F17, IF(V17="", TODAY(), V17), "0000110", DATA!$B$2:$B$200)) -> 3
A18: 2024-WFD-1005 | B18: 13970758R4 | C18: 3 7/8" | D18: SF53 | E18: 1252149 | F18: 45348 | G18: WFD | V18: 45355 | X18: =A18&"-"&B18 -> 2024-WFD-1005-13970758R4 | Z18: =IF(AND(ISBLANK(F18), ISBLANK(V18)), "", NETWORKDAYS.INTL(F18, IF(V18="", TODAY(), V18), "0000110", DATA!$B$2:$B$200)) -> 6
A19: 2024-WFD-1006 | B19: 13824396R7 | C19: 3 7/8" | D19: SF53 | E19: 1252149 | F19: 45348 | G19: WFD | V19: 45354 | X19: =A19&"-"&B19 -> 2024-WFD-1006-13824396R7 | Z19: =IF(AND(ISBLANK(F19), ISBLANK(V19)), "", NETWORKDAYS.INTL(F19, IF(V19="", TODAY(), V19), "0000110", DATA!$B$2:$B$200)) -> 5
A20: 2024-WFD-1007 | B20: 13955536R4 | C20: 3 7/8" | D20: SF53 | E20: 1252149 | F20: 45386 | G20: WFD | V20: 45390 | X20: =A20&"-"&B20 -> 2024-WFD-1007-13955536R4 | Z20: =IF(AND(ISBLANK(F20), ISBLANK(V20)), "", NETWORKDAYS.INTL(F20, IF(V20="", TODAY(), V20), "0000110", DATA!$B$2:$B$200)) -> 3 | AD20: =B20 -> 13955536R4
A21: 2024-WFD-1008 | B21: 13970758R5 | C21: 3 7/8" | D21: SF53 | E21: 1252149 | F21: 45403 | G21: WFD | V21: 45421 | X21: =A21&"-"&B21 -> 2024-WFD-1008-13970758R5 | Z21: =IF(AND(ISBLANK(F21), ISBLANK(V21)), "", NETWORKDAYS.INTL(F21, IF(V21="", TODAY(), V21), "0000110", DATA!$B$2:$B$200)) -> 15 | AD21: =B21 -> 13970758R5
A22: 2024-WFD-1009 | B22: 13955536R5 | C22: 3 7/8" | D22: SF53 | E22: 1252149 | F22: 45406 | G22: WFD | V22: 45427 | X22: =A22&"-"&B22 -> 2024-WFD-1009-13955536R5 | Z22: =IF(AND(ISBLANK(F22), ISBLANK(V22)), "", NETWORKDAYS.INTL(F22, IF(V22="", TODAY(), V22), "0000110", DATA!$B$2:$B$200)) -> 16 | AD22: =B22 -> 13955536R5
A23: 2024-WFD-1010 | B23: 13824396R8 | C23: 3 7/8" | D23: SF53 | E23: 1252149 | F23: 45414 | G23: WFD | J23: Repair | K23: 5037 | V23: 45433 | X23: =A23&"-"&B23 -> 2024-WFD-1010-13824396R8 | Z23: =IF(AND(ISBLANK(F23), ISBLANK(V23)), "", NETWORKDAYS.INTL(F23, IF(V23="", TODAY(), V23), "0000110", DATA!$B$2:$B$200)) -> 14 | AD23: =B23 -> 13824396R8
A24: 2024-WFD-1011 | B24: 13970758R6 | C24: 3 7/8" | D24: SF53 | E24: 1252149 | F24: 45432 | G24: WFD | J24: Rerun | K24: 550 | V24: 45435 | X24: =A24&"-"&B24 -> 2024-WFD-1011-13970758R6 | Z24: =IF(AND(ISBLANK(F24), ISBLANK(V24)), "", NETWORKDAYS.INTL(F24, IF(V24="", TODAY(), V24), "0000110", DATA!$B$2:$B$200)) -> 4 | AD24: =B24 -> 13970758R6
A25: 2024-WFD-1012 | B25: 13955536R6 | C25: 3 7/8" | D25: SF53 | E25: 1252149 | F25: 45435 | G25: WFD | J25: Repair | K25: 4171 | V25: 45442 | X25: =A25&"-"&B25 -> 2024-WFD-1012-13955536R6 | Z25: =IF(AND(ISBLANK(F25), ISBLANK(V25)), "", NETWORKDAYS.INTL(F25, IF(V25="", TODAY(), V25), "0000110", DATA!$B$2:$B$200)) -> 6 | AD25: =B25 -> 13955536R6
A26: 2024-WFD-1013 | B26: 13824396R9 | C26: 3 7/8" | D26: SF53 | E26: 1252149 | F26: 45447 | G26: WFD | J26: Repair | K26: 4171 | V26: 45473 | X26: =A26&"-"&B26 -> 2024-WFD-1013-13824396R9 | Z26: =IF(AND(ISBLANK(F26), ISBLANK(V26)), "", NETWORKDAYS.INTL(F26, IF(V26="", TODAY(), V26), "0000110", DATA!$B$2:$B$200)) -> 15 | AD26: =B26 -> 13824396R9
A27: 2024-WFD-1014 | B27: 13955536R7 | C27: 3 7/8" | D27: SF53 | E27: 1252149 | F27: 45463 | G27: WFD | J27: Repair | K27: 4146 | V27: 45475 | X27: =A27&"-"&B27 -> 2024-WFD-1014-13955536R7 | Z27: =IF(AND(ISBLANK(F27), ISBLANK(V27)), "", NETWORKDAYS.INTL(F27, IF(V27="", TODAY(), V27), "0000110", DATA!$B$2:$B$200)) -> 9 | AD27: =B27 -> 13955536R7
A28: 2024-WFD-1015 | B28: 13970758R7 | C28: 3 7/8" | D28: SF53 | E28: 1252149 | F28: 45488 | G28: WFD | J28: Repair | K28: 4418 | V28: 45491 | X28: =A28&"-"&B28 -> 2024-WFD-1015-13970758R7 | Z28: =IF(AND(ISBLANK(F28), ISBLANK(V28)), "", NETWORKDAYS.INTL(F28, IF(V28="", TODAY(), V28), "0000110", DATA!$B$2:$B$200)) -> 4 | AD28: =B28 -> 13970758R7
A29: 2024-WFD-1016 | B29: 13955536R8 | C29: 3 7/8" | D29: SF53 | E29: 1252149 | F29: 45489 | G29: WFD | J29: Scrap | K29: 500 | V29: 45496 | X29: =A29&"-"&B29 -> 2024-WFD-1016-13955536R8 | Z29: =IF(AND(ISBLANK(F29), ISBLANK(V29)), "", NETWORKDAYS.INTL(F29, IF(V29="", TODAY(), V29), "0000110", DATA!$B$2:$B$200)) -> 6 | AD29: =B29 -> 13955536R8
A30: 2024-WFD-1017 | B30: 13970758R8 | C30: 3 7/8" | D30: SF53 | E30: 1252149 | F30: 45526 | G30: WFD | J30: Rerun | K30: 550 | V30: 45526 | X30: =A30&"-"&B30 -> 2024-WFD-1017-13970758R8 | Z30: =IF(AND(ISBLANK(F30), ISBLANK(V30)), "", NETWORKDAYS.INTL(F30, IF(V30="", TODAY(), V30), "0000110", DATA!$B$2:$B$200)) -> 1 | AD30: =B30 -> 13970758R8
A31: 2024-WFD-1018 | B31: 13824396R10 | C31: 3 7/8" | D31: SF53 | E31: 1252149 | F31: 45526 | G31: WFD | J31: Repair | K31: 4665 | V31: 45536 | X31: =A31&"-"&B31 -> 2024-WFD-1018-13824396R10 | Z31: =IF(AND(ISBLANK(F31), ISBLANK(V31)), "", NETWORKDAYS.INTL(F31, IF(V31="", TODAY(), V31), "0000110", DATA!$B$2:$B$200)) -> 7 | AD31: =B31 -> 13824396R10
A32: 2024-WFD-1019 | B32: 14211927 | C32: 3 7/8" | D32: SF53 | E32: 1252149 | F32: 45545 | G32: WFD | J32: Repair | K32: 5209 | V32: 45565 | X32: =A32&"-"&B32 -> 2024-WFD-1019-14211927 | Z32: =IF(AND(ISBLANK(F32), ISBLANK(V32)), "", NETWORKDAYS.INTL(F32, IF(V32="", TODAY(), V32), "0000110", DATA!$B$2:$B$200)) -> 15 | AD32: =B32 -> 14211927
A33: 2024-WFD-1020 | B33: 14012924 | C33: 3.875 | D33: SF53 | E33: 1252149 | F33: 45552 | G33: WFD | J33: Repair | K33: 4418 | V33: 45560 | X33: =A33&"-"&B33 -> 2024-WFD-1020-14012924 | Z33: =IF(AND(ISBLANK(F33), ISBLANK(V33)), "", NETWORKDAYS.INTL(F33, IF(V33="", TODAY(), V33), "0000110", DATA!$B$2:$B$200)) -> 7 | AD33: =B33 -> 14012924
A34: 2024-WFD-1021 | B34: 13824396R11 | C34: 3 7/8" | D34: SF53 | E34: 1252149 | F34: 45554 | G34: WFD | J34: Repair | K34: 5259 | V34: 45560 | X34: =A34&"-"&B34 -> 2024-WFD-1021-13824396R11 | Z34: =IF(AND(ISBLANK(F34), ISBLANK(V34)), "", NETWORKDAYS.INTL(F34, IF(V34="", TODAY(), V34), "0000110", DATA!$B$2:$B$200)) -> 5 | AD34: =B34 -> 13824396R11
A35: 2024-WFD-1022 | B35: 14211927R1 | C35: 3 7/8" | D35: SF53 | E35: 1252149 | F35: 45595 | G35: WFD | J35: Repair | K35: 4196 | V35: 45600 | X35: =A35&"-"&B35 -> 2024-WFD-1022-14211927R1 | Z35: =IF(AND(ISBLANK(F35), ISBLANK(V35)), "", NETWORKDAYS.INTL(F35, IF(V35="", TODAY(), V35), "0000110", DATA!$B$2:$B$200)) -> 4 | AD35: =B35 -> 14211927R1
A36: 2024-WFD-1023 | B36: 14247174 | C36: 3.875 | D36: SF53 | E36: 1252149 | F36: 45595 | G36: WFD | J36: Repair | K36: 5903 | V36: 45620 | X36: =A36&"-"&B36 -> 2024-WFD-1023-14247174 | Z36: =IF(AND(ISBLANK(F36), ISBLANK(V36)), "", NETWORKDAYS.INTL(F36, IF(V36="", TODAY(), V36), "0000110", DATA!$B$2:$B$200)) -> 18 | AD36: =B36 -> 14247174
A37: 2024-WFD-1024 | B37: 13970758R9 | C37: 3 7/8" | D37: SF53 | E37: 1252149 | F37: 45599 | G37: WFD | J37: Repair | K37: 6422 | V37: 45617 | X37: =A37&"-"&B37 -> 2024-WFD-1024-13970758R9 | Z37: =IF(AND(ISBLANK(F37), ISBLANK(V37)), "", NETWORKDAYS.INTL(F37, IF(V37="", TODAY(), V37), "0000110", DATA!$B$2:$B$200)) -> 15 | AD37: =B37 -> 13970758R9
A38: 2024-WFD-1025 | B38: 13824396R12 | C38: 3 7/8" | D38: SF53 | E38: 1252149 | F38: 45599 | G38: WFD | J38: Repair | K38: 5556 | V38: 45621 | X38: =A38&"-"&B38 -> 2024-WFD-1025-13824396R12 | Z38: =IF(AND(ISBLANK(F38), ISBLANK(V38)), "", NETWORKDAYS.INTL(F38, IF(V38="", TODAY(), V38), "0000110", DATA!$B$2:$B$200)) -> 17 | AD38: =B38 -> 13824396R12
A39: 2024-WFD-1026 | B39: 14012924R1 | C39: 3.875 | D39: SF53 | E39: 1252149 | F39: 45618 | G39: WFD | J39: Repair | K39: 4790 | V39: 45629 | X39: =A39&"-"&B39 -> 2024-WFD-1026-14012924R1 | Z39: =IF(AND(ISBLANK(F39), ISBLANK(V39)), "", NETWORKDAYS.INTL(F39, IF(V39="", TODAY(), V39), "0000110", DATA!$B$2:$B$200)) -> 8 | AD39: =B39 -> 14012924R1
A40: 2024-WFD-1027 | B40: 14211927R2 | C40: 3 7/8" | D40: SF53 | E40: 1252149 | F40: 45630 | G40: WFD | J40: Repair | K40: 5259 | V40: 45637 | X40: =A40&"-"&B40 -> 2024-WFD-1027-14211927R2 | Z40: =IF(AND(ISBLANK(F40), ISBLANK(V40)), "", NETWORKDAYS.INTL(F40, IF(V40="", TODAY(), V40), "0000110", DATA!$B$2:$B$200)) -> 6 | AD40: =B40 -> 14211927R2
A41: 2024-WFD-1028 | B41: 13970758R10 | C41: 3 7/8" | D41: SF53 | E41: 1252149 | F41: 45630 | G41: WFD | J41: Repair | K41: 5548 | V41: 45650 | X41: =A41&"-"&B41 -> 2024-WFD-1028-13970758R10 | Z41: =IF(AND(ISBLANK(F41), ISBLANK(V41)), "", NETWORKDAYS.INTL(F41, IF(V41="", TODAY(), V41), "0000110", DATA!$B$2:$B$200)) -> 15 | AD41: =B41 -> 13970758R10
A42: 2024-WFD-1029 | B42: 14247174R1 | C42: 3.875 | D42: SF53 | E42: 1252149 | F42: 45642 | G42: WFD | J42: Repair | K42: 5531 | V42: 45648 | X42: =A42&"-"&B42 -> 2024-WFD-1029-14247174R1 | Z42: =IF(AND(ISBLANK(F42), ISBLANK(V42)), "", NETWORKDAYS.INTL(F42, IF(V42="", TODAY(), V42), "0000110", DATA!$B$2:$B$200)) -> 5 | AD42: =B42 -> 14247174R1
A43: 2024-WFD-1030 | B43: 14012924R2 | C43: 3.875 | D43: SF53 | E43: 1252149 | F43: 45642 | G43: WFD | J43: Repair | K43: 5866 | V43: 45648 | X43: =A43&"-"&B43 -> 2024-WFD-1030-14012924R2 | Z43: =IF(AND(ISBLANK(F43), ISBLANK(V43)), "", NETWORKDAYS.INTL(F43, IF(V43="", TODAY(), V43), "0000110", DATA!$B$2:$B$200)) -> 5 | AD43: =B43 -> 14012924R2
A44: 2025-WFD-1001 | B44: 14012924R3 | C44: 3.875 | D44: SF53 | E44: 1252149 | F44: 45678 | G44: WFD | J44: Rerun | K44: 550 | N44: _ | O44: _ | V44: 45683 | X44: =A44&"-"&B44 -> 2025-WFD-1001-14012924R3 | Z44: =IF(AND(ISBLANK(F44), ISBLANK(V44)), "", NETWORKDAYS.INTL(F44, IF(V44="", TODAY(), V44), "0000110", DATA!$B$2:$B$200)) -> 4 | AD44: =B44 -> 14012924R3
A45: 2025-WFD-1002 | B45: 14247174R2 | C45: 3.875 | D45: SF53 | E45: 1252149 | F45: 45679 | G45: WFD | J45: Repair | K45: 4740 | N45: Mohana | O45: Showaiki | V45: 45694 | X45: =A45&"-"&B45 -> 2025-WFD-1002-14247174R2 | Z45: =IF(AND(ISBLANK(F45), ISBLANK(V45)), "", NETWORKDAYS.INTL(F45, IF(V45="", TODAY(), V45), "0000110", DATA!$B$2:$B$200)) -> 12 | AD45: =B45 -> 14247174R2
A46: 2025-WFD-1003 | B46: 14211927R3 | C46: 3 7/8" | D46: SF53 | E46: 1252149 | F46: 45691 | G46: WFD | J46: Repair | K46: 4393 | N46: Mohana | O46: Showaiki | V46: 45697 | X46: =A46&"-"&B46 -> 2025-WFD-1003-14211927R3 | Z46: =IF(AND(ISBLANK(F46), ISBLANK(V46)), "", NETWORKDAYS.INTL(F46, IF(V46="", TODAY(), V46), "0000110", DATA!$B$2:$B$200)) -> 5 | AD46: =B46 -> 14211927R3
A47: 2025-WFD-1004 | B47: 13970758R11 | C47: 3 7/8" | D47: SF53 | E47: 1252149 | F47: 45706 | G47: WFD | J47: Repair | K47: 5359 | N47: Mohana | O47: Showaiki | V47: 45709 | X47: =A47&"-"&B47 -> 2025-WFD-1004-13970758R11 | Z47: =IF(AND(ISBLANK(F47), ISBLANK(V47)), "", NETWORKDAYS.INTL(F47, IF(V47="", TODAY(), V47), "0000110", DATA!$B$2:$B$200)) -> 3 | AD47: =B47 -> 13970758R11
A48: 2025-WFD-1005 | B48: 14012924R4 | C48: 3.875 | D48: SF53 | E48: 1252149 | F48: 45712 | G48: WFD | J48: Repair | K48: 5234 | N48: Mohana | O48: Showaiki | U48: PR-2025-024 | V48: 45712 | X48: =A48&"-"&B48 -> 2025-WFD-1005-14012924R4 | Z48: =IF(AND(ISBLANK(F48), ISBLANK(V48)), "", NETWORKDAYS.INTL(F48, IF(V48="", TODAY(), V48), "0000110", DATA!$B$2:$B$200)) -> 1 | AD48: =B48 -> 14012924R4
A49: 2025-WFD-1006 | B49: 13970758R12 | C49: 3 7/8" | D49: SF53 | E49: 1252149 | F49: 45721 | G49: WFD | J49: Repair | K49: 5012 | N49: Mohana | O49: Showaiki | V49: 45726 | X49: =A49&"-"&B49 -> 2025-WFD-1006-13970758R12 | Z49: =IF(AND(ISBLANK(F49), ISBLANK(V49)), "", NETWORKDAYS.INTL(F49, IF(V49="", TODAY(), V49), "0000110", DATA!$B$2:$B$200)) -> 4 | AD49: =B49 -> 13970758R12
A50: 2025-WFD-1007 | B50: 14211927R4 | C50: 3 7/8" | D50: SF53 | E50: 1252149 | F50: 45725 | G50: WFD | J50: Repair | K50: 6297 | N50: Mohana | O50: Showaiki | U50: PR-2025-028 | V50: 45753 | X50: =A50&"-"&B50 -> 2025-WFD-1007-14211927R4 | Z50: =IF(AND(ISBLANK(F50), ISBLANK(V50)), "", NETWORKDAYS.INTL(F50, IF(V50="", TODAY(), V50), "0000110", DATA!$B$2:$B$200)) -> 17 | AD50: =B50 -> 14211927R4
A51: 2025-WFD-1008 | B51: 14247174R3 | C51: 3.875 | D51: SF53 | E51: 1252149 | F51: 45726 | G51: WFD | J51: Repair | K51: 5209 | N51: Mohana | O51: Showaiki | U51: PR-2025-029 | V51: 45734 | X51: =A51&"-"&B51 -> 2025-WFD-1008-14247174R3 | Z51: =IF(AND(ISBLANK(F51), ISBLANK(V51)), "", NETWORKDAYS.INTL(F51, IF(V51="", TODAY(), V51), "0000110", DATA!$B$2:$B$200)) -> 7 | AD51: =B51 -> 14247174R3
A52: 2025-WFD-1009 | B52: 13824396R13 | C52: 3 7/8" | D52: SF53 | E52: 1252149 | F52: 45732 | G52: WFD | J52: Scrap | K52: 500 | N52: _ | O52: _ | V52: 45733 | X52: =A52&"-"&B52 -> 2025-WFD-1009-13824396R13 | Z52: =IF(AND(ISBLANK(F52), ISBLANK(V52)), "", NETWORKDAYS.INTL(F52, IF(V52="", TODAY(), V52), "0000110", DATA!$B$2:$B$200)) -> 2 | AD52: =B52 -> 13824396R13
A53: 2025-WFD-1010 | B53: 14012924R5 | C53: 3.875 | D53: SF53 | E53: 1252149 | F53: 45761 | G53: WFD | J53: Repair | N53: Mohana | O53: Showaiki | P53: no | Q53: Yakoob | S53: Haithem | V53: 45763 | X53: =A53&"-"&B53 -> 2025-WFD-1010-14012924R5 | Z53: =IF(AND(ISBLANK(F53), ISBLANK(V53)), "", NETWORKDAYS.INTL(F53, IF(V53="", TODAY(), V53), "0000110", DATA!$B$2:$B$200)) -> 3 | AD53: =B53 -> 14012924R5
A54: 2025-WFD-1011 | B54: 14247174R4 | C54: 3.875 | D54: SF53 | E54: 1252149 | F54: 45767 | G54: WFD | J54: Repair | N54: Wasmi | O54: Mohana | V54: 45769 | X54: =A54&"-"&B54 -> 2025-WFD-1011-14247174R4 | Z54: =IF(AND(ISBLANK(F54), ISBLANK(V54)), "", NETWORKDAYS.INTL(F54, IF(V54="", TODAY(), V54), "0000110", DATA!$B$2:$B$200)) -> 3 | AD54: =B54 -> 14247174R4
A55: 2025-WFD-1012 | B55: 14211927R5 | C55: 3 7/8" | D55: SF53 | E55: 1252149 | F55: 45767 | G55: WFD | J55: Repair | N55: Mohana | O55: Showaiki | V55: 45769 | X55: =A55&"-"&B55 -> 2025-WFD-1012-14211927R5 | Z55: =IF(AND(ISBLANK(F55), ISBLANK(V55)), "", NETWORKDAYS.INTL(F55, IF(V55="", TODAY(), V55), "0000110", DATA!$B$2:$B$200)) -> 3 | AD55: =B55 -> 14211927R5
A56: 2025-WFD-1013 | B56: 14304768 | C56: 3.875 | D56: SF53 | E56: 1252149 | F56: 45767 | G56: WFD | J56: Repair | N56: Wasmi | O56: Mohana | V56: 45769 | X56: =A56&"-"&B56 -> 2025-WFD-1013-14304768 | Z56: =IF(AND(ISBLANK(F56), ISBLANK(V56)), "", NETWORKDAYS.INTL(F56, IF(V56="", TODAY(), V56), "0000110", DATA!$B$2:$B$200)) -> 3 | AD56: =B56 -> 14304768
A57: 2025-WFD-1014 | B57: 14012924R6 | C57: 3.875 | D57: SF53 | E57: 1252149 | F57: 45803 | G57: WFD | J57: Repair | N57: Mohana | O57: Showaiki | V57: 45816 | X57: =A57&"-"&B57 -> 2025-WFD-1014-14012924R6 | Z57: =IF(AND(ISBLANK(F57), ISBLANK(V57)), "", NETWORKDAYS.INTL(F57, IF(V57="", TODAY(), V57), "0000110", DATA!$B$2:$B$200)) -> 8 | AD57: =B57 -> 14012924R6
A58: 2025-WFD-1015 | B58: 14304768R1 | C58: 3.875 | D58: SF53 | E58: 1252149 | F58: 45819 | G58: WFD | J58: Repair | N58: Mohana | O58: Showaiki | V58: 45824 | X58: =A58&"-"&B58 -> 2025-WFD-1015-14304768R1 | Z58: =IF(AND(ISBLANK(F58), ISBLANK(V58)), "", NETWORKDAYS.INTL(F58, IF(V58="", TODAY(), V58), "0000110", DATA!$B$2:$B$200)) -> 4
A59: 2025-WFD-1016 | B59: 13970758R13 | C59: 3 7/8" | D59: SF53 | E59: 1252149 | F59: 45820 | G59: WFD | J59: Repair | N59: Mohana | O59: Showaiki | V59: 45824 | X59: =A59&"-"&B59 -> 2025-WFD-1016-13970758R13 | Z59: =IF(AND(ISBLANK(F59), ISBLANK(V59)), "", NETWORKDAYS.INTL(F59, IF(V59="", TODAY(), V59), "0000110", DATA!$B$2:$B$200)) -> 3
A60: 2025-WFD-1017 | B60: 14247174R5 | C60: 3.875 | D60: SF53 | E60: 1252149 | F60: 45823 | G60: WFD | J60: Repair | N60: Mohana | O60: Showaiki | V60: 45839 | W60: Delay Due to Sand blasting machine, was on maintenance. | X60: =A60&"-"&B60 -> 2025-WFD-1017-14247174R5 | Z60: =IF(AND(ISBLANK(F60), ISBLANK(V60)), "", NETWORKDAYS.INTL(F60, IF(V60="", TODAY(), V60), "0000110", DATA!$B$2:$B$200)) -> 13
A61: 2025-WFD-1018 | B61: 14012924R7 | C61: 3.875 | D61: SF53 | E61: 1252149 | F61: 45845 | G61: WFD | J61: Repair | N61: Mohana | O61: Showaiki | V61: 45855 | X61: =A61&"-"&B61 -> 2025-WFD-1018-14012924R7 | Z61: =IF(AND(ISBLANK(F61), ISBLANK(V61)), "", NETWORKDAYS.INTL(F61, IF(V61="", TODAY(), V61), "0000110", DATA!$B$2:$B$200)) -> 9
A62: 2025-WFD-1019 | B62: 13710809 | C62: 16'' | D62: SFD75DH | E62: 1107565M | F62: 45851 | G62: WFD | J62: Repair | N62: Showaiki | O62: Mohana | V62: 45863 | X62: =A62&"-"&B62 -> 2025-WFD-1019-13710809 | Z62: =IF(AND(ISBLANK(F62), ISBLANK(V62)), "", NETWORKDAYS.INTL(F62, IF(V62="", TODAY(), V62), "0000110", DATA!$B$2:$B$200)) -> 10
A63: 2025-WFD-1020 | B63: 14304768R2 | C63: 3.875 | D63: SF53 | E63: 1252149 | F63: 45852 | G63: WFD | J63: Repair | N63: Mohana | O63: Showaiki | V63: 45867 | X63: =A63&"-"&B63 -> 2025-WFD-1020-14304768R2 | Z63: =IF(AND(ISBLANK(F63), ISBLANK(V63)), "", NETWORKDAYS.INTL(F63, IF(V63="", TODAY(), V63), "0000110", DATA!$B$2:$B$200)) -> 12
A64: 2025-WFD-1021 | B64: 14211927R6 | C64: 3 7/8" | D64: SF53 | E64: 1252149 | F64: 45853 | G64: WFD | J64: Repair | N64: Wasmi | O64: Mohana | V64: 45872 | X64: 2025-WFD-1022-13999836 | Z64: =IF(AND(ISBLANK(F64), ISBLANK(V64)), "", NETWORKDAYS.INTL(F64, IF(V64="", TODAY(), V64), "0000110", DATA!$B$2:$B$200)) -> 14
A65: 2025-WFD-1022 | B65: 13999836 | C65: 16 | D65: HD75Fs | E65: 1241180 | F65: 45854 | G65: WFD | J65: Repair | N65: Wasmi | O65: Mohana | V65: 45858 | X65: 2025-WFD-1022-13999837 | Z65: =IF(AND(ISBLANK(F65), ISBLANK(V65)), "", NETWORKDAYS.INTL(F65, IF(V65="", TODAY(), V65), "0000110", DATA!$B$2:$B$200)) -> 3
A66: 2025-WFD-1023 | B66: 14210789 | C66: 12 | D66: GTD55WKH | E66: 1269308 | F66: 45855 | G66: WFD | J66: Repair | N66: Showaiki | O66: Mohana | V66: 45870 | W66: Hold due to quality issue | X66: =A66&"-"&B66 -> 2025-WFD-1023-14210789 | Z66: =IF(AND(ISBLANK(F66), ISBLANK(V66)), "", NETWORKDAYS.INTL(F66, IF(V66="", TODAY(), V66), "0000110", DATA!$B$2:$B$200)) -> 11
A67: 2025-WFD-1024 | B67: 14210787 | C67: 12 | D67: GTD55WKH | E67: 1269308 | F67: 45862 | G67: WFD | J67: Repair | N67: Showaiki | O67: Mohana | V67: 45870 | W67: Rework | X67: =A67&"-"&B67 -> 2025-WFD-1024-14210787 | Z67: =IF(AND(ISBLANK(F67), ISBLANK(V67)), "", NETWORKDAYS.INTL(F67, IF(V67="", TODAY(), V67), "0000110", DATA!$B$2:$B$200)) -> 6
A68: 2025-WFD-1025 | B68: 13999836R1 | C68: 16 | D68: HD75Fs | E68: 1241180 | F68: 45865 | G68: WFD | J68: Hold | X68: =A68&"-"&B68 -> 2025-WFD-1025-13999836R1 | Z68: =IF(AND(ISBLANK(F68), ISBLANK(V68)), "", NETWORKDAYS.INTL(F68, IF(V68="", TODAY(), V68), "0000110", DATA!$B$2:$B$200)) -> 133
A69: 2025-WFD-1026 | B69: 13970758R14 | C69: 3 7/8" | D69: SF53 | E69: 1252149 | F69: 45868 | G69: WFD | J69: Scrap | X69: =A69&"-"&B69 -> 2025-WFD-1026-13970758R14 | Z69: =IF(AND(ISBLANK(F69), ISBLANK(V69)), "", NETWORKDAYS.INTL(F69, IF(V69="", TODAY(), V69), "0000110", DATA!$B$2:$B$200)) -> 130
A70: 2025-WFD-1027 | B70: 14204326 | C70: 12 | D70: GTD55WKH | E70: 1290130M | F70: 45871 | G70: WFD | J70: Scrap | X70: =A70&"-"&B70 -> 2025-WFD-1027-14204326 | Z70: =IF(AND(ISBLANK(F70), ISBLANK(V70)), "", NETWORKDAYS.INTL(F70, IF(V70="", TODAY(), V70), "0000110", DATA!$B$2:$B$200)) -> 128
A71: 2025-WFD-1028 | B71: 14210787R1 | C71: 12 | D71: GTD55WKH | E71: 1269308 | F71: 45882 | G71: WFD | J71: Scrap | X71: =A71&"-"&B71 -> 2025-WFD-1028-14210787R1 | Z71: =IF(AND(ISBLANK(F71), ISBLANK(V71)), "", NETWORKDAYS.INTL(F71, IF(V71="", TODAY(), V71), "0000110", DATA!$B$2:$B$200)) -> 120
A72: 2025-WFD-1029 | B72: 14210789R1 | C72: 12 | D72: GTD55WKH | E72: 1269308 | F72: 45886 | G72: WFD | J72: Scrap | N72: Khaled | O72: Ibrahim | V72: 46007 | X72: =A72&"-"&B72 -> 2025-WFD-1029-14210789R1 | Z72: =IF(AND(ISBLANK(F72), ISBLANK(V72)), "", NETWORKDAYS.INTL(F72, IF(V72="", TODAY(), V72), "0000110", DATA!$B$2:$B$200)) -> 86
A73: 2025-WFD-1030 | B73: 14304768R3 | C73: 3.875 | D73: SF53 | E73: 1252149 | F73: 45852 | G73: WFD | J73: Repair | V73: 45890 | X73: =A73&"-"&B73 -> 2025-WFD-1030-14304768R3 | Z73: =IF(AND(ISBLANK(F73), ISBLANK(V73)), "", NETWORKDAYS.INTL(F73, IF(V73="", TODAY(), V73), "0000110", DATA!$B$2:$B$200)) -> 29
A74: 2025-WFD-1031 | B74: 14161999 | C74: 12 | D74: GTD55WKH | E74: 1269308 | F74: 45893 | G74: WFD | J74: Scrap | X74: =A74&"-"&B74 -> 2025-WFD-1031-14161999 | Z74: =IF(AND(ISBLANK(F74), ISBLANK(V74)), "", NETWORKDAYS.INTL(F74, IF(V74="", TODAY(), V74), "0000110", DATA!$B$2:$B$200)) -> 113
A75: 2025-WFD-1032 | B75: 14247174R6 | C75: 3.875 | D75: SF53 | E75: 1252149 | F75: 45894 | G75: WFD | J75: Repair | N75: Mohana | O75: Showaiki | V75: 45900 | X75: =A75&"-"&B75 -> 2025-WFD-1032-14247174R6 | Z75: =IF(AND(ISBLANK(F75), ISBLANK(V75)), "", NETWORKDAYS.INTL(F75, IF(V75="", TODAY(), V75), "0000110", DATA!$B$2:$B$200)) -> 5
A76: 2025-WFD-1033 | B76: 14210785 | C76: 12 | D76: GTD55WKH | E76: 1269308M1 | F76: 45896 | G76: WFD | J76: Repair | N76: Showaiki | O76: Mohana | V76: 45917 | X76: =A76&"-"&B76 -> 2025-WFD-1033-14210785 | Z76: =IF(AND(ISBLANK(F76), ISBLANK(V76)), "", NETWORKDAYS.INTL(F76, IF(V76="", TODAY(), V76), "0000110", DATA!$B$2:$B$200)) -> 16
A77: 2025-WFD-1034 | B77: 14178473 | C77: 12 | D77: GTD55WKH | E77: 1269308 | F77: 45896 | G77: WFD | J77: Scrap | X77: =A77&"-"&B77 -> 2025-WFD-1034-14178473 | Z77: =IF(AND(ISBLANK(F77), ISBLANK(V77)), "", NETWORKDAYS.INTL(F77, IF(V77="", TODAY(), V77), "0000110", DATA!$B$2:$B$200)) -> 110
A78: 2025-WFD-1035 | B78: 14162004 | C78: 12 | D78: GTD55WKH | E78: 1269308 | F78: 45900 | G78: WFD | J78: Scrap | X78: =A78&"-"&B78 -> 2025-WFD-1035-14162004 | Z78: =IF(AND(ISBLANK(F78), ISBLANK(V78)), "", NETWORKDAYS.INTL(F78, IF(V78="", TODAY(), V78), "0000110", DATA!$B$2:$B$200)) -> 108
A79: 2025-WFD-1036 | B79: 14210786 | C79: 12 | D79: GTD55WKH | E79: 1269308 | F79: 45900 | G79: WFD | J79: Repair | N79: Showaiki | O79: Mohana | V79: 45926 | X79: =A79&"-"&B79 -> 2025-WFD-1036-14210786 | Z79: =IF(AND(ISBLANK(F79), ISBLANK(V79)), "", NETWORKDAYS.INTL(F79, IF(V79="", TODAY(), V79), "0000110", DATA!$B$2:$B$200)) -> 19
A80: 2025-WFD-1037 | B80: 14211927R7 | C80: 3 7/8" | D80: SF53 | E80: 1252149 | F80: 45853 | G80: WFD | J80: Repair | N80: Mohana | O80: Showaiki | V80: 45915 | X80: =A80&"-"&B80 -> 2025-WFD-1037-14211927R7 | Z80: =IF(AND(ISBLANK(F80), ISBLANK(V80)), "", NETWORKDAYS.INTL(F80, IF(V80="", TODAY(), V80), "0000110", DATA!$B$2:$B$200)) -> 45
A81: 2025-WFD-1038 | B81: 14304768R4 | C81: 3.875 | D81: SF53 | E81: 1252149 | F81: 45909 | G81: WFD | J81: Repair | N81: Mohana | O81: Showaiki | V81: 45915 | X81: =A81&"-"&B81 -> 2025-WFD-1038-14304768R4 | Z81: =IF(AND(ISBLANK(F81), ISBLANK(V81)), "", NETWORKDAYS.INTL(F81, IF(V81="", TODAY(), V81), "0000110", DATA!$B$2:$B$200)) -> 5
