Workbook

Sheet Cutters Inventory 12-30-2025
A1: # | B1: MN | C1: Product name | D1: Cutter | E1: Size | F1: Chamfer | G1: Family | H1: ENO As New Cutter | I1: ENO Ground Cutter | J1: ARDT Reclaim Cutter | K1: LSTK Reclaim Cutter | L1: New Stock | M1: Total New | N1: 6 months consumption | O1: 3 months consumption | P1: 2 months consumption | Q1: Safety Stock | R1: Category | S1: BOM requirement (12/30/2025) | T1: On Order (12/22/2025) | U1: Total Stock - Forcast | V1: Remarks | W1: Replacement | Y1: L3 & 4 | AB1: =IF(SUM(AB2:AB91)<>0,"THERE IS ERROR","ITS OKAY") -> ITS OKAY | AD1: Total Without LSTK Reclaim | AI1: Replacement Required Qty | AJ1: Replacement By Qty | AK1: Replacement By Qty (SUM)
A2: 1 | B2: 802065 | C2: 1313 CT97 10C | D2: CT97 | E2: 1313 | F2: 10C | G2: P - Premium | H2: =SUMIFS('Cutters Consumption Updates'!$F:$F,'Cutters Consumption Updates'!$D:$D,H$1,'Cutters Consumption Updates'!$B:$B,$B2)-SUMIFS('Cutters Consumption Updates'!$E:$E,'Cutters Consumption Updates'!$D:$D,H$1,'Cutters Consumption Updates'!$B:$B,$B2)+ SUMIF('Cutters Consumption Updates'!$AS:$AS,$B2,'Cutters Consumption Updates'!AT:AT) -> 0 | I2: =SUMIFS('Cutters Consumption Updates'!$F:$F,'Cutters Consumption Updates'!$D:$D,I$1,'Cutters Consumption Updates'!$B:$B,$B2)-SUMIFS('Cutters Consumption Updates'!$E:$E,'Cutters Consumption Updates'!$D:$D,I$1,'Cutters Consumption Updates'!$B:$B,$B2)+ SUMIF('Cutters Consumption Updates'!$AS:$AS,$B2,'Cutters Consumption Updates'!AU:AU) -> 0 | J2: =SUMIFS('Cutters Consumption Updates'!$F:$F,'Cutters Consumption Updates'!$D:$D,J$1,'Cutters Consumption Updates'!$B:$B,$B2)-SUMIFS('Cutters Consumption Updates'!$E:$E,'Cutters Consumption Updates'!$D:$D,J$1,'Cutters Consumption Updates'!$B:$B,$B2)+ SUMIF('Cutters Consumption Updates'!$AS:$AS,$B2,'Cutters Consumption Updates'!AV:AV) -> 0 | K2: =SUMIFS('Cutters Consumption Updates'!$F:$F,'Cutters Consumption Updates'!$D:$D,K$1,'Cutters Consumption Updates'!$B:$B,$B2)-SUMIFS('Cutters Consumption Updates'!$E:$E,'Cutters Consumption Updates'!$D:$D,K$1,'Cutters Consumption Updates'!$B:$B,$B2)+ SUMIF('Cutters Consumption Updates'!$AS:$AS,$B2,'Cutters Consumption Updates'!AW:AW) -> 2 | L2: =SUMIFS('Cutters Consumption Updates'!$F:$F,'Cutters Consumption Updates'!$D:$D,L$1,'Cutters Consumption Updates'!$B:$B,$B2)-SUMIFS('Cutters Consumption Updates'!$E:$E,'Cutters Consumption Updates'!$D:$D,$L$1,'Cutters Consumption Updates'!$B:$B,$B2)+SUMIFS('Cutters Consumption Updates'!$F:$F,'Cutters Consumption Updates'!$D:$D,"Retrofit",'Cutters Consumption Updates'!$B:$B,$B2)-SUMIFS('Cutters Consumption Updates'!$E:$E,'Cutters Consumption Updates'!$D:$D,"Retrofit",'Cutters Consumption Updates'!$B:$B,$B2)+ SUMIF('Cutters Consumption Updates'!$AS:$AS,$B2,'Cutters Consumption Updates'!AX:AX) -> 0 | M2: =L2+H2 -> 0 | N2: =SUMIFS('Cutters Consumption Updates'!E:E, 'Cutters Consumption Updates'!B:B, B2, 'Cutters Consumption Updates'!A:A, ">" & TODAY()-182) -> 11 | O2: =SUMIFS('Cutters Consumption Updates'!E:E, 'Cutters Consumption Updates'!B:B, B2, 'Cutters Consumption Updates'!A:A, ">" & TODAY()-91) -> 11 | P2: =IF(N2<>0,_xlfn.CEILING.MATH(N2/3),0) -> 4 | Q2: =IF(P2<=1, 0, CEILING( IF(P2>=300, P2+10, IF(P2>=200, P2+5, IF(P2>=100, P2+5, IF(P2>=50, P2+2, IF(P2>=20, P2+2, IF(P2>=10, P2+2, IF(P2>=5, P2+2, P2+1))))))), 5)) -> 5 | S2: =IFERROR(INDEX(Table5[],MATCH($B2,Table5[Component],0),2),0) -> 0 | T2: =SUMIFS(Table7[Balance],Table7[Cutter Mat'#],$B2) -> 0 | U2: =M2+T2-S2 -> 0 | Y2: =IFERROR(INDEX(Table5[],MATCH($B2,Table5[Component],0),2),0) -> 0 | Z2: =IFERROR(INDEX(Table5[],MATCH($B2,Table5[Component],0),1),0) -> 0 | AA2: =IF(Y2<>0,B2,"") | AB2: =IF(S2<>Y2,1,"") | AD2: =H2+I2+J2+L2 -> 0 | AI2: =IFERROR(INDEX($B$1:$AK$243,MATCH(W2,$B$1:$B$243,0),13),"") | AJ2: =IFERROR(INDEX($B$1:$AK$243,MATCH(W2,$B$1:$B$243,0),15),"") | AK2: =SUMIF($W$2:$W$243,B2,$S$2:$S$243) -> 0 | AP2: =T2 -> 0 | AR2: {=_xlfn._xlws.SORT(_xlfn.UNIQUE(B:B))} -> 177778 | AS2: =SUMIF($B:$B,AR2,$AP:$AP) -> 0
A3: 2 | B3: 179692 | C3: 1313 OBS ERC 18C | D3: OBS ERC | E3: 1313 | F3: 18C | G3: B - Standard ( Base ) | H3: =SUMIFS('Cutters Consumption Updates'!$F:$F,'Cutters Consumption Updates'!$D:$D,H$1,'Cutters Consumption Updates'!$B:$B,$B3)-SUMIFS('Cutters Consumption Updates'!$E:$E,'Cutters Consumption Updates'!$D:$D,H$1,'Cutters Consumption Updates'!$B:$B,$B3)+ SUMIF('Cutters Consumption Updates'!$AS:$AS,$B3,'Cutters Consumption Updates'!AT:AT) -> 0 | I3: =SUMIFS('Cutters Consumption Updates'!$F:$F,'Cutters Consumption Updates'!$D:$D,I$1,'Cutters Consumption Updates'!$B:$B,$B3)-SUMIFS('Cutters Consumption Updates'!$E:$E,'Cutters Consumption Updates'!$D:$D,I$1,'Cutters Consumption Updates'!$B:$B,$B3)+ SUMIF('Cutters Consumption Updates'!$AS:$AS,$B3,'Cutters Consumption Updates'!AU:AU) -> 12 | J3: =SUMIFS('Cutters Consumption Updates'!$F:$F,'Cutters Consumption Updates'!$D:$D,J$1,'Cutters Consumption Updates'!$B:$B,$B3)-SUMIFS('Cutters Consumption Updates'!$E:$E,'Cutters Consumption Updates'!$D:$D,J$1,'Cutters Consumption Updates'!$B:$B,$B3)+ SUMIF('Cutters Consumption Updates'!$AS:$AS,$B3,'Cutters Consumption Updates'!AV:AV) -> 0 | K3: =SUMIFS('Cutters Consumption Updates'!$F:$F,'Cutters Consumption Updates'!$D:$D,K$1,'Cutters Consumption Updates'!$B:$B,$B3)-SUMIFS('Cutters Consumption Updates'!$E:$E,'Cutters Consumption Updates'!$D:$D,K$1,'Cutters Consumption Updates'!$B:$B,$B3)+ SUMIF('Cutters Consumption Updates'!$AS:$AS,$B3,'Cutters Consumption Updates'!AW:AW) -> 0 | L3: =SUMIFS('Cutters Consumption Updates'!$F:$F,'Cutters Consumption Updates'!$D:$D,L$1,'Cutters Consumption Updates'!$B:$B,$B3)-SUMIFS('Cutters Consumption Updates'!$E:$E,'Cutters Consumption Updates'!$D:$D,$L$1,'Cutters Consumption Updates'!$B:$B,$B3)+SUMIFS('Cutters Consumption Updates'!$F:$F,'Cutters Consumption Updates'!$D:$D,"Retrofit",'Cutters Consumption Updates'!$B:$B,$B3)-SUMIFS('Cutters Consumption Updates'!$E:$E,'Cutters Consumption Updates'!$D:$D,"Retrofit",'Cutters Consumption Updates'!$B:$B,$B3)+ SUMIF('Cutters Consumption Updates'!$AS:$AS,$B3,'Cutters Consumption Updates'!AX:AX) -> 0 | M3: =L3+H3 -> 0 | N3: =SUMIFS('Cutters Consumption Updates'!E:E, 'Cutters Consumption Updates'!B:B, B3, 'Cutters Consumption Updates'!A:A, ">" & TODAY()-182) -> 0 | O3: =SUMIFS('Cutters Consumption Updates'!E:E, 'Cutters Consumption Updates'!B:B, B3, 'Cutters Consumption Updates'!A:A, ">" & TODAY()-91) -> 0 | P3: =IF(N3<>0,_xlfn.CEILING.MATH(N3/3),0) -> 0 | Q3: =IF(P3<=1, 0, CEILING( IF(P3>=300, P3+10, IF(P3>=200, P3+5, IF(P3>=100, P3+5, IF(P3>=50, P3+2, IF(P3>=20, P3+2, IF(P3>=10, P3+2, IF(P3>=5, P3+2, P3+1))))))), 5)) -> 0 | S3: =IFERROR(INDEX(Table5[],MATCH($B3,Table5[Component],0),2),0) -> 0 | T3: =SUMIFS(Table7[Balance],Table7[Cutter Mat'#],$B3) -> 0 | U3: =M3+T3-S3 -> 0 | Y3: =IFERROR(INDEX(Table5[],MATCH($B3,Table5[Component],0),2),0) -> 0 | Z3: =IFERROR(INDEX(Table5[],MATCH($B3,Table5[Component],0),1),0) -> 0 | AA3: =IF(Y3<>0,B3,"") | AB3: =IF(S3<>Y3,1,"") | AD3: =H3+I3+J3+L3 -> 12 | AI3: =IFERROR(INDEX($B$1:$AK$243,MATCH(W3,$B$1:$B$243,0),13),"") | AJ3: =IFERROR(INDEX($B$1:$AK$243,MATCH(W3,$B$1:$B$243,0),15),"") | AK3: =SUMIF($W$2:$W$243,B3,$S$2:$S$243) -> 0 | AP3: =T3 -> 0 | AR3: 179692 | AS3: =SUMIF($B:$B,AR3,$AP:$AP) -> 0
A4: 3 | B4: 179694 | C4: 1308 OBS ERC 18C | D4: OBS ERC | E4: 1308 | F4: 18C | G4: B - Standard ( Base ) | H4: =SUMIFS('Cutters Consumption Updates'!$F:$F,'Cutters Consumption Updates'!$D:$D,H$1,'Cutters Consumption Updates'!$B:$B,$B4)-SUMIFS('Cutters Consumption Updates'!$E:$E,'Cutters Consumption Updates'!$D:$D,H$1,'Cutters Consumption Updates'!$B:$B,$B4)+ SUMIF('Cutters Consumption Updates'!$AS:$AS,$B4,'Cutters Consumption Updates'!AT:AT) -> 0 | I4: =SUMIFS('Cutters Consumption Updates'!$F:$F,'Cutters Consumption Updates'!$D:$D,I$1,'Cutters Consumption Updates'!$B:$B,$B4)-SUMIFS('Cutters Consumption Updates'!$E:$E,'Cutters Consumption Updates'!$D:$D,I$1,'Cutters Consumption Updates'!$B:$B,$B4)+ SUMIF('Cutters Consumption Updates'!$AS:$AS,$B4,'Cutters Consumption Updates'!AU:AU) -> 8 | J4: =SUMIFS('Cutters Consumption Updates'!$F:$F,'Cutters Consumption Updates'!$D:$D,J$1,'Cutters Consumption Updates'!$B:$B,$B4)-SUMIFS('Cutters Consumption Updates'!$E:$E,'Cutters Consumption Updates'!$D:$D,J$1,'Cutters Consumption Updates'!$B:$B,$B4)+ SUMIF('Cutters Consumption Updates'!$AS:$AS,$B4,'Cutters Consumption Updates'!AV:AV) -> 0 | K4: =SUMIFS('Cutters Consumption Updates'!$F:$F,'Cutters Consumption Updates'!$D:$D,K$1,'Cutters Consumption Updates'!$B:$B,$B4)-SUMIFS('Cutters Consumption Updates'!$E:$E,'Cutters Consumption Updates'!$D:$D,K$1,'Cutters Consumption Updates'!$B:$B,$B4)+ SUMIF('Cutters Consumption Updates'!$AS:$AS,$B4,'Cutters Consumption Updates'!AW:AW) -> 0 | L4: =SUMIFS('Cutters Consumption Updates'!$F:$F,'Cutters Consumption Updates'!$D:$D,L$1,'Cutters Consumption Updates'!$B:$B,$B4)-SUMIFS('Cutters Consumption Updates'!$E:$E,'Cutters Consumption Updates'!$D:$D,$L$1,'Cutters Consumption Updates'!$B:$B,$B4)+SUMIFS('Cutters Consumption Updates'!$F:$F,'Cutters Consumption Updates'!$D:$D,"Retrofit",'Cutters Consumption Updates'!$B:$B,$B4)-SUMIFS('Cutters Consumption Updates'!$E:$E,'Cutters Consumption Updates'!$D:$D,"Retrofit",'Cutters Consumption Updates'!$B:$B,$B4)+ SUMIF('Cutters Consumption Updates'!$AS:$AS,$B4,'Cutters Consumption Updates'!AX:AX) -> 0 | M4: =L4+H4 -> 0 | N4: =SUMIFS('Cutters Consumption Updates'!E:E, 'Cutters Consumption Updates'!B:B, B4, 'Cutters Consumption Updates'!A:A, ">" & TODAY()-182) -> 0 | O4: =SUMIFS('Cutters Consumption Updates'!E:E, 'Cutters Consumption Updates'!B:B, B4, 'Cutters Consumption Updates'!A:A, ">" & TODAY()-91) -> 0 | P4: =IF(N4<>0,_xlfn.CEILING.MATH(N4/3),0) -> 0 | Q4: =IF(P4<=1, 0, CEILING( IF(P4>=300, P4+10, IF(P4>=200, P4+5, IF(P4>=100, P4+5, IF(P4>=50, P4+2, IF(P4>=20, P4+2, IF(P4>=10, P4+2, IF(P4>=5, P4+2, P4+1))))))), 5)) -> 0 | S4: =IFERROR(INDEX(Table5[],MATCH($B4,Table5[Component],0),2),0) -> 0 | T4: =SUMIFS(Table7[Balance],Table7[Cutter Mat'#],$B4) -> 0 | U4: =M4+T4-S4 -> 0 | Y4: =IFERROR(INDEX(Table5[],MATCH($B4,Table5[Component],0),2),0) -> 0 | Z4: =IFERROR(INDEX(Table5[],MATCH($B4,Table5[Component],0),1),0) -> 0 | AA4: =IF(Y4<>0,B4,"") | AB4: =IF(S4<>Y4,1,"") | AD4: =H4+I4+J4+L4 -> 8 | AI4: =IFERROR(INDEX($B$1:$AK$243,MATCH(W4,$B$1:$B$243,0),13),"") | AJ4: =IFERROR(INDEX($B$1:$AK$243,MATCH(W4,$B$1:$B$243,0),15),"") | AK4: =SUMIF($W$2:$W$243,B4,$S$2:$S$243) -> 0 | AP4: =T4 -> 0 | AR4: 179694 | AS4: =SUMIF($B:$B,AR4,$AP:$AP) -> 0
A5: 4 | B5: 179734 | C5: 13MM WC-MAT400 LONG M1 IA-STL | D5: M1 IA-STL | E5: 13MM | F5: N/A | G5: D - Depth of Cut Control Elements | H5: =SUMIFS('Cutters Consumption Updates'!$F:$F,'Cutters Consumption Updates'!$D:$D,H$1,'Cutters Consumption Updates'!$B:$B,$B5)-SUMIFS('Cutters Consumption Updates'!$E:$E,'Cutters Consumption Updates'!$D:$D,H$1,'Cutters Consumption Updates'!$B:$B,$B5)+ SUMIF('Cutters Consumption Updates'!$AS:$AS,$B5,'Cutters Consumption Updates'!AT:AT) -> 0 | I5: =SUMIFS('Cutters Consumption Updates'!$F:$F,'Cutters Consumption Updates'!$D:$D,I$1,'Cutters Consumption Updates'!$B:$B,$B5)-SUMIFS('Cutters Consumption Updates'!$E:$E,'Cutters Consumption Updates'!$D:$D,I$1,'Cutters Consumption Updates'!$B:$B,$B5)+ SUMIF('Cutters Consumption Updates'!$AS:$AS,$B5,'Cutters Consumption Updates'!AU:AU) -> 0 | J5: =SUMIFS('Cutters Consumption Updates'!$F:$F,'Cutters Consumption Updates'!$D:$D,J$1,'Cutters Consumption Updates'!$B:$B,$B5)-SUMIFS('Cutters Consumption Updates'!$E:$E,'Cutters Consumption Updates'!$D:$D,J$1,'Cutters Consumption Updates'!$B:$B,$B5)+ SUMIF('Cutters Consumption Updates'!$AS:$AS,$B5,'Cutters Consumption Updates'!AV:AV) -> 0 | K5: =SUMIFS('Cutters Consumption Updates'!$F:$F,'Cutters Consumption Updates'!$D:$D,K$1,'Cutters Consumption Updates'!$B:$B,$B5)-SUMIFS('Cutters Consumption Updates'!$E:$E,'Cutters Consumption Updates'!$D:$D,K$1,'Cutters Consumption Updates'!$B:$B,$B5)+ SUMIF('Cutters Consumption Updates'!$AS:$AS,$B5,'Cutters Consumption Updates'!AW:AW) -> 9 | L5: =SUMIFS('Cutters Consumption Updates'!$F:$F,'Cutters Consumption Updates'!$D:$D,L$1,'Cutters Consumption Updates'!$B:$B,$B5)-SUMIFS('Cutters Consumption Updates'!$E:$E,'Cutters Consumption Updates'!$D:$D,$L$1,'Cutters Consumption Updates'!$B:$B,$B5)+SUMIFS('Cutters Consumption Updates'!$F:$F,'Cutters Consumption Updates'!$D:$D,"Retrofit",'Cutters Consumption Updates'!$B:$B,$B5)-SUMIFS('Cutters Consumption Updates'!$E:$E,'Cutters Consumption Updates'!$D:$D,"Retrofit",'Cutters Consumption Updates'!$B:$B,$B5)+ SUMIF('Cutters Consumption Updates'!$AS:$AS,$B5,'Cutters Consumption Updates'!AX:AX) -> 137 | M5: =L5+H5 -> 137 | N5: =SUMIFS('Cutters Consumption Updates'!E:E, 'Cutters Consumption Updates'!B:B, B5, 'Cutters Consumption Updates'!A:A, ">" & TODAY()-182) -> 140 | O5: =SUMIFS('Cutters Consumption Updates'!E:E, 'Cutters Consumption Updates'!B:B, B5, 'Cutters Consumption Updates'!A:A, ">" & TODAY()-91) -> 70 | P5: =IF(N5<>0,_xlfn.CEILING.MATH(N5/3),0) -> 47 | Q5: =IF(P5<=1, 0, CEILING( IF(P5>=300, P5+10, IF(P5>=200, P5+5, IF(P5>=100, P5+5, IF(P5>=50, P5+2, IF(P5>=20, P5+2, IF(P5>=10, P5+2, IF(P5>=5, P5+2, P5+1))))))), 5)) -> 50 | S5: =IFERROR(INDEX(Table5[],MATCH($B5,Table5[Component],0),2),0) -> 342 | T5: =SUMIFS(Table7[Balance],Table7[Cutter Mat'#],$B5) -> 0 | U5: =M5+T5-S5 -> -205 | Y5: =IFERROR(INDEX(Table5[],MATCH($B5,Table5[Component],0),2),0) -> 342 | Z5: =IFERROR(INDEX(Table5[],MATCH($B5,Table5[Component],0),1),0) -> 179734 | AA5: =IF(Y5<>0,B5,"") -> 179734 | AB5: =IF(S5<>Y5,1,"") | AD5: =H5+I5+J5+L5 -> 137 | AI5: =IFERROR(INDEX($B$1:$AK$243,MATCH(W5,$B$1:$B$243,0),13),"") | AJ5: =IFERROR(INDEX($B$1:$AK$243,MATCH(W5,$B$1:$B$243,0),15),"") | AK5: =SUMIF($W$2:$W$243,B5,$S$2:$S$243) -> 0 | AP5: =T5 -> 0 | AR5: 179733 | AS5: =SUMIF($B:$B,AR5,$AP:$AP) -> 0
A6: 5 | B6: 179790 | C6: 1613 OBS ERC 18C | D6: OBS ERC | E6: 1613 | F6: 18C | G6: B - Standard ( Base ) | H6: =SUMIFS('Cutters Consumption Updates'!$F:$F,'Cutters Consumption Updates'!$D:$D,H$1,'Cutters Consumption Updates'!$B:$B,$B6)-SUMIFS('Cutters Consumption Updates'!$E:$E,'Cutters Consumption Updates'!$D:$D,H$1,'Cutters Consumption Updates'!$B:$B,$B6)+ SUMIF('Cutters Consumption Updates'!$AS:$AS,$B6,'Cutters Consumption Updates'!AT:AT) -> 21 | I6: =SUMIFS('Cutters Consumption Updates'!$F:$F,'Cutters Consumption Updates'!$D:$D,I$1,'Cutters Consumption Updates'!$B:$B,$B6)-SUMIFS('Cutters Consumption Updates'!$E:$E,'Cutters Consumption Updates'!$D:$D,I$1,'Cutters Consumption Updates'!$B:$B,$B6)+ SUMIF('Cutters Consumption Updates'!$AS:$AS,$B6,'Cutters Consumption Updates'!AU:AU) -> 0 | J6: =SUMIFS('Cutters Consumption Updates'!$F:$F,'Cutters Consumption Updates'!$D:$D,J$1,'Cutters Consumption Updates'!$B:$B,$B6)-SUMIFS('Cutters Consumption Updates'!$E:$E,'Cutters Consumption Updates'!$D:$D,J$1,'Cutters Consumption Updates'!$B:$B,$B6)+ SUMIF('Cutters Consumption Updates'!$AS:$AS,$B6,'Cutters Consumption Updates'!AV:AV) -> 0 | K6: =SUMIFS('Cutters Consumption Updates'!$F:$F,'Cutters Consumption Updates'!$D:$D,K$1,'Cutters Consumption Updates'!$B:$B,$B6)-SUMIFS('Cutters Consumption Updates'!$E:$E,'Cutters Consumption Updates'!$D:$D,K$1,'Cutters Consumption Updates'!$B:$B,$B6)+ SUMIF('Cutters Consumption Updates'!$AS:$AS,$B6,'Cutters Consumption Updates'!AW:AW) -> 0 | L6: =SUMIFS('Cutters Consumption Updates'!$F:$F,'Cutters Consumption Updates'!$D:$D,L$1,'Cutters Consumption Updates'!$B:$B,$B6)-SUMIFS('Cutters Consumption Updates'!$E:$E,'Cutters Consumption Updates'!$D:$D,$L$1,'Cutters Consumption Updates'!$B:$B,$B6)+SUMIFS('Cutters Consumption Updates'!$F:$F,'Cutters Consumption Updates'!$D:$D,"Retrofit",'Cutters Consumption Updates'!$B:$B,$B6)-SUMIFS('Cutters Consumption Updates'!$E:$E,'Cutters Consumption Updates'!$D:$D,"Retrofit",'Cutters Consumption Updates'!$B:$B,$B6)+ SUMIF('Cutters Consumption Updates'!$AS:$AS,$B6,'Cutters Consumption Updates'!AX:AX) -> 0 | M6: =L6+H6 -> 21 | N6: =SUMIFS('Cutters Consumption Updates'!E:E, 'Cutters Consumption Updates'!B:B, B6, 'Cutters Consumption Updates'!A:A, ">" & TODAY()-182) -> 1 | O6: =SUMIFS('Cutters Consumption Updates'!E:E, 'Cutters Consumption Updates'!B:B, B6, 'Cutters Consumption Updates'!A:A, ">" & TODAY()-91) -> 1 | P6: =IF(N6<>0,_xlfn.CEILING.MATH(N6/3),0) -> 1 | Q6: =IF(P6<=1, 0, CEILING( IF(P6>=300, P6+10, IF(P6>=200, P6+5, IF(P6>=100, P6+5, IF(P6>=50, P6+2, IF(P6>=20, P6+2, IF(P6>=10, P6+2, IF(P6>=5, P6+2, P6+1))))))), 5)) -> 0 | S6: =IFERROR(INDEX(Table5[],MATCH($B6,Table5[Component],0),2),0) -> 0 | T6: =SUMIFS(Table7[Balance],Table7[Cutter Mat'#],$B6) -> 0 | U6: =M6+T6-S6 -> 21 | Y6: =IFERROR(INDEX(Table5[],MATCH($B6,Table5[Component],0),2),0) -> 0 | Z6: =IFERROR(INDEX(Table5[],MATCH($B6,Table5[Component],0),1),0) -> 0 | AA6: =IF(Y6<>0,B6,"") | AB6: =IF(S6<>Y6,1,"") | AD6: =H6+I6+J6+L6 -> 21 | AI6: =IFERROR(INDEX($B$1:$AK$243,MATCH(W6,$B$1:$B$243,0),13),"") | AJ6: =IFERROR(INDEX($B$1:$AK$243,MATCH(W6,$B$1:$B$243,0),15),"") | AK6: =SUMIF($W$2:$W$243,B6,$S$2:$S$243) -> 0 | AP6: =T6 -> 0 | AR6: 179734 | AS6: =SUMIF($B:$B,AR6,$AP:$AP) -> 0
A7: 6 | B7: 375538 | C7: 13MM R1 .012R LG BVL | D7: R1 0.012R | E7: 13MM | F7: N/A | G7: D - Depth of Cut Control Elements | H7: =SUMIFS('Cutters Consumption Updates'!$F:$F,'Cutters Consumption Updates'!$D:$D,H$1,'Cutters Consumption Updates'!$B:$B,$B7)-SUMIFS('Cutters Consumption Updates'!$E:$E,'Cutters Consumption Updates'!$D:$D,H$1,'Cutters Consumption Updates'!$B:$B,$B7)+ SUMIF('Cutters Consumption Updates'!$AS:$AS,$B7,'Cutters Consumption Updates'!AT:AT) -> 26 | I7: =SUMIFS('Cutters Consumption Updates'!$F:$F,'Cutters Consumption Updates'!$D:$D,I$1,'Cutters Consumption Updates'!$B:$B,$B7)-SUMIFS('Cutters Consumption Updates'!$E:$E,'Cutters Consumption Updates'!$D:$D,I$1,'Cutters Consumption Updates'!$B:$B,$B7)+ SUMIF('Cutters Consumption Updates'!$AS:$AS,$B7,'Cutters Consumption Updates'!AU:AU) -> 0 | J7: =SUMIFS('Cutters Consumption Updates'!$F:$F,'Cutters Consumption Updates'!$D:$D,J$1,'Cutters Consumption Updates'!$B:$B,$B7)-SUMIFS('Cutters Consumption Updates'!$E:$E,'Cutters Consumption Updates'!$D:$D,J$1,'Cutters Consumption Updates'!$B:$B,$B7)+ SUMIF('Cutters Consumption Updates'!$AS:$AS,$B7,'Cutters Consumption Updates'!AV:AV) -> 0 | K7: =SUMIFS('Cutters Consumption Updates'!$F:$F,'Cutters Consumption Updates'!$D:$D,K$1,'Cutters Consumption Updates'!$B:$B,$B7)-SUMIFS('Cutters Consumption Updates'!$E:$E,'Cutters Consumption Updates'!$D:$D,K$1,'Cutters Consumption Updates'!$B:$B,$B7)+ SUMIF('Cutters Consumption Updates'!$AS:$AS,$B7,'Cutters Consumption Updates'!AW:AW) -> 33 | L7: =SUMIFS('Cutters Consumption Updates'!$F:$F,'Cutters Consumption Updates'!$D:$D,L$1,'Cutters Consumption Updates'!$B:$B,$B7)-SUMIFS('Cutters Consumption Updates'!$E:$E,'Cutters Consumption Updates'!$D:$D,$L$1,'Cutters Consumption Updates'!$B:$B,$B7)+SUMIFS('Cutters Consumption Updates'!$F:$F,'Cutters Consumption Updates'!$D:$D,"Retrofit",'Cutters Consumption Updates'!$B:$B,$B7)-SUMIFS('Cutters Consumption Updates'!$E:$E,'Cutters Consumption Updates'!$D:$D,"Retrofit",'Cutters Consumption Updates'!$B:$B,$B7)+ SUMIF('Cutters Consumption Updates'!$AS:$AS,$B7,'Cutters Consumption Updates'!AX:AX) -> 11 | M7: =L7+H7 -> 37 | N7: =SUMIFS('Cutters Consumption Updates'!E:E, 'Cutters Consumption Updates'!B:B, B7, 'Cutters Consumption Updates'!A:A, ">" & TODAY()-182) -> 0 | O7: =SUMIFS('Cutters Consumption Updates'!E:E, 'Cutters Consumption Updates'!B:B, B7, 'Cutters Consumption Updates'!A:A, ">" & TODAY()-91) -> 0 | P7: =IF(N7<>0,_xlfn.CEILING.MATH(N7/3),0) -> 0 | Q7: =IF(P7<=1, 0, CEILING( IF(P7>=300, P7+10, IF(P7>=200, P7+5, IF(P7>=100, P7+5, IF(P7>=50, P7+2, IF(P7>=20, P7+2, IF(P7>=10, P7+2, IF(P7>=5, P7+2, P7+1))))))), 5)) -> 0 | S7: =IFERROR(INDEX(Table5[],MATCH($B7,Table5[Component],0),2),0) -> 24 | T7: =SUMIFS(Table7[Balance],Table7[Cutter Mat'#],$B7) -> 0 | U7: =M7+T7-S7 -> 13 | Y7: =IFERROR(INDEX(Table5[],MATCH($B7,Table5[Component],0),2),0) -> 24 | Z7: =IFERROR(INDEX(Table5[],MATCH($B7,Table5[Component],0),1),0) -> 375538 | AA7: =IF(Y7<>0,B7,"") -> 375538 | AB7: =IF(S7<>Y7,1,"") | AD7: =H7+I7+J7+L7 -> 37 | AI7: =IFERROR(INDEX($B$1:$AK$243,MATCH(W7,$B$1:$B$243,0),13),"") | AJ7: =IFERROR(INDEX($B$1:$AK$243,MATCH(W7,$B$1:$B$243,0),15),"") | AK7: =SUMIF($W$2:$W$243,B7,$S$2:$S$243) -> 0 | AP7: =T7 -> 0 | AR7: 179790 | AS7: =SUMIF($B:$B,AR7,$AP:$AP) -> 0
A8: 7 | B8: 399930 | C8: 19MMS SHORT BULLET CT27 18C | D8: CT27 | E8: 19MMS | F8: 18C | G8: P - Premium | H8: =SUMIFS('Cutters Consumption Updates'!$F:$F,'Cutters Consumption Updates'!$D:$D,H$1,'Cutters Consumption Updates'!$B:$B,$B8)-SUMIFS('Cutters Consumption Updates'!$E:$E,'Cutters Consumption Updates'!$D:$D,H$1,'Cutters Consumption Updates'!$B:$B,$B8)+ SUMIF('Cutters Consumption Updates'!$AS:$AS,$B8,'Cutters Consumption Updates'!AT:AT) -> 0 | I8: =SUMIFS('Cutters Consumption Updates'!$F:$F,'Cutters Consumption Updates'!$D:$D,I$1,'Cutters Consumption Updates'!$B:$B,$B8)-SUMIFS('Cutters Consumption Updates'!$E:$E,'Cutters Consumption Updates'!$D:$D,I$1,'Cutters Consumption Updates'!$B:$B,$B8)+ SUMIF('Cutters Consumption Updates'!$AS:$AS,$B8,'Cutters Consumption Updates'!AU:AU) -> 0 | J8: =SUMIFS('Cutters Consumption Updates'!$F:$F,'Cutters Consumption Updates'!$D:$D,J$1,'Cutters Consumption Updates'!$B:$B,$B8)-SUMIFS('Cutters Consumption Updates'!$E:$E,'Cutters Consumption Updates'!$D:$D,J$1,'Cutters Consumption Updates'!$B:$B,$B8)+ SUMIF('Cutters Consumption Updates'!$AS:$AS,$B8,'Cutters Consumption Updates'!AV:AV) -> 0 | K8: =SUMIFS('Cutters Consumption Updates'!$F:$F,'Cutters Consumption Updates'!$D:$D,K$1,'Cutters Consumption Updates'!$B:$B,$B8)-SUMIFS('Cutters Consumption Updates'!$E:$E,'Cutters Consumption Updates'!$D:$D,K$1,'Cutters Consumption Updates'!$B:$B,$B8)+ SUMIF('Cutters Consumption Updates'!$AS:$AS,$B8,'Cutters Consumption Updates'!AW:AW) -> 24 | L8: =SUMIFS('Cutters Consumption Updates'!$F:$F,'Cutters Consumption Updates'!$D:$D,L$1,'Cutters Consumption Updates'!$B:$B,$B8)-SUMIFS('Cutters Consumption Updates'!$E:$E,'Cutters Consumption Updates'!$D:$D,$L$1,'Cutters Consumption Updates'!$B:$B,$B8)+SUMIFS('Cutters Consumption Updates'!$F:$F,'Cutters Consumption Updates'!$D:$D,"Retrofit",'Cutters Consumption Updates'!$B:$B,$B8)-SUMIFS('Cutters Consumption Updates'!$E:$E,'Cutters Consumption Updates'!$D:$D,"Retrofit",'Cutters Consumption Updates'!$B:$B,$B8)+ SUMIF('Cutters Consumption Updates'!$AS:$AS,$B8,'Cutters Consumption Updates'!AX:AX) -> 1 | M8: =L8+H8 -> 1 | N8: =SUMIFS('Cutters Consumption Updates'!E:E, 'Cutters Consumption Updates'!B:B, B8, 'Cutters Consumption Updates'!A:A, ">" & TODAY()-182) -> 0 | O8: =SUMIFS('Cutters Consumption Updates'!E:E, 'Cutters Consumption Updates'!B:B, B8, 'Cutters Consumption Updates'!A:A, ">" & TODAY()-91) -> 0 | P8: =IF(N8<>0,_xlfn.CEILING.MATH(N8/3),0) -> 0 | Q8: =IF(P8<=1, 0, CEILING( IF(P8>=300, P8+10, IF(P8>=200, P8+5, IF(P8>=100, P8+5, IF(P8>=50, P8+2, IF(P8>=20, P8+2, IF(P8>=10, P8+2, IF(P8>=5, P8+2, P8+1))))))), 5)) -> 0 | S8: =IFERROR(INDEX(Table5[],MATCH($B8,Table5[Component],0),2),0) -> 0 | T8: =SUMIFS(Table7[Balance],Table7[Cutter Mat'#],$B8) -> 0 | U8: =M8+T8-S8 -> 1 | Y8: =IFERROR(INDEX(Table5[],MATCH($B8,Table5[Component],0),2),0) -> 0 | Z8: =IFERROR(INDEX(Table5[],MATCH($B8,Table5[Component],0),1),0) -> 0 | AA8: =IF(Y8<>0,B8,"") | AB8: =IF(S8<>Y8,1,"") | AD8: =H8+I8+J8+L8 -> 1 | AI8: =IFERROR(INDEX($B$1:$AK$243,MATCH(W8,$B$1:$B$243,0),13),"") | AJ8: =IFERROR(INDEX($B$1:$AK$243,MATCH(W8,$B$1:$B$243,0),15),"") | AK8: =SUMIF($W$2:$W$243,B8,$S$2:$S$243) -> 0 | AP8: =T8 -> 0 | AR8: 375538 | AS8: =SUMIF($B:$B,AR8,$AP:$AP) -> 0
A9: 8 | B9: 584832 | C9: 1913 CT62 10C | D9: CT62 | E9: 1913 | F9: 10C | G9: B - Standard ( Base ) | H9: =SUMIFS('Cutters Consumption Updates'!$F:$F,'Cutters Consumption Updates'!$D:$D,H$1,'Cutters Consumption Updates'!$B:$B,$B9)-SUMIFS('Cutters Consumption Updates'!$E:$E,'Cutters Consumption Updates'!$D:$D,H$1,'Cutters Consumption Updates'!$B:$B,$B9)+ SUMIF('Cutters Consumption Updates'!$AS:$AS,$B9,'Cutters Consumption Updates'!AT:AT) -> 0 | I9: =SUMIFS('Cutters Consumption Updates'!$F:$F,'Cutters Consumption Updates'!$D:$D,I$1,'Cutters Consumption Updates'!$B:$B,$B9)-SUMIFS('Cutters Consumption Updates'!$E:$E,'Cutters Consumption Updates'!$D:$D,I$1,'Cutters Consumption Updates'!$B:$B,$B9)+ SUMIF('Cutters Consumption Updates'!$AS:$AS,$B9,'Cutters Consumption Updates'!AU:AU) -> 0 | J9: =SUMIFS('Cutters Consumption Updates'!$F:$F,'Cutters Consumption Updates'!$D:$D,J$1,'Cutters Consumption Updates'!$B:$B,$B9)-SUMIFS('Cutters Consumption Updates'!$E:$E,'Cutters Consumption Updates'!$D:$D,J$1,'Cutters Consumption Updates'!$B:$B,$B9)+ SUMIF('Cutters Consumption Updates'!$AS:$AS,$B9,'Cutters Consumption Updates'!AV:AV) -> 0 | K9: =SUMIFS('Cutters Consumption Updates'!$F:$F,'Cutters Consumption Updates'!$D:$D,K$1,'Cutters Consumption Updates'!$B:$B,$B9)-SUMIFS('Cutters Consumption Updates'!$E:$E,'Cutters Consumption Updates'!$D:$D,K$1,'Cutters Consumption Updates'!$B:$B,$B9)+ SUMIF('Cutters Consumption Updates'!$AS:$AS,$B9,'Cutters Consumption Updates'!AW:AW) -> 0 | L9: =SUMIFS('Cutters Consumption Updates'!$F:$F,'Cutters Consumption Updates'!$D:$D,L$1,'Cutters Consumption Updates'!$B:$B,$B9)-SUMIFS('Cutters Consumption Updates'!$E:$E,'Cutters Consumption Updates'!$D:$D,$L$1,'Cutters Consumption Updates'!$B:$B,$B9)+SUMIFS('Cutters Consumption Updates'!$F:$F,'Cutters Consumption Updates'!$D:$D,"Retrofit",'Cutters Consumption Updates'!$B:$B,$B9)-SUMIFS('Cutters Consumption Updates'!$E:$E,'Cutters Consumption Updates'!$D:$D,"Retrofit",'Cutters Consumption Updates'!$B:$B,$B9)+ SUMIF('Cutters Consumption Updates'!$AS:$AS,$B9,'Cutters Consumption Updates'!AX:AX) -> 19 | M9: =L9+H9 -> 19 | N9: =SUMIFS('Cutters Consumption Updates'!E:E, 'Cutters Consumption Updates'!B:B, B9, 'Cutters Consumption Updates'!A:A, ">" & TODAY()-182) -> 0 | O9: =SUMIFS('Cutters Consumption Updates'!E:E, 'Cutters Consumption Updates'!B:B, B9, 'Cutters Consumption Updates'!A:A, ">" & TODAY()-91) -> 0 | P9: =IF(N9<>0,_xlfn.CEILING.MATH(N9/3),0) -> 0 | Q9: =IF(P9<=1, 0, CEILING( IF(P9>=300, P9+10, IF(P9>=200, P9+5, IF(P9>=100, P9+5, IF(P9>=50, P9+2, IF(P9>=20, P9+2, IF(P9>=10, P9+2, IF(P9>=5, P9+2, P9+1))))))), 5)) -> 0 | S9: =IFERROR(INDEX(Table5[],MATCH($B9,Table5[Component],0),2),0) -> 0 | T9: =SUMIFS(Table7[Balance],Table7[Cutter Mat'#],$B9) -> 0 | U9: =M9+T9-S9 -> 19 | Y9: =IFERROR(INDEX(Table5[],MATCH($B9,Table5[Component],0),2),0) -> 0 | Z9: =IFERROR(INDEX(Table5[],MATCH($B9,Table5[Component],0),1),0) -> 0 | AA9: =IF(Y9<>0,B9,"") | AB9: =IF(S9<>Y9,1,"") | AD9: =H9+I9+J9+L9 -> 19 | AI9: =IFERROR(INDEX($B$1:$AK$243,MATCH(W9,$B$1:$B$243,0),13),"") | AJ9: =IFERROR(INDEX($B$1:$AK$243,MATCH(W9,$B$1:$B$243,0),15),"") | AK9: =SUMIF($W$2:$W$243,B9,$S$2:$S$243) -> 0 | AP9: =T9 -> 0 | AR9: 376826 | AS9: =SUMIF($B:$B,AR9,$AP:$AP) -> 0
A10: 9 | B10: 467367 | C10: 1613 CT36 18C | D10: CT36 | E10: 1613 | F10: 18C | G10: S - Super Premium | H10: =SUMIFS('Cutters Consumption Updates'!$F:$F,'Cutters Consumption Updates'!$D:$D,H$1,'Cutters Consumption Updates'!$B:$B,$B10)-SUMIFS('Cutters Consumption Updates'!$E:$E,'Cutters Consumption Updates'!$D:$D,H$1,'Cutters Consumption Updates'!$B:$B,$B10)+ SUMIF('Cutters Consumption Updates'!$AS:$AS,$B10,'Cutters Consumption Updates'!AT:AT) -> 0 | I10: =SUMIFS('Cutters Consumption Updates'!$F:$F,'Cutters Consumption Updates'!$D:$D,I$1,'Cutters Consumption Updates'!$B:$B,$B10)-SUMIFS('Cutters Consumption Updates'!$E:$E,'Cutters Consumption Updates'!$D:$D,I$1,'Cutters Consumption Updates'!$B:$B,$B10)+ SUMIF('Cutters Consumption Updates'!$AS:$AS,$B10,'Cutters Consumption Updates'!AU:AU) -> 0 | J10: =SUMIFS('Cutters Consumption Updates'!$F:$F,'Cutters Consumption Updates'!$D:$D,J$1,'Cutters Consumption Updates'!$B:$B,$B10)-SUMIFS('Cutters Consumption Updates'!$E:$E,'Cutters Consumption Updates'!$D:$D,J$1,'Cutters Consumption Updates'!$B:$B,$B10)+ SUMIF('Cutters Consumption Updates'!$AS:$AS,$B10,'Cutters Consumption Updates'!AV:AV) -> 0 | K10: =SUMIFS('Cutters Consumption Updates'!$F:$F,'Cutters Consumption Updates'!$D:$D,K$1,'Cutters Consumption Updates'!$B:$B,$B10)-SUMIFS('Cutters Consumption Updates'!$E:$E,'Cutters Consumption Updates'!$D:$D,K$1,'Cutters Consumption Updates'!$B:$B,$B10)+ SUMIF('Cutters Consumption Updates'!$AS:$AS,$B10,'Cutters Consumption Updates'!AW:AW) -> 10 | L10: =SUMIFS('Cutters Consumption Updates'!$F:$F,'Cutters Consumption Updates'!$D:$D,L$1,'Cutters Consumption Updates'!$B:$B,$B10)-SUMIFS('Cutters Consumption Updates'!$E:$E,'Cutters Consumption Updates'!$D:$D,$L$1,'Cutters Consumption Updates'!$B:$B,$B10)+SUMIFS('Cutters Consumption Updates'!$F:$F,'Cutters Consumption Updates'!$D:$D,"Retrofit",'Cutters Consumption Updates'!$B:$B,$B10)-SUMIFS('Cutters Consumption Updates'!$E:$E,'Cutters Consumption Updates'!$D:$D,"Retrofit",'Cutters Consumption Updates'!$B:$B,$B10)+ SUMIF('Cutters Consumption Updates'!$AS:$AS,$B10,'Cutters Consumption Updates'!AX:AX) -> 0 | M10: =L10+H10 -> 0 | N10: =SUMIFS('Cutters Consumption Updates'!E:E, 'Cutters Consumption Updates'!B:B, B10, 'Cutters Consumption Updates'!A:A, ">" & TODAY()-182) -> 0 | O10: =SUMIFS('Cutters Consumption Updates'!E:E, 'Cutters Consumption Updates'!B:B, B10, 'Cutters Consumption Updates'!A:A, ">" & TODAY()-91) -> 0 | P10: =IF(N10<>0,_xlfn.CEILING.MATH(N10/3),0) -> 0 | Q10: =IF(P10<=1, 0, CEILING( IF(P10>=300, P10+10, IF(P10>=200, P10+5, IF(P10>=100, P10+5, IF(P10>=50, P10+2, IF(P10>=20, P10+2, IF(P10>=10, P10+2, IF(P10>=5, P10+2, P10+1))))))), 5)) -> 0 | S10: =IFERROR(INDEX(Table5[],MATCH($B10,Table5[Component],0),2),0) -> 0 | T10: =SUMIFS(Table7[Balance],Table7[Cutter Mat'#],$B10) -> 0 | U10: =M10+T10-S10 -> 0 | Y10: =IFERROR(INDEX(Table5[],MATCH($B10,Table5[Component],0),2),0) -> 0 | Z10: =IFERROR(INDEX(Table5[],MATCH($B10,Table5[Component],0),1),0) -> 0 | AA10: =IF(Y10<>0,B10,"") | AB10: =IF(S10<>Y10,1,"") | AD10: =H10+I10+J10+L10 -> 0 | AI10: =IFERROR(INDEX($B$1:$AK$243,MATCH(W10,$B$1:$B$243,0),13),"") | AJ10: =IFERROR(INDEX($B$1:$AK$243,MATCH(W10,$B$1:$B$243,0),15),"") | AK10: =SUMIF($W$2:$W$243,B10,$S$2:$S$243) -> 0 | AP10: =T10 -> 0 | AR10: 397470 | AS10: =SUMIF($B:$B,AR10,$AP:$AP) -> 0
A11: 10 | B11: 535656 | C11: 1608 CT36 10C | D11: CT36 | E11: 1608 | F11: 10C | G11: S - Super Premium | H11: =SUMIFS('Cutters Consumption Updates'!$F:$F,'Cutters Consumption Updates'!$D:$D,H$1,'Cutters Consumption Updates'!$B:$B,$B11)-SUMIFS('Cutters Consumption Updates'!$E:$E,'Cutters Consumption Updates'!$D:$D,H$1,'Cutters Consumption Updates'!$B:$B,$B11)+ SUMIF('Cutters Consumption Updates'!$AS:$AS,$B11,'Cutters Consumption Updates'!AT:AT) -> 0 | I11: =SUMIFS('Cutters Consumption Updates'!$F:$F,'Cutters Consumption Updates'!$D:$D,I$1,'Cutters Consumption Updates'!$B:$B,$B11)-SUMIFS('Cutters Consumption Updates'!$E:$E,'Cutters Consumption Updates'!$D:$D,I$1,'Cutters Consumption Updates'!$B:$B,$B11)+ SUMIF('Cutters Consumption Updates'!$AS:$AS,$B11,'Cutters Consumption Updates'!AU:AU) -> 0 | J11: =SUMIFS('Cutters Consumption Updates'!$F:$F,'Cutters Consumption Updates'!$D:$D,J$1,'Cutters Consumption Updates'!$B:$B,$B11)-SUMIFS('Cutters Consumption Updates'!$E:$E,'Cutters Consumption Updates'!$D:$D,J$1,'Cutters Consumption Updates'!$B:$B,$B11)+ SUMIF('Cutters Consumption Updates'!$AS:$AS,$B11,'Cutters Consumption Updates'!AV:AV) -> 0 | K11: =SUMIFS('Cutters Consumption Updates'!$F:$F,'Cutters Consumption Updates'!$D:$D,K$1,'Cutters Consumption Updates'!$B:$B,$B11)-SUMIFS('Cutters Consumption Updates'!$E:$E,'Cutters Consumption Updates'!$D:$D,K$1,'Cutters Consumption Updates'!$B:$B,$B11)+ SUMIF('Cutters Consumption Updates'!$AS:$AS,$B11,'Cutters Consumption Updates'!AW:AW) -> 0 | L11: =SUMIFS('Cutters Consumption Updates'!$F:$F,'Cutters Consumption Updates'!$D:$D,L$1,'Cutters Consumption Updates'!$B:$B,$B11)-SUMIFS('Cutters Consumption Updates'!$E:$E,'Cutters Consumption Updates'!$D:$D,$L$1,'Cutters Consumption Updates'!$B:$B,$B11)+SUMIFS('Cutters Consumption Updates'!$F:$F,'Cutters Consumption Updates'!$D:$D,"Retrofit",'Cutters Consumption Updates'!$B:$B,$B11)-SUMIFS('Cutters Consumption Updates'!$E:$E,'Cutters Consumption Updates'!$D:$D,"Retrofit",'Cutters Consumption Updates'!$B:$B,$B11)+ SUMIF('Cutters Consumption Updates'!$AS:$AS,$B11,'Cutters Consumption Updates'!AX:AX) -> 28 | M11: =L11+H11 -> 28 | N11: =SUMIFS('Cutters Consumption Updates'!E:E, 'Cutters Consumption Updates'!B:B, B11, 'Cutters Consumption Updates'!A:A, ">" & TODAY()-182) -> 7 | O11: =SUMIFS('Cutters Consumption Updates'!E:E, 'Cutters Consumption Updates'!B:B, B11, 'Cutters Consumption Updates'!A:A, ">" & TODAY()-91) -> 5 | P11: =IF(N11<>0,_xlfn.CEILING.MATH(N11/3),0) -> 3 | Q11: =IF(P11<=1, 0, CEILING( IF(P11>=300, P11+10, IF(P11>=200, P11+5, IF(P11>=100, P11+5, IF(P11>=50, P11+2, IF(P11>=20, P11+2, IF(P11>=10, P11+2, IF(P11>=5, P11+2, P11+1))))))), 5)) -> 5 | S11: =IFERROR(INDEX(Table5[],MATCH($B11,Table5[Component],0),2),0) -> 0 | T11: =SUMIFS(Table7[Balance],Table7[Cutter Mat'#],$B11) -> 0 | U11: =M11+T11-S11 -> 28 | Y11: =IFERROR(INDEX(Table5[],MATCH($B11,Table5[Component],0),2),0) -> 0 | Z11: =IFERROR(INDEX(Table5[],MATCH($B11,Table5[Component],0),1),0) -> 0 | AA11: =IF(Y11<>0,B11,"") | AB11: =IF(S11<>Y11,1,"") | AD11: =H11+I11+J11+L11 -> 28 | AI11: =IFERROR(INDEX($B$1:$AK$243,MATCH(W11,$B$1:$B$243,0),13),"") | AJ11: =IFERROR(INDEX($B$1:$AK$243,MATCH(W11,$B$1:$B$243,0),15),"") | AK11: =SUMIF($W$2:$W$243,B11,$S$2:$S$243) -> 0 | AP11: =T11 -> 0 | AR11: 399930 | AS11: =SUMIF($B:$B,AR11,$AP:$AP) -> 0
A12: 11 | B12: 471108 | C12: 1313 CT36 10C | D12: CT36 | E12: 1313 | F12: 10C | G12: S - Super Premium | H12: =SUMIFS('Cutters Consumption Updates'!$F:$F,'Cutters Consumption Updates'!$D:$D,H$1,'Cutters Consumption Updates'!$B:$B,$B12)-SUMIFS('Cutters Consumption Updates'!$E:$E,'Cutters Consumption Updates'!$D:$D,H$1,'Cutters Consumption Updates'!$B:$B,$B12)+ SUMIF('Cutters Consumption Updates'!$AS:$AS,$B12,'Cutters Consumption Updates'!AT:AT) -> 0 | I12: =SUMIFS('Cutters Consumption Updates'!$F:$F,'Cutters Consumption Updates'!$D:$D,I$1,'Cutters Consumption Updates'!$B:$B,$B12)-SUMIFS('Cutters Consumption Updates'!$E:$E,'Cutters Consumption Updates'!$D:$D,I$1,'Cutters Consumption Updates'!$B:$B,$B12)+ SUMIF('Cutters Consumption Updates'!$AS:$AS,$B12,'Cutters Consumption Updates'!AU:AU) -> 0 | J12: =SUMIFS('Cutters Consumption Updates'!$F:$F,'Cutters Consumption Updates'!$D:$D,J$1,'Cutters Consumption Updates'!$B:$B,$B12)-SUMIFS('Cutters Consumption Updates'!$E:$E,'Cutters Consumption Updates'!$D:$D,J$1,'Cutters Consumption Updates'!$B:$B,$B12)+ SUMIF('Cutters Consumption Updates'!$AS:$AS,$B12,'Cutters Consumption Updates'!AV:AV) -> 0 | K12: =SUMIFS('Cutters Consumption Updates'!$F:$F,'Cutters Consumption Updates'!$D:$D,K$1,'Cutters Consumption Updates'!$B:$B,$B12)-SUMIFS('Cutters Consumption Updates'!$E:$E,'Cutters Consumption Updates'!$D:$D,K$1,'Cutters Consumption Updates'!$B:$B,$B12)+ SUMIF('Cutters Consumption Updates'!$AS:$AS,$B12,'Cutters Consumption Updates'!AW:AW) -> 1 | L12: =SUMIFS('Cutters Consumption Updates'!$F:$F,'Cutters Consumption Updates'!$D:$D,L$1,'Cutters Consumption Updates'!$B:$B,$B12)-SUMIFS('Cutters Consumption Updates'!$E:$E,'Cutters Consumption Updates'!$D:$D,$L$1,'Cutters Consumption Updates'!$B:$B,$B12)+SUMIFS('Cutters Consumption Updates'!$F:$F,'Cutters Consumption Updates'!$D:$D,"Retrofit",'Cutters Consumption Updates'!$B:$B,$B12)-SUMIFS('Cutters Consumption Updates'!$E:$E,'Cutters Consumption Updates'!$D:$D,"Retrofit",'Cutters Consumption Updates'!$B:$B,$B12)+ SUMIF('Cutters Consumption Updates'!$AS:$AS,$B12,'Cutters Consumption Updates'!AX:AX) -> 0 | M12: =L12+H12 -> 0 | N12: =SUMIFS('Cutters Consumption Updates'!E:E, 'Cutters Consumption Updates'!B:B, B12, 'Cutters Consumption Updates'!A:A, ">" & TODAY()-182) -> 0 | O12: =SUMIFS('Cutters Consumption Updates'!E:E, 'Cutters Consumption Updates'!B:B, B12, 'Cutters Consumption Updates'!A:A, ">" & TODAY()-91) -> 0 | P12: =IF(N12<>0,_xlfn.CEILING.MATH(N12/3),0) -> 0 | Q12: =IF(P12<=1, 0, CEILING( IF(P12>=300, P12+10, IF(P12>=200, P12+5, IF(P12>=100, P12+5, IF(P12>=50, P12+2, IF(P12>=20, P12+2, IF(P12>=10, P12+2, IF(P12>=5, P12+2, P12+1))))))), 5)) -> 0 | S12: =IFERROR(INDEX(Table5[],MATCH($B12,Table5[Component],0),2),0) -> 0 | T12: =SUMIFS(Table7[Balance],Table7[Cutter Mat'#],$B12) -> 0 | U12: =M12+T12-S12 -> 0 | Y12: =IFERROR(INDEX(Table5[],MATCH($B12,Table5[Component],0),2),0) -> 0 | Z12: =IFERROR(INDEX(Table5[],MATCH($B12,Table5[Component],0),1),0) -> 0 | AA12: =IF(Y12<>0,B12,"") | AB12: =IF(S12<>Y12,1,"") | AD12: =H12+I12+J12+L12 -> 0 | AI12: =IFERROR(INDEX($B$1:$AK$243,MATCH(W12,$B$1:$B$243,0),13),"") | AJ12: =IFERROR(INDEX($B$1:$AK$243,MATCH(W12,$B$1:$B$243,0),15),"") | AK12: =SUMIF($W$2:$W$243,B12,$S$2:$S$243) -> 0 | AP12: =T12 -> 0 | AR12: 409593 | AS12: =SUMIF($B:$B,AR12,$AP:$AP) -> 0
A13: 12 | B13: 471109 | C13: 1613 CT36 10C | D13: CT36 | E13: 1613 | F13: 10C | G13: S - Super Premium | H13: =SUMIFS('Cutters Consumption Updates'!$F:$F,'Cutters Consumption Updates'!$D:$D,H$1,'Cutters Consumption Updates'!$B:$B,$B13)-SUMIFS('Cutters Consumption Updates'!$E:$E,'Cutters Consumption Updates'!$D:$D,H$1,'Cutters Consumption Updates'!$B:$B,$B13)+ SUMIF('Cutters Consumption Updates'!$AS:$AS,$B13,'Cutters Consumption Updates'!AT:AT) -> 0 | I13: =SUMIFS('Cutters Consumption Updates'!$F:$F,'Cutters Consumption Updates'!$D:$D,I$1,'Cutters Consumption Updates'!$B:$B,$B13)-SUMIFS('Cutters Consumption Updates'!$E:$E,'Cutters Consumption Updates'!$D:$D,I$1,'Cutters Consumption Updates'!$B:$B,$B13)+ SUMIF('Cutters Consumption Updates'!$AS:$AS,$B13,'Cutters Consumption Updates'!AU:AU) -> 0 | J13: =SUMIFS('Cutters Consumption Updates'!$F:$F,'Cutters Consumption Updates'!$D:$D,J$1,'Cutters Consumption Updates'!$B:$B,$B13)-SUMIFS('Cutters Consumption Updates'!$E:$E,'Cutters Consumption Updates'!$D:$D,J$1,'Cutters Consumption Updates'!$B:$B,$B13)+ SUMIF('Cutters Consumption Updates'!$AS:$AS,$B13,'Cutters Consumption Updates'!AV:AV) -> 0 | K13: =SUMIFS('Cutters Consumption Updates'!$F:$F,'Cutters Consumption Updates'!$D:$D,K$1,'Cutters Consumption Updates'!$B:$B,$B13)-SUMIFS('Cutters Consumption Updates'!$E:$E,'Cutters Consumption Updates'!$D:$D,K$1,'Cutters Consumption Updates'!$B:$B,$B13)+ SUMIF('Cutters Consumption Updates'!$AS:$AS,$B13,'Cutters Consumption Updates'!AW:AW) -> 38 | L13: =SUMIFS('Cutters Consumption Updates'!$F:$F,'Cutters Consumption Updates'!$D:$D,L$1,'Cutters Consumption Updates'!$B:$B,$B13)-SUMIFS('Cutters Consumption Updates'!$E:$E,'Cutters Consumption Updates'!$D:$D,$L$1,'Cutters Consumption Updates'!$B:$B,$B13)+SUMIFS('Cutters Consumption Updates'!$F:$F,'Cutters Consumption Updates'!$D:$D,"Retrofit",'Cutters Consumption Updates'!$B:$B,$B13)-SUMIFS('Cutters Consumption Updates'!$E:$E,'Cutters Consumption Updates'!$D:$D,"Retrofit",'Cutters Consumption Updates'!$B:$B,$B13)+ SUMIF('Cutters Consumption Updates'!$AS:$AS,$B13,'Cutters Consumption Updates'!AX:AX) -> 1 | M13: =L13+H13 -> 1 | N13: =SUMIFS('Cutters Consumption Updates'!E:E, 'Cutters Consumption Updates'!B:B, B13, 'Cutters Consumption Updates'!A:A, ">" & TODAY()-182) -> 0 | O13: =SUMIFS('Cutters Consumption Updates'!E:E, 'Cutters Consumption Updates'!B:B, B13, 'Cutters Consumption Updates'!A:A, ">" & TODAY()-91) -> 0 | P13: =IF(N13<>0,_xlfn.CEILING.MATH(N13/3),0) -> 0 | Q13: =IF(P13<=1, 0, CEILING( IF(P13>=300, P13+10, IF(P13>=200, P13+5, IF(P13>=100, P13+5, IF(P13>=50, P13+2, IF(P13>=20, P13+2, IF(P13>=10, P13+2, IF(P13>=5, P13+2, P13+1))))))), 5)) -> 0 | S13: =IFERROR(INDEX(Table5[],MATCH($B13,Table5[Component],0),2),0) -> 0 | T13: =SUMIFS(Table7[Balance],Table7[Cutter Mat'#],$B13) -> 0 | U13: =M13+T13-S13 -> 1 | Y13: =IFERROR(INDEX(Table5[],MATCH($B13,Table5[Component],0),2),0) -> 0 | Z13: =IFERROR(INDEX(Table5[],MATCH($B13,Table5[Component],0),1),0) -> 0 | AA13: =IF(Y13<>0,B13,"") | AB13: =IF(S13<>Y13,1,"") | AD13: =H13+I13+J13+L13 -> 1 | AI13: =IFERROR(INDEX($B$1:$AK$243,MATCH(W13,$B$1:$B$243,0),13),"") | AJ13: =IFERROR(INDEX($B$1:$AK$243,MATCH(W13,$B$1:$B$243,0),15),"") | AK13: =SUMIF($W$2:$W$243,B13,$S$2:$S$243) -> 0 | AP13: =T13 -> 0 | AR13: 410851 | AS13: =SUMIF($B:$B,AR13,$AP:$AP) -> 0
A14: 13 | B14: 587493 | C14: 1908 CT62 18C | D14: CT62 | E14: 1908 | F14: 18C | G14: B - Standard ( Base ) | H14: =SUMIFS('Cutters Consumption Updates'!$F:$F,'Cutters Consumption Updates'!$D:$D,H$1,'Cutters Consumption Updates'!$B:$B,$B14)-SUMIFS('Cutters Consumption Updates'!$E:$E,'Cutters Consumption Updates'!$D:$D,H$1,'Cutters Consumption Updates'!$B:$B,$B14)+ SUMIF('Cutters Consumption Updates'!$AS:$AS,$B14,'Cutters Consumption Updates'!AT:AT) -> 0 | I14: =SUMIFS('Cutters Consumption Updates'!$F:$F,'Cutters Consumption Updates'!$D:$D,I$1,'Cutters Consumption Updates'!$B:$B,$B14)-SUMIFS('Cutters Consumption Updates'!$E:$E,'Cutters Consumption Updates'!$D:$D,I$1,'Cutters Consumption Updates'!$B:$B,$B14)+ SUMIF('Cutters Consumption Updates'!$AS:$AS,$B14,'Cutters Consumption Updates'!AU:AU) -> 0 | J14: =SUMIFS('Cutters Consumption Updates'!$F:$F,'Cutters Consumption Updates'!$D:$D,J$1,'Cutters Consumption Updates'!$B:$B,$B14)-SUMIFS('Cutters Consumption Updates'!$E:$E,'Cutters Consumption Updates'!$D:$D,J$1,'Cutters Consumption Updates'!$B:$B,$B14)+ SUMIF('Cutters Consumption Updates'!$AS:$AS,$B14,'Cutters Consumption Updates'!AV:AV) -> 0 | K14: =SUMIFS('Cutters Consumption Updates'!$F:$F,'Cutters Consumption Updates'!$D:$D,K$1,'Cutters Consumption Updates'!$B:$B,$B14)-SUMIFS('Cutters Consumption Updates'!$E:$E,'Cutters Consumption Updates'!$D:$D,K$1,'Cutters Consumption Updates'!$B:$B,$B14)+ SUMIF('Cutters Consumption Updates'!$AS:$AS,$B14,'Cutters Consumption Updates'!AW:AW) -> 0 | L14: =SUMIFS('Cutters Consumption Updates'!$F:$F,'Cutters Consumption Updates'!$D:$D,L$1,'Cutters Consumption Updates'!$B:$B,$B14)-SUMIFS('Cutters Consumption Updates'!$E:$E,'Cutters Consumption Updates'!$D:$D,$L$1,'Cutters Consumption Updates'!$B:$B,$B14)+SUMIFS('Cutters Consumption Updates'!$F:$F,'Cutters Consumption Updates'!$D:$D,"Retrofit",'Cutters Consumption Updates'!$B:$B,$B14)-SUMIFS('Cutters Consumption Updates'!$E:$E,'Cutters Consumption Updates'!$D:$D,"Retrofit",'Cutters Consumption Updates'!$B:$B,$B14)+ SUMIF('Cutters Consumption Updates'!$AS:$AS,$B14,'Cutters Consumption Updates'!AX:AX) -> 20 | M14: =L14+H14 -> 20 | N14: =SUMIFS('Cutters Consumption Updates'!E:E, 'Cutters Consumption Updates'!B:B, B14, 'Cutters Consumption Updates'!A:A, ">" & TODAY()-182) -> 0 | O14: =SUMIFS('Cutters Consumption Updates'!E:E, 'Cutters Consumption Updates'!B:B, B14, 'Cutters Consumption Updates'!A:A, ">" & TODAY()-91) -> 0 | P14: =IF(N14<>0,_xlfn.CEILING.MATH(N14/3),0) -> 0 | Q14: =IF(P14<=1, 0, CEILING( IF(P14>=300, P14+10, IF(P14>=200, P14+5, IF(P14>=100, P14+5, IF(P14>=50, P14+2, IF(P14>=20, P14+2, IF(P14>=10, P14+2, IF(P14>=5, P14+2, P14+1))))))), 5)) -> 0 | S14: =IFERROR(INDEX(Table5[],MATCH($B14,Table5[Component],0),2),0) -> 0 | T14: =SUMIFS(Table7[Balance],Table7[Cutter Mat'#],$B14) -> 0 | U14: =M14+T14-S14 -> 20 | Y14: =IFERROR(INDEX(Table5[],MATCH($B14,Table5[Component],0),2),0) -> 0 | Z14: =IFERROR(INDEX(Table5[],MATCH($B14,Table5[Component],0),1),0) -> 0 | AA14: =IF(Y14<>0,B14,"") | AB14: =IF(S14<>Y14,1,"") | AD14: =H14+I14+J14+L14 -> 20 | AI14: =IFERROR(INDEX($B$1:$AK$243,MATCH(W14,$B$1:$B$243,0),13),"") | AJ14: =IFERROR(INDEX($B$1:$AK$243,MATCH(W14,$B$1:$B$243,0),15),"") | AK14: =SUMIF($W$2:$W$243,B14,$S$2:$S$243) -> 0 | AP14: =T14 -> 0 | AR14: 418525 | AS14: =SUMIF($B:$B,AR14,$AP:$AP) -> 150
A15: 14 | B15: 565884 | C15: 1313 CT61 18C | D15: CT61 | E15: 1313 | F15: 18C | G15: B - Standard ( Base ) | H15: =SUMIFS('Cutters Consumption Updates'!$F:$F,'Cutters Consumption Updates'!$D:$D,H$1,'Cutters Consumption Updates'!$B:$B,$B15)-SUMIFS('Cutters Consumption Updates'!$E:$E,'Cutters Consumption Updates'!$D:$D,H$1,'Cutters Consumption Updates'!$B:$B,$B15)+ SUMIF('Cutters Consumption Updates'!$AS:$AS,$B15,'Cutters Consumption Updates'!AT:AT) -> 0 | I15: =SUMIFS('Cutters Consumption Updates'!$F:$F,'Cutters Consumption Updates'!$D:$D,I$1,'Cutters Consumption Updates'!$B:$B,$B15)-SUMIFS('Cutters Consumption Updates'!$E:$E,'Cutters Consumption Updates'!$D:$D,I$1,'Cutters Consumption Updates'!$B:$B,$B15)+ SUMIF('Cutters Consumption Updates'!$AS:$AS,$B15,'Cutters Consumption Updates'!AU:AU) -> 0 | J15: =SUMIFS('Cutters Consumption Updates'!$F:$F,'Cutters Consumption Updates'!$D:$D,J$1,'Cutters Consumption Updates'!$B:$B,$B15)-SUMIFS('Cutters Consumption Updates'!$E:$E,'Cutters Consumption Updates'!$D:$D,J$1,'Cutters Consumption Updates'!$B:$B,$B15)+ SUMIF('Cutters Consumption Updates'!$AS:$AS,$B15,'Cutters Consumption Updates'!AV:AV) -> 0 | K15: =SUMIFS('Cutters Consumption Updates'!$F:$F,'Cutters Consumption Updates'!$D:$D,K$1,'Cutters Consumption Updates'!$B:$B,$B15)-SUMIFS('Cutters Consumption Updates'!$E:$E,'Cutters Consumption Updates'!$D:$D,K$1,'Cutters Consumption Updates'!$B:$B,$B15)+ SUMIF('Cutters Consumption Updates'!$AS:$AS,$B15,'Cutters Consumption Updates'!AW:AW) -> 0 | L15: =SUMIFS('Cutters Consumption Updates'!$F:$F,'Cutters Consumption Updates'!$D:$D,L$1,'Cutters Consumption Updates'!$B:$B,$B15)-SUMIFS('Cutters Consumption Updates'!$E:$E,'Cutters Consumption Updates'!$D:$D,$L$1,'Cutters Consumption Updates'!$B:$B,$B15)+SUMIFS('Cutters Consumption Updates'!$F:$F,'Cutters Consumption Updates'!$D:$D,"Retrofit",'Cutters Consumption Updates'!$B:$B,$B15)-SUMIFS('Cutters Consumption Updates'!$E:$E,'Cutters Consumption Updates'!$D:$D,"Retrofit",'Cutters Consumption Updates'!$B:$B,$B15)+ SUMIF('Cutters Consumption Updates'!$AS:$AS,$B15,'Cutters Consumption Updates'!AX:AX) -> 0 | M15: =L15+H15 -> 0 | N15: =SUMIFS('Cutters Consumption Updates'!E:E, 'Cutters Consumption Updates'!B:B, B15, 'Cutters Consumption Updates'!A:A, ">" & TODAY()-182) -> 0 | O15: =SUMIFS('Cutters Consumption Updates'!E:E, 'Cutters Consumption Updates'!B:B, B15, 'Cutters Consumption Updates'!A:A, ">" & TODAY()-91) -> 0 | P15: =IF(N15<>0,_xlfn.CEILING.MATH(N15/3),0) -> 0 | Q15: =IF(P15<=1, 0, CEILING( IF(P15>=300, P15+10, IF(P15>=200, P15+5, IF(P15>=100, P15+5, IF(P15>=50, P15+2, IF(P15>=20, P15+2, IF(P15>=10, P15+2, IF(P15>=5, P15+2, P15+1))))))), 5)) -> 0 | S15: =IFERROR(INDEX(Table5[],MATCH($B15,Table5[Component],0),2),0) -> 0 | T15: =SUMIFS(Table7[Balance],Table7[Cutter Mat'#],$B15) -> 0 | U15: =M15+T15-S15 -> 0 | Y15: =IFERROR(INDEX(Table5[],MATCH($B15,Table5[Component],0),2),0) -> 0 | Z15: =IFERROR(INDEX(Table5[],MATCH($B15,Table5[Component],0),1),0) -> 0 | AA15: =IF(Y15<>0,B15,"") | AB15: =IF(S15<>Y15,1,"") | AD15: =H15+I15+J15+L15 -> 0 | AI15: =IFERROR(INDEX($B$1:$AK$243,MATCH(W15,$B$1:$B$243,0),13),"") | AJ15: =IFERROR(INDEX($B$1:$AK$243,MATCH(W15,$B$1:$B$243,0),15),"") | AK15: =SUMIF($W$2:$W$243,B15,$S$2:$S$243) -> 0 | AP15: =T15 -> 0 | AR15: 467367 | AS15: =SUMIF($B:$B,AR15,$AP:$AP) -> 0
A16: 15 | B16: 703670 | C16: 1313 CT200 10C | D16: CT200 | E16: 1313 | F16: 10C | G16: B - Standard ( Base ) | H16: =SUMIFS('Cutters Consumption Updates'!$F:$F,'Cutters Consumption Updates'!$D:$D,H$1,'Cutters Consumption Updates'!$B:$B,$B16)-SUMIFS('Cutters Consumption Updates'!$E:$E,'Cutters Consumption Updates'!$D:$D,H$1,'Cutters Consumption Updates'!$B:$B,$B16)+ SUMIF('Cutters Consumption Updates'!$AS:$AS,$B16,'Cutters Consumption Updates'!AT:AT) -> 0 | I16: =SUMIFS('Cutters Consumption Updates'!$F:$F,'Cutters Consumption Updates'!$D:$D,I$1,'Cutters Consumption Updates'!$B:$B,$B16)-SUMIFS('Cutters Consumption Updates'!$E:$E,'Cutters Consumption Updates'!$D:$D,I$1,'Cutters Consumption Updates'!$B:$B,$B16)+ SUMIF('Cutters Consumption Updates'!$AS:$AS,$B16,'Cutters Consumption Updates'!AU:AU) -> 0 | J16: =SUMIFS('Cutters Consumption Updates'!$F:$F,'Cutters Consumption Updates'!$D:$D,J$1,'Cutters Consumption Updates'!$B:$B,$B16)-SUMIFS('Cutters Consumption Updates'!$E:$E,'Cutters Consumption Updates'!$D:$D,J$1,'Cutters Consumption Updates'!$B:$B,$B16)+ SUMIF('Cutters Consumption Updates'!$AS:$AS,$B16,'Cutters Consumption Updates'!AV:AV) -> 0 | K16: =SUMIFS('Cutters Consumption Updates'!$F:$F,'Cutters Consumption Updates'!$D:$D,K$1,'Cutters Consumption Updates'!$B:$B,$B16)-SUMIFS('Cutters Consumption Updates'!$E:$E,'Cutters Consumption Updates'!$D:$D,K$1,'Cutters Consumption Updates'!$B:$B,$B16)+ SUMIF('Cutters Consumption Updates'!$AS:$AS,$B16,'Cutters Consumption Updates'!AW:AW) -> 29 | L16: =SUMIFS('Cutters Consumption Updates'!$F:$F,'Cutters Consumption Updates'!$D:$D,L$1,'Cutters Consumption Updates'!$B:$B,$B16)-SUMIFS('Cutters Consumption Updates'!$E:$E,'Cutters Consumption Updates'!$D:$D,$L$1,'Cutters Consumption Updates'!$B:$B,$B16)+SUMIFS('Cutters Consumption Updates'!$F:$F,'Cutters Consumption Updates'!$D:$D,"Retrofit",'Cutters Consumption Updates'!$B:$B,$B16)-SUMIFS('Cutters Consumption Updates'!$E:$E,'Cutters Consumption Updates'!$D:$D,"Retrofit",'Cutters Consumption Updates'!$B:$B,$B16)+ SUMIF('Cutters Consumption Updates'!$AS:$AS,$B16,'Cutters Consumption Updates'!AX:AX) -> 14 | M16: =L16+H16 -> 14 | N16: =SUMIFS('Cutters Consumption Updates'!E:E, 'Cutters Consumption Updates'!B:B, B16, 'Cutters Consumption Updates'!A:A, ">" & TODAY()-182) -> 49 | O16: =SUMIFS('Cutters Consumption Updates'!E:E, 'Cutters Consumption Updates'!B:B, B16, 'Cutters Consumption Updates'!A:A, ">" & TODAY()-91) -> 5 | P16: =IF(N16<>0,_xlfn.CEILING.MATH(N16/3),0) -> 17 | Q16: =IF(P16<=1, 0, CEILING( IF(P16>=300, P16+10, IF(P16>=200, P16+5, IF(P16>=100, P16+5, IF(P16>=50, P16+2, IF(P16>=20, P16+2, IF(P16>=10, P16+2, IF(P16>=5, P16+2, P16+1))))))), 5)) -> 20 | R16: 1313 V 18-60 | S16: =IFERROR(INDEX(Table5[],MATCH($B16,Table5[Component],0),2),0) -> 0 | T16: =SUMIFS(Table7[Balance],Table7[Cutter Mat'#],$B16) -> 0 | U16: =M16+T16-S16 -> 14 | Y16: =IFERROR(INDEX(Table5[],MATCH($B16,Table5[Component],0),2),0) -> 0 | Z16: =IFERROR(INDEX(Table5[],MATCH($B16,Table5[Component],0),1),0) -> 703670 | AA16: =IF(Y16<>0,B16,"") | AB16: =IF(S16<>Y16,1,"") | AD16: =H16+I16+J16+L16 -> 14 | AI16: =IFERROR(INDEX($B$1:$AK$243,MATCH(W16,$B$1:$B$243,0),13),"") | AJ16: =IFERROR(INDEX($B$1:$AK$243,MATCH(W16,$B$1:$B$243,0),15),"") | AK16: =SUMIF($W$2:$W$243,B16,$S$2:$S$243) -> 0 | AP16: =T16 -> 0 | AR16: 471108 | AS16: =SUMIF($B:$B,AR16,$AP:$AP) -> 0
A17: 16 | B17: 708305 | C17: 1913 CT200 10C | D17: CT200 | E17: 1913 | F17: 10C | G17: B - Standard ( Base ) | H17: =SUMIFS('Cutters Consumption Updates'!$F:$F,'Cutters Consumption Updates'!$D:$D,H$1,'Cutters Consumption Updates'!$B:$B,$B17)-SUMIFS('Cutters Consumption Updates'!$E:$E,'Cutters Consumption Updates'!$D:$D,H$1,'Cutters Consumption Updates'!$B:$B,$B17)+ SUMIF('Cutters Consumption Updates'!$AS:$AS,$B17,'Cutters Consumption Updates'!AT:AT) -> 0 | I17: =SUMIFS('Cutters Consumption Updates'!$F:$F,'Cutters Consumption Updates'!$D:$D,I$1,'Cutters Consumption Updates'!$B:$B,$B17)-SUMIFS('Cutters Consumption Updates'!$E:$E,'Cutters Consumption Updates'!$D:$D,I$1,'Cutters Consumption Updates'!$B:$B,$B17)+ SUMIF('Cutters Consumption Updates'!$AS:$AS,$B17,'Cutters Consumption Updates'!AU:AU) -> 0 | J17: =SUMIFS('Cutters Consumption Updates'!$F:$F,'Cutters Consumption Updates'!$D:$D,J$1,'Cutters Consumption Updates'!$B:$B,$B17)-SUMIFS('Cutters Consumption Updates'!$E:$E,'Cutters Consumption Updates'!$D:$D,J$1,'Cutters Consumption Updates'!$B:$B,$B17)+ SUMIF('Cutters Consumption Updates'!$AS:$AS,$B17,'Cutters Consumption Updates'!AV:AV) -> 0 | K17: =SUMIFS('Cutters Consumption Updates'!$F:$F,'Cutters Consumption Updates'!$D:$D,K$1,'Cutters Consumption Updates'!$B:$B,$B17)-SUMIFS('Cutters Consumption Updates'!$E:$E,'Cutters Consumption Updates'!$D:$D,K$1,'Cutters Consumption Updates'!$B:$B,$B17)+ SUMIF('Cutters Consumption Updates'!$AS:$AS,$B17,'Cutters Consumption Updates'!AW:AW) -> 0 | L17: =SUMIFS('Cutters Consumption Updates'!$F:$F,'Cutters Consumption Updates'!$D:$D,L$1,'Cutters Consumption Updates'!$B:$B,$B17)-SUMIFS('Cutters Consumption Updates'!$E:$E,'Cutters Consumption Updates'!$D:$D,$L$1,'Cutters Consumption Updates'!$B:$B,$B17)+SUMIFS('Cutters Consumption Updates'!$F:$F,'Cutters Consumption Updates'!$D:$D,"Retrofit",'Cutters Consumption Updates'!$B:$B,$B17)-SUMIFS('Cutters Consumption Updates'!$E:$E,'Cutters Consumption Updates'!$D:$D,"Retrofit",'Cutters Consumption Updates'!$B:$B,$B17)+ SUMIF('Cutters Consumption Updates'!$AS:$AS,$B17,'Cutters Consumption Updates'!AX:AX) -> 2 | M17: =L17+H17 -> 2 | N17: =SUMIFS('Cutters Consumption Updates'!E:E, 'Cutters Consumption Updates'!B:B, B17, 'Cutters Consumption Updates'!A:A, ">" & TODAY()-182) -> 0 | O17: =SUMIFS('Cutters Consumption Updates'!E:E, 'Cutters Consumption Updates'!B:B, B17, 'Cutters Consumption Updates'!A:A, ">" & TODAY()-91) -> 0 | P17: =IF(N17<>0,_xlfn.CEILING.MATH(N17/3),0) -> 0 | Q17: =IF(P17<=1, 0, CEILING( IF(P17>=300, P17+10, IF(P17>=200, P17+5, IF(P17>=100, P17+5, IF(P17>=50, P17+2, IF(P17>=20, P17+2, IF(P17>=10, P17+2, IF(P17>=5, P17+2, P17+1))))))), 5)) -> 0 | S17: =IFERROR(INDEX(Table5[],MATCH($B17,Table5[Component],0),2),0) -> 0 | T17: =SUMIFS(Table7[Balance],Table7[Cutter Mat'#],$B17) -> 0 | U17: =M17+T17-S17 -> 2 | Y17: =IFERROR(INDEX(Table5[],MATCH($B17,Table5[Component],0),2),0) -> 0 | Z17: =IFERROR(INDEX(Table5[],MATCH($B17,Table5[Component],0),1),0) -> 0 | AA17: =IF(Y17<>0,B17,"") | AB17: =IF(S17<>Y17,1,"") | AD17: =H17+I17+J17+L17 -> 2 | AI17: =IFERROR(INDEX($B$1:$AK$243,MATCH(W17,$B$1:$B$243,0),13),"") | AJ17: =IFERROR(INDEX($B$1:$AK$243,MATCH(W17,$B$1:$B$243,0),15),"") | AK17: =SUMIF($W$2:$W$243,B17,$S$2:$S$243) -> 0 | AP17: =T17 -> 0 | AR17: 471109 | AS17: =SUMIF($B:$B,AR17,$AP:$AP) -> 0
A18: 17 | B18: 717749 | C18: 1308 CT200 10C | D18: CT200 | E18: 1308 | F18: 10C | G18: B - Standard ( Base ) | H18: =SUMIFS('Cutters Consumption Updates'!$F:$F,'Cutters Consumption Updates'!$D:$D,H$1,'Cutters Consumption Updates'!$B:$B,$B18)-SUMIFS('Cutters Consumption Updates'!$E:$E,'Cutters Consumption Updates'!$D:$D,H$1,'Cutters Consumption Updates'!$B:$B,$B18)+ SUMIF('Cutters Consumption Updates'!$AS:$AS,$B18,'Cutters Consumption Updates'!AT:AT) -> 0 | I18: =SUMIFS('Cutters Consumption Updates'!$F:$F,'Cutters Consumption Updates'!$D:$D,I$1,'Cutters Consumption Updates'!$B:$B,$B18)-SUMIFS('Cutters Consumption Updates'!$E:$E,'Cutters Consumption Updates'!$D:$D,I$1,'Cutters Consumption Updates'!$B:$B,$B18)+ SUMIF('Cutters Consumption Updates'!$AS:$AS,$B18,'Cutters Consumption Updates'!AU:AU) -> 0 | J18: =SUMIFS('Cutters Consumption Updates'!$F:$F,'Cutters Consumption Updates'!$D:$D,J$1,'Cutters Consumption Updates'!$B:$B,$B18)-SUMIFS('Cutters Consumption Updates'!$E:$E,'Cutters Consumption Updates'!$D:$D,J$1,'Cutters Consumption Updates'!$B:$B,$B18)+ SUMIF('Cutters Consumption Updates'!$AS:$AS,$B18,'Cutters Consumption Updates'!AV:AV) -> 0 | K18: =SUMIFS('Cutters Consumption Updates'!$F:$F,'Cutters Consumption Updates'!$D:$D,K$1,'Cutters Consumption Updates'!$B:$B,$B18)-SUMIFS('Cutters Consumption Updates'!$E:$E,'Cutters Consumption Updates'!$D:$D,K$1,'Cutters Consumption Updates'!$B:$B,$B18)+ SUMIF('Cutters Consumption Updates'!$AS:$AS,$B18,'Cutters Consumption Updates'!AW:AW) -> 0 | L18: =SUMIFS('Cutters Consumption Updates'!$F:$F,'Cutters Consumption Updates'!$D:$D,L$1,'Cutters Consumption Updates'!$B:$B,$B18)-SUMIFS('Cutters Consumption Updates'!$E:$E,'Cutters Consumption Updates'!$D:$D,$L$1,'Cutters Consumption Updates'!$B:$B,$B18)+SUMIFS('Cutters Consumption Updates'!$F:$F,'Cutters Consumption Updates'!$D:$D,"Retrofit",'Cutters Consumption Updates'!$B:$B,$B18)-SUMIFS('Cutters Consumption Updates'!$E:$E,'Cutters Consumption Updates'!$D:$D,"Retrofit",'Cutters Consumption Updates'!$B:$B,$B18)+ SUMIF('Cutters Consumption Updates'!$AS:$AS,$B18,'Cutters Consumption Updates'!AX:AX) -> 0 | M18: =L18+H18 -> 0 | N18: =SUMIFS('Cutters Consumption Updates'!E:E, 'Cutters Consumption Updates'!B:B, B18, 'Cutters Consumption Updates'!A:A, ">" & TODAY()-182) -> 0 | O18: =SUMIFS('Cutters Consumption Updates'!E:E, 'Cutters Consumption Updates'!B:B, B18, 'Cutters Consumption Updates'!A:A, ">" & TODAY()-91) -> 0 | P18: =IF(N18<>0,_xlfn.CEILING.MATH(N18/3),0) -> 0 | Q18: =IF(P18<=1, 0, CEILING( IF(P18>=300, P18+10, IF(P18>=200, P18+5, IF(P18>=100, P18+5, IF(P18>=50, P18+2, IF(P18>=20, P18+2, IF(P18>=10, P18+2, IF(P18>=5, P18+2, P18+1))))))), 5)) -> 0 | S18: =IFERROR(INDEX(Table5[],MATCH($B18,Table5[Component],0),2),0) -> 0 | T18: =SUMIFS(Table7[Balance],Table7[Cutter Mat'#],$B18) -> 0 | U18: =M18+T18-S18 -> 0 | Y18: =IFERROR(INDEX(Table5[],MATCH($B18,Table5[Component],0),2),0) -> 0 | Z18: =IFERROR(INDEX(Table5[],MATCH($B18,Table5[Component],0),1),0) -> 0 | AA18: =IF(Y18<>0,B18,"") | AB18: =IF(S18<>Y18,1,"") | AD18: =H18+I18+J18+L18 -> 0 | AI18: =IFERROR(INDEX($B$1:$AK$243,MATCH(W18,$B$1:$B$243,0),13),"") | AJ18: =IFERROR(INDEX($B$1:$AK$243,MATCH(W18,$B$1:$B$243,0),15),"") | AK18: =SUMIF($W$2:$W$243,B18,$S$2:$S$243) -> 0 | AP18: =T18 -> 0 | AR18: 535656 | AS18: =SUMIF($B:$B,AR18,$AP:$AP) -> 0
A19: 18 | B19: 745171 | C19: 1308 CT80 10C | D19: CT80 | E19: 1308 | F19: 10C | G19: B - Standard ( Base ) | H19: =SUMIFS('Cutters Consumption Updates'!$F:$F,'Cutters Consumption Updates'!$D:$D,H$1,'Cutters Consumption Updates'!$B:$B,$B19)-SUMIFS('Cutters Consumption Updates'!$E:$E,'Cutters Consumption Updates'!$D:$D,H$1,'Cutters Consumption Updates'!$B:$B,$B19)+ SUMIF('Cutters Consumption Updates'!$AS:$AS,$B19,'Cutters Consumption Updates'!AT:AT) -> 0 | I19: =SUMIFS('Cutters Consumption Updates'!$F:$F,'Cutters Consumption Updates'!$D:$D,I$1,'Cutters Consumption Updates'!$B:$B,$B19)-SUMIFS('Cutters Consumption Updates'!$E:$E,'Cutters Consumption Updates'!$D:$D,I$1,'Cutters Consumption Updates'!$B:$B,$B19)+ SUMIF('Cutters Consumption Updates'!$AS:$AS,$B19,'Cutters Consumption Updates'!AU:AU) -> 0 | J19: =SUMIFS('Cutters Consumption Updates'!$F:$F,'Cutters Consumption Updates'!$D:$D,J$1,'Cutters Consumption Updates'!$B:$B,$B19)-SUMIFS('Cutters Consumption Updates'!$E:$E,'Cutters Consumption Updates'!$D:$D,J$1,'Cutters Consumption Updates'!$B:$B,$B19)+ SUMIF('Cutters Consumption Updates'!$AS:$AS,$B19,'Cutters Consumption Updates'!AV:AV) -> 0 | K19: =SUMIFS('Cutters Consumption Updates'!$F:$F,'Cutters Consumption Updates'!$D:$D,K$1,'Cutters Consumption Updates'!$B:$B,$B19)-SUMIFS('Cutters Consumption Updates'!$E:$E,'Cutters Consumption Updates'!$D:$D,K$1,'Cutters Consumption Updates'!$B:$B,$B19)+ SUMIF('Cutters Consumption Updates'!$AS:$AS,$B19,'Cutters Consumption Updates'!AW:AW) -> 4 | L19: =SUMIFS('Cutters Consumption Updates'!$F:$F,'Cutters Consumption Updates'!$D:$D,L$1,'Cutters Consumption Updates'!$B:$B,$B19)-SUMIFS('Cutters Consumption Updates'!$E:$E,'Cutters Consumption Updates'!$D:$D,$L$1,'Cutters Consumption Updates'!$B:$B,$B19)+SUMIFS('Cutters Consumption Updates'!$F:$F,'Cutters Consumption Updates'!$D:$D,"Retrofit",'Cutters Consumption Updates'!$B:$B,$B19)-SUMIFS('Cutters Consumption Updates'!$E:$E,'Cutters Consumption Updates'!$D:$D,"Retrofit",'Cutters Consumption Updates'!$B:$B,$B19)+ SUMIF('Cutters Consumption Updates'!$AS:$AS,$B19,'Cutters Consumption Updates'!AX:AX) -> 1 | M19: =L19+H19 -> 1 | N19: =SUMIFS('Cutters Consumption Updates'!E:E, 'Cutters Consumption Updates'!B:B, B19, 'Cutters Consumption Updates'!A:A, ">" & TODAY()-182) -> 0 | O19: =SUMIFS('Cutters Consumption Updates'!E:E, 'Cutters Consumption Updates'!B:B, B19, 'Cutters Consumption Updates'!A:A, ">" & TODAY()-91) -> 0 | P19: =IF(N19<>0,_xlfn.CEILING.MATH(N19/3),0) -> 0 | Q19: =IF(P19<=1, 0, CEILING( IF(P19>=300, P19+10, IF(P19>=200, P19+5, IF(P19>=100, P19+5, IF(P19>=50, P19+2, IF(P19>=20, P19+2, IF(P19>=10, P19+2, IF(P19>=5, P19+2, P19+1))))))), 5)) -> 0 | S19: =IFERROR(INDEX(Table5[],MATCH($B19,Table5[Component],0),2),0) -> 0 | T19: =SUMIFS(Table7[Balance],Table7[Cutter Mat'#],$B19) -> 0 | U19: =M19+T19-S19 -> 1 | Y19: =IFERROR(INDEX(Table5[],MATCH($B19,Table5[Component],0),2),0) -> 0 | Z19: =IFERROR(INDEX(Table5[],MATCH($B19,Table5[Component],0),1),0) -> 0 | AA19: =IF(Y19<>0,B19,"") | AB19: =IF(S19<>Y19,1,"") | AD19: =H19+I19+J19+L19 -> 1 | AI19: =IFERROR(INDEX($B$1:$AK$243,MATCH(W19,$B$1:$B$243,0),13),"") | AJ19: =IFERROR(INDEX($B$1:$AK$243,MATCH(W19,$B$1:$B$243,0),15),"") | AK19: =SUMIF($W$2:$W$243,B19,$S$2:$S$243) -> 0 | AP19: =T19 -> 0 | AR19: 562195 | AS19: =SUMIF($B:$B,AR19,$AP:$AP) -> 0
A20: 19 | B20: 376826 | C20: #N/A | D20: #N/A | E20: #N/A | F20: #N/A | G20: #N/A | H20: =SUMIFS('Cutters Consumption Updates'!$F:$F,'Cutters Consumption Updates'!$D:$D,H$1,'Cutters Consumption Updates'!$B:$B,$B20)-SUMIFS('Cutters Consumption Updates'!$E:$E,'Cutters Consumption Updates'!$D:$D,H$1,'Cutters Consumption Updates'!$B:$B,$B20)+ SUMIF('Cutters Consumption Updates'!$AS:$AS,$B20,'Cutters Consumption Updates'!AT:AT) -> 0 | I20: =SUMIFS('Cutters Consumption Updates'!$F:$F,'Cutters Consumption Updates'!$D:$D,I$1,'Cutters Consumption Updates'!$B:$B,$B20)-SUMIFS('Cutters Consumption Updates'!$E:$E,'Cutters Consumption Updates'!$D:$D,I$1,'Cutters Consumption Updates'!$B:$B,$B20)+ SUMIF('Cutters Consumption Updates'!$AS:$AS,$B20,'Cutters Consumption Updates'!AU:AU) -> 0 | J20: =SUMIFS('Cutters Consumption Updates'!$F:$F,'Cutters Consumption Updates'!$D:$D,J$1,'Cutters Consumption Updates'!$B:$B,$B20)-SUMIFS('Cutters Consumption Updates'!$E:$E,'Cutters Consumption Updates'!$D:$D,J$1,'Cutters Consumption Updates'!$B:$B,$B20)+ SUMIF('Cutters Consumption Updates'!$AS:$AS,$B20,'Cutters Consumption Updates'!AV:AV) -> 0 | K20: =SUMIFS('Cutters Consumption Updates'!$F:$F,'Cutters Consumption Updates'!$D:$D,K$1,'Cutters Consumption Updates'!$B:$B,$B20)-SUMIFS('Cutters Consumption Updates'!$E:$E,'Cutters Consumption Updates'!$D:$D,K$1,'Cutters Consumption Updates'!$B:$B,$B20)+ SUMIF('Cutters Consumption Updates'!$AS:$AS,$B20,'Cutters Consumption Updates'!AW:AW) -> 0 | L20: =SUMIFS('Cutters Consumption Updates'!$F:$F,'Cutters Consumption Updates'!$D:$D,L$1,'Cutters Consumption Updates'!$B:$B,$B20)-SUMIFS('Cutters Consumption Updates'!$E:$E,'Cutters Consumption Updates'!$D:$D,$L$1,'Cutters Consumption Updates'!$B:$B,$B20)+SUMIFS('Cutters Consumption Updates'!$F:$F,'Cutters Consumption Updates'!$D:$D,"Retrofit",'Cutters Consumption Updates'!$B:$B,$B20)-SUMIFS('Cutters Consumption Updates'!$E:$E,'Cutters Consumption Updates'!$D:$D,"Retrofit",'Cutters Consumption Updates'!$B:$B,$B20)+ SUMIF('Cutters Consumption Updates'!$AS:$AS,$B20,'Cutters Consumption Updates'!AX:AX) -> 0 | M20: =L20+H20 -> 0 | N20: =SUMIFS('Cutters Consumption Updates'!E:E, 'Cutters Consumption Updates'!B:B, B20, 'Cutters Consumption Updates'!A:A, ">" & TODAY()-182) -> 0 | O20: =SUMIFS('Cutters Consumption Updates'!E:E, 'Cutters Consumption Updates'!B:B, B20, 'Cutters Consumption Updates'!A:A, ">" & TODAY()-91) -> 0 | P20: =IF(N20<>0,_xlfn.CEILING.MATH(N20/3),0) -> 0 | Q20: =IF(P20<=1, 0, CEILING( IF(P20>=300, P20+10, IF(P20>=200, P20+5, IF(P20>=100, P20+5, IF(P20>=50, P20+2, IF(P20>=20, P20+2, IF(P20>=10, P20+2, IF(P20>=5, P20+2, P20+1))))))), 5)) -> 0 | S20: =IFERROR(INDEX(Table5[],MATCH($B20,Table5[Component],0),2),0) -> 0 | T20: =SUMIFS(Table7[Balance],Table7[Cutter Mat'#],$B20) -> 0 | U20: =M20+T20-S20 -> 0 | Y20: =IFERROR(INDEX(Table5[],MATCH($B20,Table5[Component],0),2),0) -> 0 | Z20: =IFERROR(INDEX(Table5[],MATCH($B20,Table5[Component],0),1),0) -> 0 | AA20: =IF(Y20<>0,B20,"") | AB20: =IF(S20<>Y20,1,"") | AD20: =H20+I20+J20+L20 -> 0 | AI20: =IFERROR(INDEX($B$1:$AK$243,MATCH(W20,$B$1:$B$243,0),13),"") | AJ20: =IFERROR(INDEX($B$1:$AK$243,MATCH(W20,$B$1:$B$243,0),15),"") | AK20: =SUMIF($W$2:$W$243,B20,$S$2:$S$243) -> 0 | AP20: =T20 -> 0 | AR20: 565884 | AS20: =SUMIF($B:$B,AR20,$AP:$AP) -> 0
A21: 20 | B21: 621152 | C21: 13MM MDR 1318 M2 PDC | D21: M2 MDR | E21: 13MM | F21: N/A | G21: D - Depth of Cut Control Elements | H21: =SUMIFS('Cutters Consumption Updates'!$F:$F,'Cutters Consumption Updates'!$D:$D,H$1,'Cutters Consumption Updates'!$B:$B,$B21)-SUMIFS('Cutters Consumption Updates'!$E:$E,'Cutters Consumption Updates'!$D:$D,H$1,'Cutters Consumption Updates'!$B:$B,$B21)+ SUMIF('Cutters Consumption Updates'!$AS:$AS,$B21,'Cutters Consumption Updates'!AT:AT) -> 9 | I21: =SUMIFS('Cutters Consumption Updates'!$F:$F,'Cutters Consumption Updates'!$D:$D,I$1,'Cutters Consumption Updates'!$B:$B,$B21)-SUMIFS('Cutters Consumption Updates'!$E:$E,'Cutters Consumption Updates'!$D:$D,I$1,'Cutters Consumption Updates'!$B:$B,$B21)+ SUMIF('Cutters Consumption Updates'!$AS:$AS,$B21,'Cutters Consumption Updates'!AU:AU) -> 0 | J21: =SUMIFS('Cutters Consumption Updates'!$F:$F,'Cutters Consumption Updates'!$D:$D,J$1,'Cutters Consumption Updates'!$B:$B,$B21)-SUMIFS('Cutters Consumption Updates'!$E:$E,'Cutters Consumption Updates'!$D:$D,J$1,'Cutters Consumption Updates'!$B:$B,$B21)+ SUMIF('Cutters Consumption Updates'!$AS:$AS,$B21,'Cutters Consumption Updates'!AV:AV) -> 0 | K21: =SUMIFS('Cutters Consumption Updates'!$F:$F,'Cutters Consumption Updates'!$D:$D,K$1,'Cutters Consumption Updates'!$B:$B,$B21)-SUMIFS('Cutters Consumption Updates'!$E:$E,'Cutters Consumption Updates'!$D:$D,K$1,'Cutters Consumption Updates'!$B:$B,$B21)+ SUMIF('Cutters Consumption Updates'!$AS:$AS,$B21,'Cutters Consumption Updates'!AW:AW) -> 0 | L21: =SUMIFS('Cutters Consumption Updates'!$F:$F,'Cutters Consumption Updates'!$D:$D,L$1,'Cutters Consumption Updates'!$B:$B,$B21)-SUMIFS('Cutters Consumption Updates'!$E:$E,'Cutters Consumption Updates'!$D:$D,$L$1,'Cutters Consumption Updates'!$B:$B,$B21)+SUMIFS('Cutters Consumption Updates'!$F:$F,'Cutters Consumption Updates'!$D:$D,"Retrofit",'Cutters Consumption Updates'!$B:$B,$B21)-SUMIFS('Cutters Consumption Updates'!$E:$E,'Cutters Consumption Updates'!$D:$D,"Retrofit",'Cutters Consumption Updates'!$B:$B,$B21)+ SUMIF('Cutters Consumption Updates'!$AS:$AS,$B21,'Cutters Consumption Updates'!AX:AX) -> 32 | M21: =L21+H21 -> 41 | N21: =SUMIFS('Cutters Consumption Updates'!E:E, 'Cutters Consumption Updates'!B:B, B21, 'Cutters Consumption Updates'!A:A, ">" & TODAY()-182) -> 0 | O21: =SUMIFS('Cutters Consumption Updates'!E:E, 'Cutters Consumption Updates'!B:B, B21, 'Cutters Consumption Updates'!A:A, ">" & TODAY()-91) -> 0 | P21: =IF(N21<>0,_xlfn.CEILING.MATH(N21/3),0) -> 0 | Q21: =IF(P21<=1, 0, CEILING( IF(P21>=300, P21+10, IF(P21>=200, P21+5, IF(P21>=100, P21+5, IF(P21>=50, P21+2, IF(P21>=20, P21+2, IF(P21>=10, P21+2, IF(P21>=5, P21+2, P21+1))))))), 5)) -> 0 | S21: =IFERROR(INDEX(Table5[],MATCH($B21,Table5[Component],0),2),0) -> 0 | T21: =SUMIFS(Table7[Balance],Table7[Cutter Mat'#],$B21) -> 0 | U21: =M21+T21-S21 -> 41 | Y21: =IFERROR(INDEX(Table5[],MATCH($B21,Table5[Component],0),2),0) -> 0 | Z21: =IFERROR(INDEX(Table5[],MATCH($B21,Table5[Component],0),1),0) -> 0 | AA21: =IF(Y21<>0,B21,"") | AB21: =IF(S21<>Y21,1,"") | AD21: =H21+I21+J21+L21 -> 41 | AI21: =IFERROR(INDEX($B$1:$AK$243,MATCH(W21,$B$1:$B$243,0),13),"") | AJ21: =IFERROR(INDEX($B$1:$AK$243,MATCH(W21,$B$1:$B$243,0),15),"") | AK21: =SUMIF($W$2:$W$243,B21,$S$2:$S$243) -> 0 | AP21: =T21 -> 0 | AR21: 578502 | AS21: =SUMIF($B:$B,AR21,$AP:$AP) -> 0
A22: 21 | B22: 643435 | C22: 1913 CT70 18C | D22: CT70 | E22: 1913 | F22: 18C | G22: S - Super Premium - PMT | H22: =SUMIFS('Cutters Consumption Updates'!$F:$F,'Cutters Consumption Updates'!$D:$D,H$1,'Cutters Consumption Updates'!$B:$B,$B22)-SUMIFS('Cutters Consumption Updates'!$E:$E,'Cutters Consumption Updates'!$D:$D,H$1,'Cutters Consumption Updates'!$B:$B,$B22)+ SUMIF('Cutters Consumption Updates'!$AS:$AS,$B22,'Cutters Consumption Updates'!AT:AT) -> 0 | I22: =SUMIFS('Cutters Consumption Updates'!$F:$F,'Cutters Consumption Updates'!$D:$D,I$1,'Cutters Consumption Updates'!$B:$B,$B22)-SUMIFS('Cutters Consumption Updates'!$E:$E,'Cutters Consumption Updates'!$D:$D,I$1,'Cutters Consumption Updates'!$B:$B,$B22)+ SUMIF('Cutters Consumption Updates'!$AS:$AS,$B22,'Cutters Consumption Updates'!AU:AU) -> 6 | J22: =SUMIFS('Cutters Consumption Updates'!$F:$F,'Cutters Consumption Updates'!$D:$D,J$1,'Cutters Consumption Updates'!$B:$B,$B22)-SUMIFS('Cutters Consumption Updates'!$E:$E,'Cutters Consumption Updates'!$D:$D,J$1,'Cutters Consumption Updates'!$B:$B,$B22)+ SUMIF('Cutters Consumption Updates'!$AS:$AS,$B22,'Cutters Consumption Updates'!AV:AV) -> 0 | K22: =SUMIFS('Cutters Consumption Updates'!$F:$F,'Cutters Consumption Updates'!$D:$D,K$1,'Cutters Consumption Updates'!$B:$B,$B22)-SUMIFS('Cutters Consumption Updates'!$E:$E,'Cutters Consumption Updates'!$D:$D,K$1,'Cutters Consumption Updates'!$B:$B,$B22)+ SUMIF('Cutters Consumption Updates'!$AS:$AS,$B22,'Cutters Consumption Updates'!AW:AW) -> 0 | L22: =SUMIFS('Cutters Consumption Updates'!$F:$F,'Cutters Consumption Updates'!$D:$D,L$1,'Cutters Consumption Updates'!$B:$B,$B22)-SUMIFS('Cutters Consumption Updates'!$E:$E,'Cutters Consumption Updates'!$D:$D,$L$1,'Cutters Consumption Updates'!$B:$B,$B22)+SUMIFS('Cutters Consumption Updates'!$F:$F,'Cutters Consumption Updates'!$D:$D,"Retrofit",'Cutters Consumption Updates'!$B:$B,$B22)-SUMIFS('Cutters Consumption Updates'!$E:$E,'Cutters Consumption Updates'!$D:$D,"Retrofit",'Cutters Consumption Updates'!$B:$B,$B22)+ SUMIF('Cutters Consumption Updates'!$AS:$AS,$B22,'Cutters Consumption Updates'!AX:AX) -> 0 | M22: =L22+H22 -> 0 | N22: =SUMIFS('Cutters Consumption Updates'!E:E, 'Cutters Consumption Updates'!B:B, B22, 'Cutters Consumption Updates'!A:A, ">" & TODAY()-182) -> 0 | O22: =SUMIFS('Cutters Consumption Updates'!E:E, 'Cutters Consumption Updates'!B:B, B22, 'Cutters Consumption Updates'!A:A, ">" & TODAY()-91) -> 0 | P22: =IF(N22<>0,_xlfn.CEILING.MATH(N22/3),0) -> 0 | Q22: =IF(P22<=1, 0, CEILING( IF(P22>=300, P22+10, IF(P22>=200, P22+5, IF(P22>=100, P22+5, IF(P22>=50, P22+2, IF(P22>=20, P22+2, IF(P22>=10, P22+2, IF(P22>=5, P22+2, P22+1))))))), 5)) -> 0 | S22: =IFERROR(INDEX(Table5[],MATCH($B22,Table5[Component],0),2),0) -> 0 | T22: =SUMIFS(Table7[Balance],Table7[Cutter Mat'#],$B22) -> 0 | U22: =M22+T22-S22 -> 0 | Y22: =IFERROR(INDEX(Table5[],MATCH($B22,Table5[Component],0),2),0) -> 0 | Z22: =IFERROR(INDEX(Table5[],MATCH($B22,Table5[Component],0),1),0) -> 0 | AA22: =IF(Y22<>0,B22,"") | AB22: =IF(S22<>Y22,1,"") | AD22: =H22+I22+J22+L22 -> 6 | AI22: =IFERROR(INDEX($B$1:$AK$243,MATCH(W22,$B$1:$B$243,0),13),"") | AJ22: =IFERROR(INDEX($B$1:$AK$243,MATCH(W22,$B$1:$B$243,0),15),"") | AK22: =SUMIF($W$2:$W$243,B22,$S$2:$S$243) -> 0 | AP22: =T22 -> 0 | AR22: 584832 | AS22: =SUMIF($B:$B,AR22,$AP:$AP) -> 0
A23: 22 | B23: 638561 | C23: 1613 CT70 18C | D23: CT70 | E23: 1613 | F23: 18C | G23: S - Super Premium - PMT | H23: =SUMIFS('Cutters Consumption Updates'!$F:$F,'Cutters Consumption Updates'!$D:$D,H$1,'Cutters Consumption Updates'!$B:$B,$B23)-SUMIFS('Cutters Consumption Updates'!$E:$E,'Cutters Consumption Updates'!$D:$D,H$1,'Cutters Consumption Updates'!$B:$B,$B23)+ SUMIF('Cutters Consumption Updates'!$AS:$AS,$B23,'Cutters Consumption Updates'!AT:AT) -> 2 | I23: =SUMIFS('Cutters Consumption Updates'!$F:$F,'Cutters Consumption Updates'!$D:$D,I$1,'Cutters Consumption Updates'!$B:$B,$B23)-SUMIFS('Cutters Consumption Updates'!$E:$E,'Cutters Consumption Updates'!$D:$D,I$1,'Cutters Consumption Updates'!$B:$B,$B23)+ SUMIF('Cutters Consumption Updates'!$AS:$AS,$B23,'Cutters Consumption Updates'!AU:AU) -> 27 | J23: =SUMIFS('Cutters Consumption Updates'!$F:$F,'Cutters Consumption Updates'!$D:$D,J$1,'Cutters Consumption Updates'!$B:$B,$B23)-SUMIFS('Cutters Consumption Updates'!$E:$E,'Cutters Consumption Updates'!$D:$D,J$1,'Cutters Consumption Updates'!$B:$B,$B23)+ SUMIF('Cutters Consumption Updates'!$AS:$AS,$B23,'Cutters Consumption Updates'!AV:AV) -> 0 | K23: =SUMIFS('Cutters Consumption Updates'!$F:$F,'Cutters Consumption Updates'!$D:$D,K$1,'Cutters Consumption Updates'!$B:$B,$B23)-SUMIFS('Cutters Consumption Updates'!$E:$E,'Cutters Consumption Updates'!$D:$D,K$1,'Cutters Consumption Updates'!$B:$B,$B23)+ SUMIF('Cutters Consumption Updates'!$AS:$AS,$B23,'Cutters Consumption Updates'!AW:AW) -> 12 | L23: =SUMIFS('Cutters Consumption Updates'!$F:$F,'Cutters Consumption Updates'!$D:$D,L$1,'Cutters Consumption Updates'!$B:$B,$B23)-SUMIFS('Cutters Consumption Updates'!$E:$E,'Cutters Consumption Updates'!$D:$D,$L$1,'Cutters Consumption Updates'!$B:$B,$B23)+SUMIFS('Cutters Consumption Updates'!$F:$F,'Cutters Consumption Updates'!$D:$D,"Retrofit",'Cutters Consumption Updates'!$B:$B,$B23)-SUMIFS('Cutters Consumption Updates'!$E:$E,'Cutters Consumption Updates'!$D:$D,"Retrofit",'Cutters Consumption Updates'!$B:$B,$B23)+ SUMIF('Cutters Consumption Updates'!$AS:$AS,$B23,'Cutters Consumption Updates'!AX:AX) -> 0 | M23: =L23+H23 -> 2 | N23: =SUMIFS('Cutters Consumption Updates'!E:E, 'Cutters Consumption Updates'!B:B, B23, 'Cutters Consumption Updates'!A:A, ">" & TODAY()-182) -> 0 | O23: =SUMIFS('Cutters Consumption Updates'!E:E, 'Cutters Consumption Updates'!B:B, B23, 'Cutters Consumption Updates'!A:A, ">" & TODAY()-91) -> 0 | P23: =IF(N23<>0,_xlfn.CEILING.MATH(N23/3),0) -> 0 | Q23: =IF(P23<=1, 0, CEILING( IF(P23>=300, P23+10, IF(P23>=200, P23+5, IF(P23>=100, P23+5, IF(P23>=50, P23+2, IF(P23>=20, P23+2, IF(P23>=10, P23+2, IF(P23>=5, P23+2, P23+1))))))), 5)) -> 0 | S23: =IFERROR(INDEX(Table5[],MATCH($B23,Table5[Component],0),2),0) -> 0 | T23: =SUMIFS(Table7[Balance],Table7[Cutter Mat'#],$B23) -> 0 | U23: =M23+T23-S23 -> 2 | Y23: =IFERROR(INDEX(Table5[],MATCH($B23,Table5[Component],0),2),0) -> 0 | Z23: =IFERROR(INDEX(Table5[],MATCH($B23,Table5[Component],0),1),0) -> 0 | AA23: =IF(Y23<>0,B23,"") | AB23: =IF(S23<>Y23,1,"") | AD23: =H23+I23+J23+L23 -> 29 | AI23: =IFERROR(INDEX($B$1:$AK$243,MATCH(W23,$B$1:$B$243,0),13),"") | AJ23: =IFERROR(INDEX($B$1:$AK$243,MATCH(W23,$B$1:$B$243,0),15),"") | AK23: =SUMIF($W$2:$W$243,B23,$S$2:$S$243) -> 0 | AP23: =T23 -> 0 | AR23: 587493 | AS23: =SUMIF($B:$B,AR23,$AP:$AP) -> 0
A24: 23 | B24: 745576 | C24: 1913 CT82 18C | D24: CT82 | E24: 1913 | F24: 18C | G24: S - Super Premium - PMT | H24: =SUMIFS('Cutters Consumption Updates'!$F:$F,'Cutters Consumption Updates'!$D:$D,H$1,'Cutters Consumption Updates'!$B:$B,$B24)-SUMIFS('Cutters Consumption Updates'!$E:$E,'Cutters Consumption Updates'!$D:$D,H$1,'Cutters Consumption Updates'!$B:$B,$B24)+ SUMIF('Cutters Consumption Updates'!$AS:$AS,$B24,'Cutters Consumption Updates'!AT:AT) -> 13 | I24: =SUMIFS('Cutters Consumption Updates'!$F:$F,'Cutters Consumption Updates'!$D:$D,I$1,'Cutters Consumption Updates'!$B:$B,$B24)-SUMIFS('Cutters Consumption Updates'!$E:$E,'Cutters Consumption Updates'!$D:$D,I$1,'Cutters Consumption Updates'!$B:$B,$B24)+ SUMIF('Cutters Consumption Updates'!$AS:$AS,$B24,'Cutters Consumption Updates'!AU:AU) -> 0 | J24: =SUMIFS('Cutters Consumption Updates'!$F:$F,'Cutters Consumption Updates'!$D:$D,J$1,'Cutters Consumption Updates'!$B:$B,$B24)-SUMIFS('Cutters Consumption Updates'!$E:$E,'Cutters Consumption Updates'!$D:$D,J$1,'Cutters Consumption Updates'!$B:$B,$B24)+ SUMIF('Cutters Consumption Updates'!$AS:$AS,$B24,'Cutters Consumption Updates'!AV:AV) -> 0 | K24: =SUMIFS('Cutters Consumption Updates'!$F:$F,'Cutters Consumption Updates'!$D:$D,K$1,'Cutters Consumption Updates'!$B:$B,$B24)-SUMIFS('Cutters Consumption Updates'!$E:$E,'Cutters Consumption Updates'!$D:$D,K$1,'Cutters Consumption Updates'!$B:$B,$B24)+ SUMIF('Cutters Consumption Updates'!$AS:$AS,$B24,'Cutters Consumption Updates'!AW:AW) -> 0 | L24: =SUMIFS('Cutters Consumption Updates'!$F:$F,'Cutters Consumption Updates'!$D:$D,L$1,'Cutters Consumption Updates'!$B:$B,$B24)-SUMIFS('Cutters Consumption Updates'!$E:$E,'Cutters Consumption Updates'!$D:$D,$L$1,'Cutters Consumption Updates'!$B:$B,$B24)+SUMIFS('Cutters Consumption Updates'!$F:$F,'Cutters Consumption Updates'!$D:$D,"Retrofit",'Cutters Consumption Updates'!$B:$B,$B24)-SUMIFS('Cutters Consumption Updates'!$E:$E,'Cutters Consumption Updates'!$D:$D,"Retrofit",'Cutters Consumption Updates'!$B:$B,$B24)+ SUMIF('Cutters Consumption Updates'!$AS:$AS,$B24,'Cutters Consumption Updates'!AX:AX) -> 1 | M24: =L24+H24 -> 14 | N24: =SUMIFS('Cutters Consumption Updates'!E:E, 'Cutters Consumption Updates'!B:B, B24, 'Cutters Consumption Updates'!A:A, ">" & TODAY()-182) -> 0 | O24: =SUMIFS('Cutters Consumption Updates'!E:E, 'Cutters Consumption Updates'!B:B, B24, 'Cutters Consumption Updates'!A:A, ">" & TODAY()-91) -> 0 | P24: =IF(N24<>0,_xlfn.CEILING.MATH(N24/3),0) -> 0 | Q24: =IF(P24<=1, 0, CEILING( IF(P24>=300, P24+10, IF(P24>=200, P24+5, IF(P24>=100, P24+5, IF(P24>=50, P24+2, IF(P24>=20, P24+2, IF(P24>=10, P24+2, IF(P24>=5, P24+2, P24+1))))))), 5)) -> 0 | R24: 1913 PMT 18-60 | S24: =IFERROR(INDEX(Table5[],MATCH($B24,Table5[Component],0),2),0) -> 0 | T24: =SUMIFS(Table7[Balance],Table7[Cutter Mat'#],$B24) -> 0 | U24: =M24+T24-S24 -> 14 | Y24: =IFERROR(INDEX(Table5[],MATCH($B24,Table5[Component],0),2),0) -> 0 | Z24: =IFERROR(INDEX(Table5[],MATCH($B24,Table5[Component],0),1),0) -> 0 | AA24: =IF(Y24<>0,B24,"") | AB24: =IF(S24<>Y24,1,"") | AD24: =H24+I24+J24+L24 -> 14 | AI24: =IFERROR(INDEX($B$1:$AK$243,MATCH(W24,$B$1:$B$243,0),13),"") | AJ24: =IFERROR(INDEX($B$1:$AK$243,MATCH(W24,$B$1:$B$243,0),15),"") | AK24: =SUMIF($W$2:$W$243,B24,$S$2:$S$243) -> 0 | AP24: =T24 -> 0 | AR24: 621152 | AS24: =SUMIF($B:$B,AR24,$AP:$AP) -> 0
A25: 24 | B25: 729688 | C25: 1308 CT82 18C | D25: CT82 | E25: 1308 | F25: 18C | G25: S - Super Premium - PMT | H25: =SUMIFS('Cutters Consumption Updates'!$F:$F,'Cutters Consumption Updates'!$D:$D,H$1,'Cutters Consumption Updates'!$B:$B,$B25)-SUMIFS('Cutters Consumption Updates'!$E:$E,'Cutters Consumption Updates'!$D:$D,H$1,'Cutters Consumption Updates'!$B:$B,$B25)+ SUMIF('Cutters Consumption Updates'!$AS:$AS,$B25,'Cutters Consumption Updates'!AT:AT) -> 0 | I25: =SUMIFS('Cutters Consumption Updates'!$F:$F,'Cutters Consumption Updates'!$D:$D,I$1,'Cutters Consumption Updates'!$B:$B,$B25)-SUMIFS('Cutters Consumption Updates'!$E:$E,'Cutters Consumption Updates'!$D:$D,I$1,'Cutters Consumption Updates'!$B:$B,$B25)+ SUMIF('Cutters Consumption Updates'!$AS:$AS,$B25,'Cutters Consumption Updates'!AU:AU) -> 0 | J25: =SUMIFS('Cutters Consumption Updates'!$F:$F,'Cutters Consumption Updates'!$D:$D,J$1,'Cutters Consumption Updates'!$B:$B,$B25)-SUMIFS('Cutters Consumption Updates'!$E:$E,'Cutters Consumption Updates'!$D:$D,J$1,'Cutters Consumption Updates'!$B:$B,$B25)+ SUMIF('Cutters Consumption Updates'!$AS:$AS,$B25,'Cutters Consumption Updates'!AV:AV) -> 0 | K25: =SUMIFS('Cutters Consumption Updates'!$F:$F,'Cutters Consumption Updates'!$D:$D,K$1,'Cutters Consumption Updates'!$B:$B,$B25)-SUMIFS('Cutters Consumption Updates'!$E:$E,'Cutters Consumption Updates'!$D:$D,K$1,'Cutters Consumption Updates'!$B:$B,$B25)+ SUMIF('Cutters Consumption Updates'!$AS:$AS,$B25,'Cutters Consumption Updates'!AW:AW) -> 0 | L25: =SUMIFS('Cutters Consumption Updates'!$F:$F,'Cutters Consumption Updates'!$D:$D,L$1,'Cutters Consumption Updates'!$B:$B,$B25)-SUMIFS('Cutters Consumption Updates'!$E:$E,'Cutters Consumption Updates'!$D:$D,$L$1,'Cutters Consumption Updates'!$B:$B,$B25)+SUMIFS('Cutters Consumption Updates'!$F:$F,'Cutters Consumption Updates'!$D:$D,"Retrofit",'Cutters Consumption Updates'!$B:$B,$B25)-SUMIFS('Cutters Consumption Updates'!$E:$E,'Cutters Consumption Updates'!$D:$D,"Retrofit",'Cutters Consumption Updates'!$B:$B,$B25)+ SUMIF('Cutters Consumption Updates'!$AS:$AS,$B25,'Cutters Consumption Updates'!AX:AX) -> 0 | M25: =L25+H25 -> 0 | N25: =SUMIFS('Cutters Consumption Updates'!E:E, 'Cutters Consumption Updates'!B:B, B25, 'Cutters Consumption Updates'!A:A, ">" & TODAY()-182) -> 0 | O25: =SUMIFS('Cutters Consumption Updates'!E:E, 'Cutters Consumption Updates'!B:B, B25, 'Cutters Consumption Updates'!A:A, ">" & TODAY()-91) -> 0 | P25: =IF(N25<>0,_xlfn.CEILING.MATH(N25/3),0) -> 0 | Q25: =IF(P25<=1, 0, CEILING( IF(P25>=300, P25+10, IF(P25>=200, P25+5, IF(P25>=100, P25+5, IF(P25>=50, P25+2, IF(P25>=20, P25+2, IF(P25>=10, P25+2, IF(P25>=5, P25+2, P25+1))))))), 5)) -> 0 | S25: =IFERROR(INDEX(Table5[],MATCH($B25,Table5[Component],0),2),0) -> 0 | T25: =SUMIFS(Table7[Balance],Table7[Cutter Mat'#],$B25) -> 0 | U25: =M25+T25-S25 -> 0 | Y25: =IFERROR(INDEX(Table5[],MATCH($B25,Table5[Component],0),2),0) -> 0 | Z25: =IFERROR(INDEX(Table5[],MATCH($B25,Table5[Component],0),1),0) -> 0 | AA25: =IF(Y25<>0,B25,"") | AB25: =IF(S25<>Y25,1,"") | AD25: =H25+I25+J25+L25 -> 0 | AI25: =IFERROR(INDEX($B$1:$AK$243,MATCH(W25,$B$1:$B$243,0),13),"") | AJ25: =IFERROR(INDEX($B$1:$AK$243,MATCH(W25,$B$1:$B$243,0),15),"") | AK25: =SUMIF($W$2:$W$243,B25,$S$2:$S$243) -> 0 | AP25: =T25 -> 0 | AR25: 625854 | AS25: =SUMIF($B:$B,AR25,$AP:$AP) -> 0
A26: 25 | B26: 729691 | C26: 1613 CT82 18C | D26: CT82 | E26: 1613 | F26: 18C | G26: S - Super Premium - PMT | H26: =SUMIFS('Cutters Consumption Updates'!$F:$F,'Cutters Consumption Updates'!$D:$D,H$1,'Cutters Consumption Updates'!$B:$B,$B26)-SUMIFS('Cutters Consumption Updates'!$E:$E,'Cutters Consumption Updates'!$D:$D,H$1,'Cutters Consumption Updates'!$B:$B,$B26)+ SUMIF('Cutters Consumption Updates'!$AS:$AS,$B26,'Cutters Consumption Updates'!AT:AT) -> 2 | I26: =SUMIFS('Cutters Consumption Updates'!$F:$F,'Cutters Consumption Updates'!$D:$D,I$1,'Cutters Consumption Updates'!$B:$B,$B26)-SUMIFS('Cutters Consumption Updates'!$E:$E,'Cutters Consumption Updates'!$D:$D,I$1,'Cutters Consumption Updates'!$B:$B,$B26)+ SUMIF('Cutters Consumption Updates'!$AS:$AS,$B26,'Cutters Consumption Updates'!AU:AU) -> 82 | J26: =SUMIFS('Cutters Consumption Updates'!$F:$F,'Cutters Consumption Updates'!$D:$D,J$1,'Cutters Consumption Updates'!$B:$B,$B26)-SUMIFS('Cutters Consumption Updates'!$E:$E,'Cutters Consumption Updates'!$D:$D,J$1,'Cutters Consumption Updates'!$B:$B,$B26)+ SUMIF('Cutters Consumption Updates'!$AS:$AS,$B26,'Cutters Consumption Updates'!AV:AV) -> 0 | K26: =SUMIFS('Cutters Consumption Updates'!$F:$F,'Cutters Consumption Updates'!$D:$D,K$1,'Cutters Consumption Updates'!$B:$B,$B26)-SUMIFS('Cutters Consumption Updates'!$E:$E,'Cutters Consumption Updates'!$D:$D,K$1,'Cutters Consumption Updates'!$B:$B,$B26)+ SUMIF('Cutters Consumption Updates'!$AS:$AS,$B26,'Cutters Consumption Updates'!AW:AW) -> 0 | L26: =SUMIFS('Cutters Consumption Updates'!$F:$F,'Cutters Consumption Updates'!$D:$D,L$1,'Cutters Consumption Updates'!$B:$B,$B26)-SUMIFS('Cutters Consumption Updates'!$E:$E,'Cutters Consumption Updates'!$D:$D,$L$1,'Cutters Consumption Updates'!$B:$B,$B26)+SUMIFS('Cutters Consumption Updates'!$F:$F,'Cutters Consumption Updates'!$D:$D,"Retrofit",'Cutters Consumption Updates'!$B:$B,$B26)-SUMIFS('Cutters Consumption Updates'!$E:$E,'Cutters Consumption Updates'!$D:$D,"Retrofit",'Cutters Consumption Updates'!$B:$B,$B26)+ SUMIF('Cutters Consumption Updates'!$AS:$AS,$B26,'Cutters Consumption Updates'!AX:AX) -> 0 | M26: =L26+H26 -> 2 | N26: =SUMIFS('Cutters Consumption Updates'!E:E, 'Cutters Consumption Updates'!B:B, B26, 'Cutters Consumption Updates'!A:A, ">" & TODAY()-182) -> 0 | O26: =SUMIFS('Cutters Consumption Updates'!E:E, 'Cutters Consumption Updates'!B:B, B26, 'Cutters Consumption Updates'!A:A, ">" & TODAY()-91) -> 0 | P26: =IF(N26<>0,_xlfn.CEILING.MATH(N26/3),0) -> 0 | Q26: =IF(P26<=1, 0, CEILING( IF(P26>=300, P26+10, IF(P26>=200, P26+5, IF(P26>=100, P26+5, IF(P26>=50, P26+2, IF(P26>=20, P26+2, IF(P26>=10, P26+2, IF(P26>=5, P26+2, P26+1))))))), 5)) -> 0 | S26: =IFERROR(INDEX(Table5[],MATCH($B26,Table5[Component],0),2),0) -> 0 | T26: =SUMIFS(Table7[Balance],Table7[Cutter Mat'#],$B26) -> 0 | U26: =M26+T26-S26 -> 2 | Y26: =IFERROR(INDEX(Table5[],MATCH($B26,Table5[Component],0),2),0) -> 0 | Z26: =IFERROR(INDEX(Table5[],MATCH($B26,Table5[Component],0),1),0) -> 0 | AA26: =IF(Y26<>0,B26,"") | AB26: =IF(S26<>Y26,1,"") | AD26: =H26+I26+J26+L26 -> 84 | AI26: =IFERROR(INDEX($B$1:$AK$243,MATCH(W26,$B$1:$B$243,0),13),"") | AJ26: =IFERROR(INDEX($B$1:$AK$243,MATCH(W26,$B$1:$B$243,0),15),"") | AK26: =SUMIF($W$2:$W$243,B26,$S$2:$S$243) -> 0 | AP26: =T26 -> 0 | AR26: 632948 | AS26: =SUMIF($B:$B,AR26,$AP:$AP) -> 0
A27: 26 | B27: 643433 | C27: 1913 CT70 10C | D27: CT70 | E27: 1913 | F27: 10C | G27: S - Super Premium - PMT | H27: =SUMIFS('Cutters Consumption Updates'!$F:$F,'Cutters Consumption Updates'!$D:$D,H$1,'Cutters Consumption Updates'!$B:$B,$B27)-SUMIFS('Cutters Consumption Updates'!$E:$E,'Cutters Consumption Updates'!$D:$D,H$1,'Cutters Consumption Updates'!$B:$B,$B27)+ SUMIF('Cutters Consumption Updates'!$AS:$AS,$B27,'Cutters Consumption Updates'!AT:AT) -> 0 | I27: =SUMIFS('Cutters Consumption Updates'!$F:$F,'Cutters Consumption Updates'!$D:$D,I$1,'Cutters Consumption Updates'!$B:$B,$B27)-SUMIFS('Cutters Consumption Updates'!$E:$E,'Cutters Consumption Updates'!$D:$D,I$1,'Cutters Consumption Updates'!$B:$B,$B27)+ SUMIF('Cutters Consumption Updates'!$AS:$AS,$B27,'Cutters Consumption Updates'!AU:AU) -> 0 | J27: =SUMIFS('Cutters Consumption Updates'!$F:$F,'Cutters Consumption Updates'!$D:$D,J$1,'Cutters Consumption Updates'!$B:$B,$B27)-SUMIFS('Cutters Consumption Updates'!$E:$E,'Cutters Consumption Updates'!$D:$D,J$1,'Cutters Consumption Updates'!$B:$B,$B27)+ SUMIF('Cutters Consumption Updates'!$AS:$AS,$B27,'Cutters Consumption Updates'!AV:AV) -> 0 | K27: =SUMIFS('Cutters Consumption Updates'!$F:$F,'Cutters Consumption Updates'!$D:$D,K$1,'Cutters Consumption Updates'!$B:$B,$B27)-SUMIFS('Cutters Consumption Updates'!$E:$E,'Cutters Consumption Updates'!$D:$D,K$1,'Cutters Consumption Updates'!$B:$B,$B27)+ SUMIF('Cutters Consumption Updates'!$AS:$AS,$B27,'Cutters Consumption Updates'!AW:AW) -> 14 | L27: =SUMIFS('Cutters Consumption Updates'!$F:$F,'Cutters Consumption Updates'!$D:$D,L$1,'Cutters Consumption Updates'!$B:$B,$B27)-SUMIFS('Cutters Consumption Updates'!$E:$E,'Cutters Consumption Updates'!$D:$D,$L$1,'Cutters Consumption Updates'!$B:$B,$B27)+SUMIFS('Cutters Consumption Updates'!$F:$F,'Cutters Consumption Updates'!$D:$D,"Retrofit",'Cutters Consumption Updates'!$B:$B,$B27)-SUMIFS('Cutters Consumption Updates'!$E:$E,'Cutters Consumption Updates'!$D:$D,"Retrofit",'Cutters Consumption Updates'!$B:$B,$B27)+ SUMIF('Cutters Consumption Updates'!$AS:$AS,$B27,'Cutters Consumption Updates'!AX:AX) -> 0 | M27: =L27+H27 -> 0 | N27: =SUMIFS('Cutters Consumption Updates'!E:E, 'Cutters Consumption Updates'!B:B, B27, 'Cutters Consumption Updates'!A:A, ">" & TODAY()-182) -> 0 | O27: =SUMIFS('Cutters Consumption Updates'!E:E, 'Cutters Consumption Updates'!B:B, B27, 'Cutters Consumption Updates'!A:A, ">" & TODAY()-91) -> 0 | P27: =IF(N27<>0,_xlfn.CEILING.MATH(N27/3),0) -> 0 | Q27: =IF(P27<=1, 0, CEILING( IF(P27>=300, P27+10, IF(P27>=200, P27+5, IF(P27>=100, P27+5, IF(P27>=50, P27+2, IF(P27>=20, P27+2, IF(P27>=10, P27+2, IF(P27>=5, P27+2, P27+1))))))), 5)) -> 0 | S27: =IFERROR(INDEX(Table5[],MATCH($B27,Table5[Component],0),2),0) -> 0 | T27: =SUMIFS(Table7[Balance],Table7[Cutter Mat'#],$B27) -> 0 | U27: =M27+T27-S27 -> 0 | Y27: =IFERROR(INDEX(Table5[],MATCH($B27,Table5[Component],0),2),0) -> 0 | Z27: =IFERROR(INDEX(Table5[],MATCH($B27,Table5[Component],0),1),0) -> 0 | AA27: =IF(Y27<>0,B27,"") | AB27: =IF(S27<>Y27,1,"") | AD27: =H27+I27+J27+L27 -> 0 | AI27: =IFERROR(INDEX($B$1:$AK$243,MATCH(W27,$B$1:$B$243,0),13),"") | AJ27: =IFERROR(INDEX($B$1:$AK$243,MATCH(W27,$B$1:$B$243,0),15),"") | AK27: =SUMIF($W$2:$W$243,B27,$S$2:$S$243) -> 0 | AP27: =T27 -> 0 | AR27: 638559 | AS27: =SUMIF($B:$B,AR27,$AP:$AP) -> 0
A28: 27 | B28: 729687 | C28: 1613 CT82 10C | D28: CT82 | E28: 1613 | F28: 10C | G28: S - Super Premium - PMT | H28: =SUMIFS('Cutters Consumption Updates'!$F:$F,'Cutters Consumption Updates'!$D:$D,H$1,'Cutters Consumption Updates'!$B:$B,$B28)-SUMIFS('Cutters Consumption Updates'!$E:$E,'Cutters Consumption Updates'!$D:$D,H$1,'Cutters Consumption Updates'!$B:$B,$B28)+ SUMIF('Cutters Consumption Updates'!$AS:$AS,$B28,'Cutters Consumption Updates'!AT:AT) -> 0 | I28: =SUMIFS('Cutters Consumption Updates'!$F:$F,'Cutters Consumption Updates'!$D:$D,I$1,'Cutters Consumption Updates'!$B:$B,$B28)-SUMIFS('Cutters Consumption Updates'!$E:$E,'Cutters Consumption Updates'!$D:$D,I$1,'Cutters Consumption Updates'!$B:$B,$B28)+ SUMIF('Cutters Consumption Updates'!$AS:$AS,$B28,'Cutters Consumption Updates'!AU:AU) -> 0 | J28: =SUMIFS('Cutters Consumption Updates'!$F:$F,'Cutters Consumption Updates'!$D:$D,J$1,'Cutters Consumption Updates'!$B:$B,$B28)-SUMIFS('Cutters Consumption Updates'!$E:$E,'Cutters Consumption Updates'!$D:$D,J$1,'Cutters Consumption Updates'!$B:$B,$B28)+ SUMIF('Cutters Consumption Updates'!$AS:$AS,$B28,'Cutters Consumption Updates'!AV:AV) -> 5 | K28: =SUMIFS('Cutters Consumption Updates'!$F:$F,'Cutters Consumption Updates'!$D:$D,K$1,'Cutters Consumption Updates'!$B:$B,$B28)-SUMIFS('Cutters Consumption Updates'!$E:$E,'Cutters Consumption Updates'!$D:$D,K$1,'Cutters Consumption Updates'!$B:$B,$B28)+ SUMIF('Cutters Consumption Updates'!$AS:$AS,$B28,'Cutters Consumption Updates'!AW:AW) -> 14 | L28: =SUMIFS('Cutters Consumption Updates'!$F:$F,'Cutters Consumption Updates'!$D:$D,L$1,'Cutters Consumption Updates'!$B:$B,$B28)-SUMIFS('Cutters Consumption Updates'!$E:$E,'Cutters Consumption Updates'!$D:$D,$L$1,'Cutters Consumption Updates'!$B:$B,$B28)+SUMIFS('Cutters Consumption Updates'!$F:$F,'Cutters Consumption Updates'!$D:$D,"Retrofit",'Cutters Consumption Updates'!$B:$B,$B28)-SUMIFS('Cutters Consumption Updates'!$E:$E,'Cutters Consumption Updates'!$D:$D,"Retrofit",'Cutters Consumption Updates'!$B:$B,$B28)+ SUMIF('Cutters Consumption Updates'!$AS:$AS,$B28,'Cutters Consumption Updates'!AX:AX) -> 0 | M28: =L28+H28 -> 0 | N28: =SUMIFS('Cutters Consumption Updates'!E:E, 'Cutters Consumption Updates'!B:B, B28, 'Cutters Consumption Updates'!A:A, ">" & TODAY()-182) -> 0 | O28: =SUMIFS('Cutters Consumption Updates'!E:E, 'Cutters Consumption Updates'!B:B, B28, 'Cutters Consumption Updates'!A:A, ">" & TODAY()-91) -> 0 | P28: =IF(N28<>0,_xlfn.CEILING.MATH(N28/3),0) -> 0 | Q28: =IF(P28<=1, 0, CEILING( IF(P28>=300, P28+10, IF(P28>=200, P28+5, IF(P28>=100, P28+5, IF(P28>=50, P28+2, IF(P28>=20, P28+2, IF(P28>=10, P28+2, IF(P28>=5, P28+2, P28+1))))))), 5)) -> 0 | R28: 1613 PMT 18-60 | S28: =IFERROR(INDEX(Table5[],MATCH($B28,Table5[Component],0),2),0) -> 0 | T28: =SUMIFS(Table7[Balance],Table7[Cutter Mat'#],$B28) -> 0 | U28: =M28+T28-S28 -> 0 | Y28: =IFERROR(INDEX(Table5[],MATCH($B28,Table5[Component],0),2),0) -> 0 | Z28: =IFERROR(INDEX(Table5[],MATCH($B28,Table5[Component],0),1),0) -> 0 | AA28: =IF(Y28<>0,B28,"") | AB28: =IF(S28<>Y28,1,"") | AD28: =H28+I28+J28+L28 -> 5 | AI28: =IFERROR(INDEX($B$1:$AK$243,MATCH(W28,$B$1:$B$243,0),13),"") | AJ28: =IFERROR(INDEX($B$1:$AK$243,MATCH(W28,$B$1:$B$243,0),15),"") | AK28: =SUMIF($W$2:$W$243,B28,$S$2:$S$243) -> 0 | AP28: =T28 -> 0 | AR28: 638560 | AS28: =SUMIF($B:$B,AR28,$AP:$AP) -> 0
A29: 28 | B29: 177778 | C29: 1303 CT200NL DROPIN | D29: CT200 | E29: 1303 | F29: N/A | G29: B - Standard ( Base ) | H29: =SUMIFS('Cutters Consumption Updates'!$F:$F,'Cutters Consumption Updates'!$D:$D,H$1,'Cutters Consumption Updates'!$B:$B,$B29)-SUMIFS('Cutters Consumption Updates'!$E:$E,'Cutters Consumption Updates'!$D:$D,H$1,'Cutters Consumption Updates'!$B:$B,$B29)+ SUMIF('Cutters Consumption Updates'!$AS:$AS,$B29,'Cutters Consumption Updates'!AT:AT) -> 0 | I29: =SUMIFS('Cutters Consumption Updates'!$F:$F,'Cutters Consumption Updates'!$D:$D,I$1,'Cutters Consumption Updates'!$B:$B,$B29)-SUMIFS('Cutters Consumption Updates'!$E:$E,'Cutters Consumption Updates'!$D:$D,I$1,'Cutters Consumption Updates'!$B:$B,$B29)+ SUMIF('Cutters Consumption Updates'!$AS:$AS,$B29,'Cutters Consumption Updates'!AU:AU) -> 0 | J29: =SUMIFS('Cutters Consumption Updates'!$F:$F,'Cutters Consumption Updates'!$D:$D,J$1,'Cutters Consumption Updates'!$B:$B,$B29)-SUMIFS('Cutters Consumption Updates'!$E:$E,'Cutters Consumption Updates'!$D:$D,J$1,'Cutters Consumption Updates'!$B:$B,$B29)+ SUMIF('Cutters Consumption Updates'!$AS:$AS,$B29,'Cutters Consumption Updates'!AV:AV) -> 0 | K29: =SUMIFS('Cutters Consumption Updates'!$F:$F,'Cutters Consumption Updates'!$D:$D,K$1,'Cutters Consumption Updates'!$B:$B,$B29)-SUMIFS('Cutters Consumption Updates'!$E:$E,'Cutters Consumption Updates'!$D:$D,K$1,'Cutters Consumption Updates'!$B:$B,$B29)+ SUMIF('Cutters Consumption Updates'!$AS:$AS,$B29,'Cutters Consumption Updates'!AW:AW) -> 0 | L29: =SUMIFS('Cutters Consumption Updates'!$F:$F,'Cutters Consumption Updates'!$D:$D,L$1,'Cutters Consumption Updates'!$B:$B,$B29)-SUMIFS('Cutters Consumption Updates'!$E:$E,'Cutters Consumption Updates'!$D:$D,$L$1,'Cutters Consumption Updates'!$B:$B,$B29)+SUMIFS('Cutters Consumption Updates'!$F:$F,'Cutters Consumption Updates'!$D:$D,"Retrofit",'Cutters Consumption Updates'!$B:$B,$B29)-SUMIFS('Cutters Consumption Updates'!$E:$E,'Cutters Consumption Updates'!$D:$D,"Retrofit",'Cutters Consumption Updates'!$B:$B,$B29)+ SUMIF('Cutters Consumption Updates'!$AS:$AS,$B29,'Cutters Consumption Updates'!AX:AX) -> 3 | M29: =L29+H29 -> 3 | N29: =SUMIFS('Cutters Consumption Updates'!E:E, 'Cutters Consumption Updates'!B:B, B29, 'Cutters Consumption Updates'!A:A, ">" & TODAY()-182) -> 0 | O29: =SUMIFS('Cutters Consumption Updates'!E:E, 'Cutters Consumption Updates'!B:B, B29, 'Cutters Consumption Updates'!A:A, ">" & TODAY()-91) -> 0 | P29: =IF(N29<>0,_xlfn.CEILING.MATH(N29/3),0) -> 0 | Q29: =IF(P29<=1, 0, CEILING( IF(P29>=300, P29+10, IF(P29>=200, P29+5, IF(P29>=100, P29+5, IF(P29>=50, P29+2, IF(P29>=20, P29+2, IF(P29>=10, P29+2, IF(P29>=5, P29+2, P29+1))))))), 5)) -> 0 | S29: =IFERROR(INDEX(Table5[],MATCH($B29,Table5[Component],0),2),0) -> 0 | T29: =SUMIFS(Table7[Balance],Table7[Cutter Mat'#],$B29) -> 0 | U29: =M29+T29-S29 -> 3 | Y29: =IFERROR(INDEX(Table5[],MATCH($B29,Table5[Component],0),2),0) -> 0 | Z29: =IFERROR(INDEX(Table5[],MATCH($B29,Table5[Component],0),1),0) -> 0 | AA29: =IF(Y29<>0,B29,"") | AB29: =IF(S29<>Y29,1,"") | AD29: =H29+I29+J29+L29 -> 3 | AI29: =IFERROR(INDEX($B$1:$AK$243,MATCH(W29,$B$1:$B$243,0),13),"") | AJ29: =IFERROR(INDEX($B$1:$AK$243,MATCH(W29,$B$1:$B$243,0),15),"") | AK29: =SUMIF($W$2:$W$243,B29,$S$2:$S$243) -> 0 | AP29: =T29 -> 0 | AR29: 638561 | AS29: =SUMIF($B:$B,AR29,$AP:$AP) -> 0
A30: 29 | B30: 638560 | C30: 1313 CT70 18C | D30: CT70 | E30: 1313 | F30: 18C | G30: S - Super Premium - PMT | H30: =SUMIFS('Cutters Consumption Updates'!$F:$F,'Cutters Consumption Updates'!$D:$D,H$1,'Cutters Consumption Updates'!$B:$B,$B30)-SUMIFS('Cutters Consumption Updates'!$E:$E,'Cutters Consumption Updates'!$D:$D,H$1,'Cutters Consumption Updates'!$B:$B,$B30)+ SUMIF('Cutters Consumption Updates'!$AS:$AS,$B30,'Cutters Consumption Updates'!AT:AT) -> 3 | I30: =SUMIFS('Cutters Consumption Updates'!$F:$F,'Cutters Consumption Updates'!$D:$D,I$1,'Cutters Consumption Updates'!$B:$B,$B30)-SUMIFS('Cutters Consumption Updates'!$E:$E,'Cutters Consumption Updates'!$D:$D,I$1,'Cutters Consumption Updates'!$B:$B,$B30)+ SUMIF('Cutters Consumption Updates'!$AS:$AS,$B30,'Cutters Consumption Updates'!AU:AU) -> 9 | J30: =SUMIFS('Cutters Consumption Updates'!$F:$F,'Cutters Consumption Updates'!$D:$D,J$1,'Cutters Consumption Updates'!$B:$B,$B30)-SUMIFS('Cutters Consumption Updates'!$E:$E,'Cutters Consumption Updates'!$D:$D,J$1,'Cutters Consumption Updates'!$B:$B,$B30)+ SUMIF('Cutters Consumption Updates'!$AS:$AS,$B30,'Cutters Consumption Updates'!AV:AV) -> 0 | K30: =SUMIFS('Cutters Consumption Updates'!$F:$F,'Cutters Consumption Updates'!$D:$D,K$1,'Cutters Consumption Updates'!$B:$B,$B30)-SUMIFS('Cutters Consumption Updates'!$E:$E,'Cutters Consumption Updates'!$D:$D,K$1,'Cutters Consumption Updates'!$B:$B,$B30)+ SUMIF('Cutters Consumption Updates'!$AS:$AS,$B30,'Cutters Consumption Updates'!AW:AW) -> 0 | L30: =SUMIFS('Cutters Consumption Updates'!$F:$F,'Cutters Consumption Updates'!$D:$D,L$1,'Cutters Consumption Updates'!$B:$B,$B30)-SUMIFS('Cutters Consumption Updates'!$E:$E,'Cutters Consumption Updates'!$D:$D,$L$1,'Cutters Consumption Updates'!$B:$B,$B30)+SUMIFS('Cutters Consumption Updates'!$F:$F,'Cutters Consumption Updates'!$D:$D,"Retrofit",'Cutters Consumption Updates'!$B:$B,$B30)-SUMIFS('Cutters Consumption Updates'!$E:$E,'Cutters Consumption Updates'!$D:$D,"Retrofit",'Cutters Consumption Updates'!$B:$B,$B30)+ SUMIF('Cutters Consumption Updates'!$AS:$AS,$B30,'Cutters Consumption Updates'!AX:AX) -> 0 | M30: =L30+H30 -> 3 | N30: =SUMIFS('Cutters Consumption Updates'!E:E, 'Cutters Consumption Updates'!B:B, B30, 'Cutters Consumption Updates'!A:A, ">" & TODAY()-182) -> 28 | O30: =SUMIFS('Cutters Consumption Updates'!E:E, 'Cutters Consumption Updates'!B:B, B30, 'Cutters Consumption Updates'!A:A, ">" & TODAY()-91) -> 28 | P30: =IF(N30<>0,_xlfn.CEILING.MATH(N30/3),0) -> 10 | Q30: =IF(P30<=1, 0, CEILING( IF(P30>=300, P30+10, IF(P30>=200, P30+5, IF(P30>=100, P30+5, IF(P30>=50, P30+2, IF(P30>=20, P30+2, IF(P30>=10, P30+2, IF(P30>=5, P30+2, P30+1))))))), 5)) -> 15 | S30: =IFERROR(INDEX(Table5[],MATCH($B30,Table5[Component],0),2),0) -> 0 | T30: =SUMIFS(Table7[Balance],Table7[Cutter Mat'#],$B30) -> 0 | U30: =M30+T30-S30 -> 3 | Y30: =IFERROR(INDEX(Table5[],MATCH($B30,Table5[Component],0),2),0) -> 0 | Z30: =IFERROR(INDEX(Table5[],MATCH($B30,Table5[Component],0),1),0) -> 0 | AA30: =IF(Y30<>0,B30,"") | AB30: =IF(S30<>Y30,1,"") | AD30: =H30+I30+J30+L30 -> 12 | AI30: =IFERROR(INDEX($B$1:$AK$243,MATCH(W30,$B$1:$B$243,0),13),"") | AJ30: =IFERROR(INDEX($B$1:$AK$243,MATCH(W30,$B$1:$B$243,0),15),"") | AK30: =SUMIF($W$2:$W$243,B30,$S$2:$S$243) -> 0 | AP30: =T30 -> 0 | AR30: 642299 | AS30: =SUMIF($B:$B,AR30,$AP:$AP) -> 0
A31: 30 | B31: 578502 | C31: 1010 CT61 18C | D31: CT61 | E31: 1010 | F31: 18C | G31: B - Standard ( Base ) | H31: =SUMIFS('Cutters Consumption Updates'!$F:$F,'Cutters Consumption Updates'!$D:$D,H$1,'Cutters Consumption Updates'!$B:$B,$B31)-SUMIFS('Cutters Consumption Updates'!$E:$E,'Cutters Consumption Updates'!$D:$D,H$1,'Cutters Consumption Updates'!$B:$B,$B31)+ SUMIF('Cutters Consumption Updates'!$AS:$AS,$B31,'Cutters Consumption Updates'!AT:AT) -> 0 | I31: =SUMIFS('Cutters Consumption Updates'!$F:$F,'Cutters Consumption Updates'!$D:$D,I$1,'Cutters Consumption Updates'!$B:$B,$B31)-SUMIFS('Cutters Consumption Updates'!$E:$E,'Cutters Consumption Updates'!$D:$D,I$1,'Cutters Consumption Updates'!$B:$B,$B31)+ SUMIF('Cutters Consumption Updates'!$AS:$AS,$B31,'Cutters Consumption Updates'!AU:AU) -> 0 | J31: =SUMIFS('Cutters Consumption Updates'!$F:$F,'Cutters Consumption Updates'!$D:$D,J$1,'Cutters Consumption Updates'!$B:$B,$B31)-SUMIFS('Cutters Consumption Updates'!$E:$E,'Cutters Consumption Updates'!$D:$D,J$1,'Cutters Consumption Updates'!$B:$B,$B31)+ SUMIF('Cutters Consumption Updates'!$AS:$AS,$B31,'Cutters Consumption Updates'!AV:AV) -> 0 | K31: =SUMIFS('Cutters Consumption Updates'!$F:$F,'Cutters Consumption Updates'!$D:$D,K$1,'Cutters Consumption Updates'!$B:$B,$B31)-SUMIFS('Cutters Consumption Updates'!$E:$E,'Cutters Consumption Updates'!$D:$D,K$1,'Cutters Consumption Updates'!$B:$B,$B31)+ SUMIF('Cutters Consumption Updates'!$AS:$AS,$B31,'Cutters Consumption Updates'!AW:AW) -> 6 | L31: =SUMIFS('Cutters Consumption Updates'!$F:$F,'Cutters Consumption Updates'!$D:$D,L$1,'Cutters Consumption Updates'!$B:$B,$B31)-SUMIFS('Cutters Consumption Updates'!$E:$E,'Cutters Consumption Updates'!$D:$D,$L$1,'Cutters Consumption Updates'!$B:$B,$B31)+SUMIFS('Cutters Consumption Updates'!$F:$F,'Cutters Consumption Updates'!$D:$D,"Retrofit",'Cutters Consumption Updates'!$B:$B,$B31)-SUMIFS('Cutters Consumption Updates'!$E:$E,'Cutters Consumption Updates'!$D:$D,"Retrofit",'Cutters Consumption Updates'!$B:$B,$B31)+ SUMIF('Cutters Consumption Updates'!$AS:$AS,$B31,'Cutters Consumption Updates'!AX:AX) -> 0 | M31: =L31+H31 -> 0 | N31: =SUMIFS('Cutters Consumption Updates'!E:E, 'Cutters Consumption Updates'!B:B, B31, 'Cutters Consumption Updates'!A:A, ">" & TODAY()-182) -> 0 | O31: =SUMIFS('Cutters Consumption Updates'!E:E, 'Cutters Consumption Updates'!B:B, B31, 'Cutters Consumption Updates'!A:A, ">" & TODAY()-91) -> 0 | P31: =IF(N31<>0,_xlfn.CEILING.MATH(N31/3),0) -> 0 | Q31: =IF(P31<=1, 0, CEILING( IF(P31>=300, P31+10, IF(P31>=200, P31+5, IF(P31>=100, P31+5, IF(P31>=50, P31+2, IF(P31>=20, P31+2, IF(P31>=10, P31+2, IF(P31>=5, P31+2, P31+1))))))), 5)) -> 0 | S31: =IFERROR(INDEX(Table5[],MATCH($B31,Table5[Component],0),2),0) -> 0 | T31: =SUMIFS(Table7[Balance],Table7[Cutter Mat'#],$B31) -> 0 | U31: =M31+T31-S31 -> 0 | Y31: =IFERROR(INDEX(Table5[],MATCH($B31,Table5[Component],0),2),0) -> 0 | Z31: =IFERROR(INDEX(Table5[],MATCH($B31,Table5[Component],0),1),0) -> 0 | AA31: =IF(Y31<>0,B31,"") | AB31: =IF(S31<>Y31,1,"") | AD31: =H31+I31+J31+L31 -> 0 | AI31: =IFERROR(INDEX($B$1:$AK$243,MATCH(W31,$B$1:$B$243,0),13),"") | AJ31: =IFERROR(INDEX($B$1:$AK$243,MATCH(W31,$B$1:$B$243,0),15),"") | AK31: =SUMIF($W$2:$W$243,B31,$S$2:$S$243) -> 0 | AP31: =T31 -> 0 | AR31: 643433 | AS31: =SUMIF($B:$B,AR31,$AP:$AP) -> 0
A32: 31 | B32: 781580 | C32: 1010 CT80 18C | D32: CT80 | E32: 1010 | F32: 18C | G32: B - Standard ( Base ) | H32: =SUMIFS('Cutters Consumption Updates'!$F:$F,'Cutters Consumption Updates'!$D:$D,H$1,'Cutters Consumption Updates'!$B:$B,$B32)-SUMIFS('Cutters Consumption Updates'!$E:$E,'Cutters Consumption Updates'!$D:$D,H$1,'Cutters Consumption Updates'!$B:$B,$B32)+ SUMIF('Cutters Consumption Updates'!$AS:$AS,$B32,'Cutters Consumption Updates'!AT:AT) -> 0 | I32: =SUMIFS('Cutters Consumption Updates'!$F:$F,'Cutters Consumption Updates'!$D:$D,I$1,'Cutters Consumption Updates'!$B:$B,$B32)-SUMIFS('Cutters Consumption Updates'!$E:$E,'Cutters Consumption Updates'!$D:$D,I$1,'Cutters Consumption Updates'!$B:$B,$B32)+ SUMIF('Cutters Consumption Updates'!$AS:$AS,$B32,'Cutters Consumption Updates'!AU:AU) -> 0 | J32: =SUMIFS('Cutters Consumption Updates'!$F:$F,'Cutters Consumption Updates'!$D:$D,J$1,'Cutters Consumption Updates'!$B:$B,$B32)-SUMIFS('Cutters Consumption Updates'!$E:$E,'Cutters Consumption Updates'!$D:$D,J$1,'Cutters Consumption Updates'!$B:$B,$B32)+ SUMIF('Cutters Consumption Updates'!$AS:$AS,$B32,'Cutters Consumption Updates'!AV:AV) -> 0 | K32: =SUMIFS('Cutters Consumption Updates'!$F:$F,'Cutters Consumption Updates'!$D:$D,K$1,'Cutters Consumption Updates'!$B:$B,$B32)-SUMIFS('Cutters Consumption Updates'!$E:$E,'Cutters Consumption Updates'!$D:$D,K$1,'Cutters Consumption Updates'!$B:$B,$B32)+ SUMIF('Cutters Consumption Updates'!$AS:$AS,$B32,'Cutters Consumption Updates'!AW:AW) -> 0 | L32: =SUMIFS('Cutters Consumption Updates'!$F:$F,'Cutters Consumption Updates'!$D:$D,L$1,'Cutters Consumption Updates'!$B:$B,$B32)-SUMIFS('Cutters Consumption Updates'!$E:$E,'Cutters Consumption Updates'!$D:$D,$L$1,'Cutters Consumption Updates'!$B:$B,$B32)+SUMIFS('Cutters Consumption Updates'!$F:$F,'Cutters Consumption Updates'!$D:$D,"Retrofit",'Cutters Consumption Updates'!$B:$B,$B32)-SUMIFS('Cutters Consumption Updates'!$E:$E,'Cutters Consumption Updates'!$D:$D,"Retrofit",'Cutters Consumption Updates'!$B:$B,$B32)+ SUMIF('Cutters Consumption Updates'!$AS:$AS,$B32,'Cutters Consumption Updates'!AX:AX) -> 0 | M32: =L32+H32 -> 0 | N32: =SUMIFS('Cutters Consumption Updates'!E:E, 'Cutters Consumption Updates'!B:B, B32, 'Cutters Consumption Updates'!A:A, ">" & TODAY()-182) -> 0 | O32: =SUMIFS('Cutters Consumption Updates'!E:E, 'Cutters Consumption Updates'!B:B, B32, 'Cutters Consumption Updates'!A:A, ">" & TODAY()-91) -> 0 | P32: =IF(N32<>0,_xlfn.CEILING.MATH(N32/3),0) -> 0 | Q32: =IF(P32<=1, 0, CEILING( IF(P32>=300, P32+10, IF(P32>=200, P32+5, IF(P32>=100, P32+5, IF(P32>=50, P32+2, IF(P32>=20, P32+2, IF(P32>=10, P32+2, IF(P32>=5, P32+2, P32+1))))))), 5)) -> 0 | S32: =IFERROR(INDEX(Table5[],MATCH($B32,Table5[Component],0),2),0) -> 0 | T32: =SUMIFS(Table7[Balance],Table7[Cutter Mat'#],$B32) -> 0 | U32: =M32+T32-S32 -> 0 | Y32: =IFERROR(INDEX(Table5[],MATCH($B32,Table5[Component],0),2),0) -> 0 | Z32: =IFERROR(INDEX(Table5[],MATCH($B32,Table5[Component],0),1),0) -> 0 | AA32: =IF(Y32<>0,B32,"") | AB32: =IF(S32<>Y32,1,"") | AD32: =H32+I32+J32+L32 -> 0 | AI32: =IFERROR(INDEX($B$1:$AK$243,MATCH(W32,$B$1:$B$243,0),13),"") | AJ32: =IFERROR(INDEX($B$1:$AK$243,MATCH(W32,$B$1:$B$243,0),15),"") | AK32: =SUMIF($W$2:$W$243,B32,$S$2:$S$243) -> 0 | AP32: =T32 -> 0 | AR32: 643435 | AS32: =SUMIF($B:$B,AR32,$AP:$AP) -> 0
A33: 32 | B33: 646938 | C33: 1308 CT66 10C | D33: CT66 | E33: 1308 | F33: 10C | G33: P - Premium | H33: =SUMIFS('Cutters Consumption Updates'!$F:$F,'Cutters Consumption Updates'!$D:$D,H$1,'Cutters Consumption Updates'!$B:$B,$B33)-SUMIFS('Cutters Consumption Updates'!$E:$E,'Cutters Consumption Updates'!$D:$D,H$1,'Cutters Consumption Updates'!$B:$B,$B33)+ SUMIF('Cutters Consumption Updates'!$AS:$AS,$B33,'Cutters Consumption Updates'!AT:AT) -> 0 | I33: =SUMIFS('Cutters Consumption Updates'!$F:$F,'Cutters Consumption Updates'!$D:$D,I$1,'Cutters Consumption Updates'!$B:$B,$B33)-SUMIFS('Cutters Consumption Updates'!$E:$E,'Cutters Consumption Updates'!$D:$D,I$1,'Cutters Consumption Updates'!$B:$B,$B33)+ SUMIF('Cutters Consumption Updates'!$AS:$AS,$B33,'Cutters Consumption Updates'!AU:AU) -> 0 | J33: =SUMIFS('Cutters Consumption Updates'!$F:$F,'Cutters Consumption Updates'!$D:$D,J$1,'Cutters Consumption Updates'!$B:$B,$B33)-SUMIFS('Cutters Consumption Updates'!$E:$E,'Cutters Consumption Updates'!$D:$D,J$1,'Cutters Consumption Updates'!$B:$B,$B33)+ SUMIF('Cutters Consumption Updates'!$AS:$AS,$B33,'Cutters Consumption Updates'!AV:AV) -> 0 | K33: =SUMIFS('Cutters Consumption Updates'!$F:$F,'Cutters Consumption Updates'!$D:$D,K$1,'Cutters Consumption Updates'!$B:$B,$B33)-SUMIFS('Cutters Consumption Updates'!$E:$E,'Cutters Consumption Updates'!$D:$D,K$1,'Cutters Consumption Updates'!$B:$B,$B33)+ SUMIF('Cutters Consumption Updates'!$AS:$AS,$B33,'Cutters Consumption Updates'!AW:AW) -> 5 | L33: =SUMIFS('Cutters Consumption Updates'!$F:$F,'Cutters Consumption Updates'!$D:$D,L$1,'Cutters Consumption Updates'!$B:$B,$B33)-SUMIFS('Cutters Consumption Updates'!$E:$E,'Cutters Consumption Updates'!$D:$D,$L$1,'Cutters Consumption Updates'!$B:$B,$B33)+SUMIFS('Cutters Consumption Updates'!$F:$F,'Cutters Consumption Updates'!$D:$D,"Retrofit",'Cutters Consumption Updates'!$B:$B,$B33)-SUMIFS('Cutters Consumption Updates'!$E:$E,'Cutters Consumption Updates'!$D:$D,"Retrofit",'Cutters Consumption Updates'!$B:$B,$B33)+ SUMIF('Cutters Consumption Updates'!$AS:$AS,$B33,'Cutters Consumption Updates'!AX:AX) -> 0 | M33: =L33+H33 -> 0 | N33: =SUMIFS('Cutters Consumption Updates'!E:E, 'Cutters Consumption Updates'!B:B, B33, 'Cutters Consumption Updates'!A:A, ">" & TODAY()-182) -> 0 | O33: =SUMIFS('Cutters Consumption Updates'!E:E, 'Cutters Consumption Updates'!B:B, B33, 'Cutters Consumption Updates'!A:A, ">" & TODAY()-91) -> 0 | P33: =IF(N33<>0,_xlfn.CEILING.MATH(N33/3),0) -> 0 | Q33: =IF(P33<=1, 0, CEILING( IF(P33>=300, P33+10, IF(P33>=200, P33+5, IF(P33>=100, P33+5, IF(P33>=50, P33+2, IF(P33>=20, P33+2, IF(P33>=10, P33+2, IF(P33>=5, P33+2, P33+1))))))), 5)) -> 0 | S33: =IFERROR(INDEX(Table5[],MATCH($B33,Table5[Component],0),2),0) -> 0 | T33: =SUMIFS(Table7[Balance],Table7[Cutter Mat'#],$B33) -> 0 | U33: =M33+T33-S33 -> 0 | Y33: =IFERROR(INDEX(Table5[],MATCH($B33,Table5[Component],0),2),0) -> 0 | Z33: =IFERROR(INDEX(Table5[],MATCH($B33,Table5[Component],0),1),0) -> 0 | AA33: =IF(Y33<>0,B33,"") | AB33: =IF(S33<>Y33,1,"") | AD33: =H33+I33+J33+L33 -> 0 | AI33: =IFERROR(INDEX($B$1:$AK$243,MATCH(W33,$B$1:$B$243,0),13),"") | AJ33: =IFERROR(INDEX($B$1:$AK$243,MATCH(W33,$B$1:$B$243,0),15),"") | AK33: =SUMIF($W$2:$W$243,B33,$S$2:$S$243) -> 0 | AP33: =T33 -> 0 | AR33: 643738 | AS33: =SUMIF($B:$B,AR33,$AP:$AP) -> 0
A34: 33 | B34: 780654 | C34: 1010 CT80 10C | D34: CT80 | E34: 1010 | F34: 10C | G34: B - Standard ( Base ) | H34: =SUMIFS('Cutters Consumption Updates'!$F:$F,'Cutters Consumption Updates'!$D:$D,H$1,'Cutters Consumption Updates'!$B:$B,$B34)-SUMIFS('Cutters Consumption Updates'!$E:$E,'Cutters Consumption Updates'!$D:$D,H$1,'Cutters Consumption Updates'!$B:$B,$B34)+ SUMIF('Cutters Consumption Updates'!$AS:$AS,$B34,'Cutters Consumption Updates'!AT:AT) -> 0 | I34: =SUMIFS('Cutters Consumption Updates'!$F:$F,'Cutters Consumption Updates'!$D:$D,I$1,'Cutters Consumption Updates'!$B:$B,$B34)-SUMIFS('Cutters Consumption Updates'!$E:$E,'Cutters Consumption Updates'!$D:$D,I$1,'Cutters Consumption Updates'!$B:$B,$B34)+ SUMIF('Cutters Consumption Updates'!$AS:$AS,$B34,'Cutters Consumption Updates'!AU:AU) -> 0 | J34: =SUMIFS('Cutters Consumption Updates'!$F:$F,'Cutters Consumption Updates'!$D:$D,J$1,'Cutters Consumption Updates'!$B:$B,$B34)-SUMIFS('Cutters Consumption Updates'!$E:$E,'Cutters Consumption Updates'!$D:$D,J$1,'Cutters Consumption Updates'!$B:$B,$B34)+ SUMIF('Cutters Consumption Updates'!$AS:$AS,$B34,'Cutters Consumption Updates'!AV:AV) -> 0 | K34: =SUMIFS('Cutters Consumption Updates'!$F:$F,'Cutters Consumption Updates'!$D:$D,K$1,'Cutters Consumption Updates'!$B:$B,$B34)-SUMIFS('Cutters Consumption Updates'!$E:$E,'Cutters Consumption Updates'!$D:$D,K$1,'Cutters Consumption Updates'!$B:$B,$B34)+ SUMIF('Cutters Consumption Updates'!$AS:$AS,$B34,'Cutters Consumption Updates'!AW:AW) -> 0 | L34: =SUMIFS('Cutters Consumption Updates'!$F:$F,'Cutters Consumption Updates'!$D:$D,L$1,'Cutters Consumption Updates'!$B:$B,$B34)-SUMIFS('Cutters Consumption Updates'!$E:$E,'Cutters Consumption Updates'!$D:$D,$L$1,'Cutters Consumption Updates'!$B:$B,$B34)+SUMIFS('Cutters Consumption Updates'!$F:$F,'Cutters Consumption Updates'!$D:$D,"Retrofit",'Cutters Consumption Updates'!$B:$B,$B34)-SUMIFS('Cutters Consumption Updates'!$E:$E,'Cutters Consumption Updates'!$D:$D,"Retrofit",'Cutters Consumption Updates'!$B:$B,$B34)+ SUMIF('Cutters Consumption Updates'!$AS:$AS,$B34,'Cutters Consumption Updates'!AX:AX) -> 0 | M34: =L34+H34 -> 0 | N34: =SUMIFS('Cutters Consumption Updates'!E:E, 'Cutters Consumption Updates'!B:B, B34, 'Cutters Consumption Updates'!A:A, ">" & TODAY()-182) -> 0 | O34: =SUMIFS('Cutters Consumption Updates'!E:E, 'Cutters Consumption Updates'!B:B, B34, 'Cutters Consumption Updates'!A:A, ">" & TODAY()-91) -> 0 | P34: =IF(N34<>0,_xlfn.CEILING.MATH(N34/3),0) -> 0 | Q34: =IF(P34<=1, 0, CEILING( IF(P34>=300, P34+10, IF(P34>=200, P34+5, IF(P34>=100, P34+5, IF(P34>=50, P34+2, IF(P34>=20, P34+2, IF(P34>=10, P34+2, IF(P34>=5, P34+2, P34+1))))))), 5)) -> 0 | S34: =IFERROR(INDEX(Table5[],MATCH($B34,Table5[Component],0),2),0) -> 0 | T34: =SUMIFS(Table7[Balance],Table7[Cutter Mat'#],$B34) -> 0 | U34: =M34+T34-S34 -> 0 | Y34: =IFERROR(INDEX(Table5[],MATCH($B34,Table5[Component],0),2),0) -> 0 | Z34: =IFERROR(INDEX(Table5[],MATCH($B34,Table5[Component],0),1),0) -> 780654 | AA34: =IF(Y34<>0,B34,"") | AB34: =IF(S34<>Y34,1,"") | AD34: =H34+I34+J34+L34 -> 0 | AI34: =IFERROR(INDEX($B$1:$AK$243,MATCH(W34,$B$1:$B$243,0),13),"") | AJ34: =IFERROR(INDEX($B$1:$AK$243,MATCH(W34,$B$1:$B$243,0),15),"") | AK34: =SUMIF($W$2:$W$243,B34,$S$2:$S$243) -> 0 | AP34: =T34 -> 0 | AR34: 646938 | AS34: =SUMIF($B:$B,AR34,$AP:$AP) -> 0
A35: 34 | B35: 729434 | C35: 1308 CT82 10C | D35: CT82 | E35: 1308 | F35: 10C | G35: S - Super Premium - PMT | H35: =SUMIFS('Cutters Consumption Updates'!$F:$F,'Cutters Consumption Updates'!$D:$D,H$1,'Cutters Consumption Updates'!$B:$B,$B35)-SUMIFS('Cutters Consumption Updates'!$E:$E,'Cutters Consumption Updates'!$D:$D,H$1,'Cutters Consumption Updates'!$B:$B,$B35)+ SUMIF('Cutters Consumption Updates'!$AS:$AS,$B35,'Cutters Consumption Updates'!AT:AT) -> 0 | I35: =SUMIFS('Cutters Consumption Updates'!$F:$F,'Cutters Consumption Updates'!$D:$D,I$1,'Cutters Consumption Updates'!$B:$B,$B35)-SUMIFS('Cutters Consumption Updates'!$E:$E,'Cutters Consumption Updates'!$D:$D,I$1,'Cutters Consumption Updates'!$B:$B,$B35)+ SUMIF('Cutters Consumption Updates'!$AS:$AS,$B35,'Cutters Consumption Updates'!AU:AU) -> 0 | J35: =SUMIFS('Cutters Consumption Updates'!$F:$F,'Cutters Consumption Updates'!$D:$D,J$1,'Cutters Consumption Updates'!$B:$B,$B35)-SUMIFS('Cutters Consumption Updates'!$E:$E,'Cutters Consumption Updates'!$D:$D,J$1,'Cutters Consumption Updates'!$B:$B,$B35)+ SUMIF('Cutters Consumption Updates'!$AS:$AS,$B35,'Cutters Consumption Updates'!AV:AV) -> 0 | K35: =SUMIFS('Cutters Consumption Updates'!$F:$F,'Cutters Consumption Updates'!$D:$D,K$1,'Cutters Consumption Updates'!$B:$B,$B35)-SUMIFS('Cutters Consumption Updates'!$E:$E,'Cutters Consumption Updates'!$D:$D,K$1,'Cutters Consumption Updates'!$B:$B,$B35)+ SUMIF('Cutters Consumption Updates'!$AS:$AS,$B35,'Cutters Consumption Updates'!AW:AW) -> 0 | L35: =SUMIFS('Cutters Consumption Updates'!$F:$F,'Cutters Consumption Updates'!$D:$D,L$1,'Cutters Consumption Updates'!$B:$B,$B35)-SUMIFS('Cutters Consumption Updates'!$E:$E,'Cutters Consumption Updates'!$D:$D,$L$1,'Cutters Consumption Updates'!$B:$B,$B35)+SUMIFS('Cutters Consumption Updates'!$F:$F,'Cutters Consumption Updates'!$D:$D,"Retrofit",'Cutters Consumption Updates'!$B:$B,$B35)-SUMIFS('Cutters Consumption Updates'!$E:$E,'Cutters Consumption Updates'!$D:$D,"Retrofit",'Cutters Consumption Updates'!$B:$B,$B35)+ SUMIF('Cutters Consumption Updates'!$AS:$AS,$B35,'Cutters Consumption Updates'!AX:AX) -> 0 | M35: =L35+H35 -> 0 | N35: =SUMIFS('Cutters Consumption Updates'!E:E, 'Cutters Consumption Updates'!B:B, B35, 'Cutters Consumption Updates'!A:A, ">" & TODAY()-182) -> 0 | O35: =SUMIFS('Cutters Consumption Updates'!E:E, 'Cutters Consumption Updates'!B:B, B35, 'Cutters Consumption Updates'!A:A, ">" & TODAY()-91) -> 0 | P35: =IF(N35<>0,_xlfn.CEILING.MATH(N35/3),0) -> 0 | Q35: =IF(P35<=1, 0, CEILING( IF(P35>=300, P35+10, IF(P35>=200, P35+5, IF(P35>=100, P35+5, IF(P35>=50, P35+2, IF(P35>=20, P35+2, IF(P35>=10, P35+2, IF(P35>=5, P35+2, P35+1))))))), 5)) -> 0 | S35: =IFERROR(INDEX(Table5[],MATCH($B35,Table5[Component],0),2),0) -> 0 | T35: =SUMIFS(Table7[Balance],Table7[Cutter Mat'#],$B35) -> 0 | U35: =M35+T35-S35 -> 0 | Y35: =IFERROR(INDEX(Table5[],MATCH($B35,Table5[Component],0),2),0) -> 0 | Z35: =IFERROR(INDEX(Table5[],MATCH($B35,Table5[Component],0),1),0) -> 0 | AA35: =IF(Y35<>0,B35,"") | AB35: =IF(S35<>Y35,1,"") | AD35: =H35+I35+J35+L35 -> 0 | AI35: =IFERROR(INDEX($B$1:$AK$243,MATCH(W35,$B$1:$B$243,0),13),"") | AJ35: =IFERROR(INDEX($B$1:$AK$243,MATCH(W35,$B$1:$B$243,0),15),"") | AK35: =SUMIF($W$2:$W$243,B35,$S$2:$S$243) -> 0 | AP35: =T35 -> 0 | AR35: 646941 | AS35: =SUMIF($B:$B,AR35,$AP:$AP) -> 0
A36: 35 | B36: 802064 | C36: 1308 CT97 10C | D36: CT97 | E36: 1308 | F36: 10C | G36: P - Premium | H36: =SUMIFS('Cutters Consumption Updates'!$F:$F,'Cutters Consumption Updates'!$D:$D,H$1,'Cutters Consumption Updates'!$B:$B,$B36)-SUMIFS('Cutters Consumption Updates'!$E:$E,'Cutters Consumption Updates'!$D:$D,H$1,'Cutters Consumption Updates'!$B:$B,$B36)+ SUMIF('Cutters Consumption Updates'!$AS:$AS,$B36,'Cutters Consumption Updates'!AT:AT) -> 0 | I36: =SUMIFS('Cutters Consumption Updates'!$F:$F,'Cutters Consumption Updates'!$D:$D,I$1,'Cutters Consumption Updates'!$B:$B,$B36)-SUMIFS('Cutters Consumption Updates'!$E:$E,'Cutters Consumption Updates'!$D:$D,I$1,'Cutters Consumption Updates'!$B:$B,$B36)+ SUMIF('Cutters Consumption Updates'!$AS:$AS,$B36,'Cutters Consumption Updates'!AU:AU) -> 0 | J36: =SUMIFS('Cutters Consumption Updates'!$F:$F,'Cutters Consumption Updates'!$D:$D,J$1,'Cutters Consumption Updates'!$B:$B,$B36)-SUMIFS('Cutters Consumption Updates'!$E:$E,'Cutters Consumption Updates'!$D:$D,J$1,'Cutters Consumption Updates'!$B:$B,$B36)+ SUMIF('Cutters Consumption Updates'!$AS:$AS,$B36,'Cutters Consumption Updates'!AV:AV) -> 0 | K36: =SUMIFS('Cutters Consumption Updates'!$F:$F,'Cutters Consumption Updates'!$D:$D,K$1,'Cutters Consumption Updates'!$B:$B,$B36)-SUMIFS('Cutters Consumption Updates'!$E:$E,'Cutters Consumption Updates'!$D:$D,K$1,'Cutters Consumption Updates'!$B:$B,$B36)+ SUMIF('Cutters Consumption Updates'!$AS:$AS,$B36,'Cutters Consumption Updates'!AW:AW) -> 8 | L36: =SUMIFS('Cutters Consumption Updates'!$F:$F,'Cutters Consumption Updates'!$D:$D,L$1,'Cutters Consumption Updates'!$B:$B,$B36)-SUMIFS('Cutters Consumption Updates'!$E:$E,'Cutters Consumption Updates'!$D:$D,$L$1,'Cutters Consumption Updates'!$B:$B,$B36)+SUMIFS('Cutters Consumption Updates'!$F:$F,'Cutters Consumption Updates'!$D:$D,"Retrofit",'Cutters Consumption Updates'!$B:$B,$B36)-SUMIFS('Cutters Consumption Updates'!$E:$E,'Cutters Consumption Updates'!$D:$D,"Retrofit",'Cutters Consumption Updates'!$B:$B,$B36)+ SUMIF('Cutters Consumption Updates'!$AS:$AS,$B36,'Cutters Consumption Updates'!AX:AX) -> 1 | M36: =L36+H36 -> 1 | N36: =SUMIFS('Cutters Consumption Updates'!E:E, 'Cutters Consumption Updates'!B:B, B36, 'Cutters Consumption Updates'!A:A, ">" & TODAY()-182) -> 13 | O36: =SUMIFS('Cutters Consumption Updates'!E:E, 'Cutters Consumption Updates'!B:B, B36, 'Cutters Consumption Updates'!A:A, ">" & TODAY()-91) -> 13 | P36: =IF(N36<>0,_xlfn.CEILING.MATH(N36/3),0) -> 5 | Q36: =IF(P36<=1, 0, CEILING( IF(P36>=300, P36+10, IF(P36>=200, P36+5, IF(P36>=100, P36+5, IF(P36>=50, P36+2, IF(P36>=20, P36+2, IF(P36>=10, P36+2, IF(P36>=5, P36+2, P36+1))))))), 5)) -> 10 | S36: =IFERROR(INDEX(Table5[],MATCH($B36,Table5[Component],0),2),0) -> 0 | T36: =SUMIFS(Table7[Balance],Table7[Cutter Mat'#],$B36) -> 0 | U36: =M36+T36-S36 -> 1 | Y36: =IFERROR(INDEX(Table5[],MATCH($B36,Table5[Component],0),2),0) -> 0 | Z36: =IFERROR(INDEX(Table5[],MATCH($B36,Table5[Component],0),1),0) -> 0 | AA36: =IF(Y36<>0,B36,"") | AB36: =IF(S36<>Y36,1,"") | AD36: =H36+I36+J36+L36 -> 1 | AI36: =IFERROR(INDEX($B$1:$AK$243,MATCH(W36,$B$1:$B$243,0),13),"") | AJ36: =IFERROR(INDEX($B$1:$AK$243,MATCH(W36,$B$1:$B$243,0),15),"") | AK36: =SUMIF($W$2:$W$243,B36,$S$2:$S$243) -> 0 | AP36: =T36 -> 0 | AR36: 647435 | AS36: =SUMIF($B:$B,AR36,$AP:$AP) -> 0
A37: 36 | B37: 717748 | C37: 1010 CT200 18C | D37: CT200 | E37: 1010 | F37: 18C | G37: B - Standard ( Base ) | H37: =SUMIFS('Cutters Consumption Updates'!$F:$F,'Cutters Consumption Updates'!$D:$D,H$1,'Cutters Consumption Updates'!$B:$B,$B37)-SUMIFS('Cutters Consumption Updates'!$E:$E,'Cutters Consumption Updates'!$D:$D,H$1,'Cutters Consumption Updates'!$B:$B,$B37)+ SUMIF('Cutters Consumption Updates'!$AS:$AS,$B37,'Cutters Consumption Updates'!AT:AT) -> 0 | I37: =SUMIFS('Cutters Consumption Updates'!$F:$F,'Cutters Consumption Updates'!$D:$D,I$1,'Cutters Consumption Updates'!$B:$B,$B37)-SUMIFS('Cutters Consumption Updates'!$E:$E,'Cutters Consumption Updates'!$D:$D,I$1,'Cutters Consumption Updates'!$B:$B,$B37)+ SUMIF('Cutters Consumption Updates'!$AS:$AS,$B37,'Cutters Consumption Updates'!AU:AU) -> 0 | J37: =SUMIFS('Cutters Consumption Updates'!$F:$F,'Cutters Consumption Updates'!$D:$D,J$1,'Cutters Consumption Updates'!$B:$B,$B37)-SUMIFS('Cutters Consumption Updates'!$E:$E,'Cutters Consumption Updates'!$D:$D,J$1,'Cutters Consumption Updates'!$B:$B,$B37)+ SUMIF('Cutters Consumption Updates'!$AS:$AS,$B37,'Cutters Consumption Updates'!AV:AV) -> 2 | K37: =SUMIFS('Cutters Consumption Updates'!$F:$F,'Cutters Consumption Updates'!$D:$D,K$1,'Cutters Consumption Updates'!$B:$B,$B37)-SUMIFS('Cutters Consumption Updates'!$E:$E,'Cutters Consumption Updates'!$D:$D,K$1,'Cutters Consumption Updates'!$B:$B,$B37)+ SUMIF('Cutters Consumption Updates'!$AS:$AS,$B37,'Cutters Consumption Updates'!AW:AW) -> 3 | L37: =SUMIFS('Cutters Consumption Updates'!$F:$F,'Cutters Consumption Updates'!$D:$D,L$1,'Cutters Consumption Updates'!$B:$B,$B37)-SUMIFS('Cutters Consumption Updates'!$E:$E,'Cutters Consumption Updates'!$D:$D,$L$1,'Cutters Consumption Updates'!$B:$B,$B37)+SUMIFS('Cutters Consumption Updates'!$F:$F,'Cutters Consumption Updates'!$D:$D,"Retrofit",'Cutters Consumption Updates'!$B:$B,$B37)-SUMIFS('Cutters Consumption Updates'!$E:$E,'Cutters Consumption Updates'!$D:$D,"Retrofit",'Cutters Consumption Updates'!$B:$B,$B37)+ SUMIF('Cutters Consumption Updates'!$AS:$AS,$B37,'Cutters Consumption Updates'!AX:AX) -> -19 | M37: =L37+H37 -> -19 | N37: =SUMIFS('Cutters Consumption Updates'!E:E, 'Cutters Consumption Updates'!B:B, B37, 'Cutters Consumption Updates'!A:A, ">" & TODAY()-182) -> 295 | O37: =SUMIFS('Cutters Consumption Updates'!E:E, 'Cutters Consumption Updates'!B:B, B37, 'Cutters Consumption Updates'!A:A, ">" & TODAY()-91) -> 191 | P37: =IF(N37<>0,_xlfn.CEILING.MATH(N37/3),0) -> 99 | Q37: =IF(P37<=1, 0, CEILING( IF(P37>=300, P37+10, IF(P37>=200, P37+5, IF(P37>=100, P37+5, IF(P37>=50, P37+2, IF(P37>=20, P37+2, IF(P37>=10, P37+2, IF(P37>=5, P37+2, P37+1))))))), 5)) -> 105 | R37: 1010 V 18-60 | S37: =IFERROR(INDEX(Table5[],MATCH($B37,Table5[Component],0),2),0) -> 382 | T37: =SUMIFS(Table7[Balance],Table7[Cutter Mat'#],$B37) -> 50 | U37: =M37+T37-S37 -> -351 | Y37: =IFERROR(INDEX(Table5[],MATCH($B37,Table5[Component],0),2),0) -> 382 | Z37: =IFERROR(INDEX(Table5[],MATCH($B37,Table5[Component],0),1),0) -> 717748 | AA37: =IF(Y37<>0,B37,"") -> 717748 | AB37: =IF(S37<>Y37,1,"") | AD37: =H37+I37+J37+L37 -> -17 | AI37: =IFERROR(INDEX($B$1:$AK$243,MATCH(W37,$B$1:$B$243,0),13),"") | AJ37: =IFERROR(INDEX($B$1:$AK$243,MATCH(W37,$B$1:$B$243,0),15),"") | AK37: =SUMIF($W$2:$W$243,B37,$S$2:$S$243) -> 0 | AP37: =T37 -> 50 | AR37: 647436 | AS37: =SUMIF($B:$B,AR37,$AP:$AP) -> 0
A38: 37 | B38: 752294 | C38: 1010 CT82 18C | D38: CT82 | E38: 1010 | F38: 18C | G38: S - Super Premium - PMT | H38: =SUMIFS('Cutters Consumption Updates'!$F:$F,'Cutters Consumption Updates'!$D:$D,H$1,'Cutters Consumption Updates'!$B:$B,$B38)-SUMIFS('Cutters Consumption Updates'!$E:$E,'Cutters Consumption Updates'!$D:$D,H$1,'Cutters Consumption Updates'!$B:$B,$B38)+ SUMIF('Cutters Consumption Updates'!$AS:$AS,$B38,'Cutters Consumption Updates'!AT:AT) -> 0 | I38: =SUMIFS('Cutters Consumption Updates'!$F:$F,'Cutters Consumption Updates'!$D:$D,I$1,'Cutters Consumption Updates'!$B:$B,$B38)-SUMIFS('Cutters Consumption Updates'!$E:$E,'Cutters Consumption Updates'!$D:$D,I$1,'Cutters Consumption Updates'!$B:$B,$B38)+ SUMIF('Cutters Consumption Updates'!$AS:$AS,$B38,'Cutters Consumption Updates'!AU:AU) -> 0 | J38: =SUMIFS('Cutters Consumption Updates'!$F:$F,'Cutters Consumption Updates'!$D:$D,J$1,'Cutters Consumption Updates'!$B:$B,$B38)-SUMIFS('Cutters Consumption Updates'!$E:$E,'Cutters Consumption Updates'!$D:$D,J$1,'Cutters Consumption Updates'!$B:$B,$B38)+ SUMIF('Cutters Consumption Updates'!$AS:$AS,$B38,'Cutters Consumption Updates'!AV:AV) -> 0 | K38: =SUMIFS('Cutters Consumption Updates'!$F:$F,'Cutters Consumption Updates'!$D:$D,K$1,'Cutters Consumption Updates'!$B:$B,$B38)-SUMIFS('Cutters Consumption Updates'!$E:$E,'Cutters Consumption Updates'!$D:$D,K$1,'Cutters Consumption Updates'!$B:$B,$B38)+ SUMIF('Cutters Consumption Updates'!$AS:$AS,$B38,'Cutters Consumption Updates'!AW:AW) -> 0 | L38: =SUMIFS('Cutters Consumption Updates'!$F:$F,'Cutters Consumption Updates'!$D:$D,L$1,'Cutters Consumption Updates'!$B:$B,$B38)-SUMIFS('Cutters Consumption Updates'!$E:$E,'Cutters Consumption Updates'!$D:$D,$L$1,'Cutters Consumption Updates'!$B:$B,$B38)+SUMIFS('Cutters Consumption Updates'!$F:$F,'Cutters Consumption Updates'!$D:$D,"Retrofit",'Cutters Consumption Updates'!$B:$B,$B38)-SUMIFS('Cutters Consumption Updates'!$E:$E,'Cutters Consumption Updates'!$D:$D,"Retrofit",'Cutters Consumption Updates'!$B:$B,$B38)+ SUMIF('Cutters Consumption Updates'!$AS:$AS,$B38,'Cutters Consumption Updates'!AX:AX) -> 0 | M38: =L38+H38 -> 0 | N38: =SUMIFS('Cutters Consumption Updates'!E:E, 'Cutters Consumption Updates'!B:B, B38, 'Cutters Consumption Updates'!A:A, ">" & TODAY()-182) -> 0 | O38: =SUMIFS('Cutters Consumption Updates'!E:E, 'Cutters Consumption Updates'!B:B, B38, 'Cutters Consumption Updates'!A:A, ">" & TODAY()-91) -> 0 | P38: =IF(N38<>0,_xlfn.CEILING.MATH(N38/3),0) -> 0 | Q38: =IF(P38<=1, 0, CEILING( IF(P38>=300, P38+10, IF(P38>=200, P38+5, IF(P38>=100, P38+5, IF(P38>=50, P38+2, IF(P38>=20, P38+2, IF(P38>=10, P38+2, IF(P38>=5, P38+2, P38+1))))))), 5)) -> 0 | S38: =IFERROR(INDEX(Table5[],MATCH($B38,Table5[Component],0),2),0) -> 0 | T38: =SUMIFS(Table7[Balance],Table7[Cutter Mat'#],$B38) -> 0 | U38: =M38+T38-S38 -> 0 | Y38: =IFERROR(INDEX(Table5[],MATCH($B38,Table5[Component],0),2),0) -> 0 | Z38: =IFERROR(INDEX(Table5[],MATCH($B38,Table5[Component],0),1),0) -> 0 | AA38: =IF(Y38<>0,B38,"") | AB38: =IF(S38<>Y38,1,"") | AD38: =H38+I38+J38+L38 -> 0 | AI38: =IFERROR(INDEX($B$1:$AK$243,MATCH(W38,$B$1:$B$243,0),13),"") | AJ38: =IFERROR(INDEX($B$1:$AK$243,MATCH(W38,$B$1:$B$243,0),15),"") | AK38: =SUMIF($W$2:$W$243,B38,$S$2:$S$243) -> 0 | AP38: =T38 -> 0 | AR38: 647464 | AS38: =SUMIF($B:$B,AR38,$AP:$AP) -> 0
A39: 38 | B39: 761304 | C39: 13MMS SHORT BULLET CT80NL 10C | D39: CT80 | E39: 13MMS | F39: 10C | G39: B - Standard ( Base ) | H39: =SUMIFS('Cutters Consumption Updates'!$F:$F,'Cutters Consumption Updates'!$D:$D,H$1,'Cutters Consumption Updates'!$B:$B,$B39)-SUMIFS('Cutters Consumption Updates'!$E:$E,'Cutters Consumption Updates'!$D:$D,H$1,'Cutters Consumption Updates'!$B:$B,$B39)+ SUMIF('Cutters Consumption Updates'!$AS:$AS,$B39,'Cutters Consumption Updates'!AT:AT) -> 0 | I39: =SUMIFS('Cutters Consumption Updates'!$F:$F,'Cutters Consumption Updates'!$D:$D,I$1,'Cutters Consumption Updates'!$B:$B,$B39)-SUMIFS('Cutters Consumption Updates'!$E:$E,'Cutters Consumption Updates'!$D:$D,I$1,'Cutters Consumption Updates'!$B:$B,$B39)+ SUMIF('Cutters Consumption Updates'!$AS:$AS,$B39,'Cutters Consumption Updates'!AU:AU) -> 0 | J39: =SUMIFS('Cutters Consumption Updates'!$F:$F,'Cutters Consumption Updates'!$D:$D,J$1,'Cutters Consumption Updates'!$B:$B,$B39)-SUMIFS('Cutters Consumption Updates'!$E:$E,'Cutters Consumption Updates'!$D:$D,J$1,'Cutters Consumption Updates'!$B:$B,$B39)+ SUMIF('Cutters Consumption Updates'!$AS:$AS,$B39,'Cutters Consumption Updates'!AV:AV) -> 0 | K39: =SUMIFS('Cutters Consumption Updates'!$F:$F,'Cutters Consumption Updates'!$D:$D,K$1,'Cutters Consumption Updates'!$B:$B,$B39)-SUMIFS('Cutters Consumption Updates'!$E:$E,'Cutters Consumption Updates'!$D:$D,K$1,'Cutters Consumption Updates'!$B:$B,$B39)+ SUMIF('Cutters Consumption Updates'!$AS:$AS,$B39,'Cutters Consumption Updates'!AW:AW) -> 0 | L39: =SUMIFS('Cutters Consumption Updates'!$F:$F,'Cutters Consumption Updates'!$D:$D,L$1,'Cutters Consumption Updates'!$B:$B,$B39)-SUMIFS('Cutters Consumption Updates'!$E:$E,'Cutters Consumption Updates'!$D:$D,$L$1,'Cutters Consumption Updates'!$B:$B,$B39)+SUMIFS('Cutters Consumption Updates'!$F:$F,'Cutters Consumption Updates'!$D:$D,"Retrofit",'Cutters Consumption Updates'!$B:$B,$B39)-SUMIFS('Cutters Consumption Updates'!$E:$E,'Cutters Consumption Updates'!$D:$D,"Retrofit",'Cutters Consumption Updates'!$B:$B,$B39)+ SUMIF('Cutters Consumption Updates'!$AS:$AS,$B39,'Cutters Consumption Updates'!AX:AX) -> 21 | M39: =L39+H39 -> 21 | N39: =SUMIFS('Cutters Consumption Updates'!E:E, 'Cutters Consumption Updates'!B:B, B39, 'Cutters Consumption Updates'!A:A, ">" & TODAY()-182) -> 0 | O39: =SUMIFS('Cutters Consumption Updates'!E:E, 'Cutters Consumption Updates'!B:B, B39, 'Cutters Consumption Updates'!A:A, ">" & TODAY()-91) -> 0 | P39: =IF(N39<>0,_xlfn.CEILING.MATH(N39/3),0) -> 0 | Q39: =IF(P39<=1, 0, CEILING( IF(P39>=300, P39+10, IF(P39>=200, P39+5, IF(P39>=100, P39+5, IF(P39>=50, P39+2, IF(P39>=20, P39+2, IF(P39>=10, P39+2, IF(P39>=5, P39+2, P39+1))))))), 5)) -> 0 | S39: =IFERROR(INDEX(Table5[],MATCH($B39,Table5[Component],0),2),0) -> 0 | T39: =SUMIFS(Table7[Balance],Table7[Cutter Mat'#],$B39) -> 0 | U39: =M39+T39-S39 -> 21 | Y39: =IFERROR(INDEX(Table5[],MATCH($B39,Table5[Component],0),2),0) -> 0 | Z39: =IFERROR(INDEX(Table5[],MATCH($B39,Table5[Component],0),1),0) -> 0 | AA39: =IF(Y39<>0,B39,"") | AB39: =IF(S39<>Y39,1,"") | AD39: =H39+I39+J39+L39 -> 21 | AI39: =IFERROR(INDEX($B$1:$AK$243,MATCH(W39,$B$1:$B$243,0),13),"") | AJ39: =IFERROR(INDEX($B$1:$AK$243,MATCH(W39,$B$1:$B$243,0),15),"") | AK39: =SUMIF($W$2:$W$243,B39,$S$2:$S$243) -> 0 | AP39: =T39 -> 0 | AR39: 647467 | AS39: =SUMIF($B:$B,AR39,$AP:$AP) -> 0
A40: 39 | B40: 770450 | C40: 16MMS SHORT BULLET CT80NL 18C | D40: CT80 | E40: 16MMS | F40: 18C | G40: B - Standard ( Base ) | H40: =SUMIFS('Cutters Consumption Updates'!$F:$F,'Cutters Consumption Updates'!$D:$D,H$1,'Cutters Consumption Updates'!$B:$B,$B40)-SUMIFS('Cutters Consumption Updates'!$E:$E,'Cutters Consumption Updates'!$D:$D,H$1,'Cutters Consumption Updates'!$B:$B,$B40)+ SUMIF('Cutters Consumption Updates'!$AS:$AS,$B40,'Cutters Consumption Updates'!AT:AT) -> 0 | I40: =SUMIFS('Cutters Consumption Updates'!$F:$F,'Cutters Consumption Updates'!$D:$D,I$1,'Cutters Consumption Updates'!$B:$B,$B40)-SUMIFS('Cutters Consumption Updates'!$E:$E,'Cutters Consumption Updates'!$D:$D,I$1,'Cutters Consumption Updates'!$B:$B,$B40)+ SUMIF('Cutters Consumption Updates'!$AS:$AS,$B40,'Cutters Consumption Updates'!AU:AU) -> 0 | J40: =SUMIFS('Cutters Consumption Updates'!$F:$F,'Cutters Consumption Updates'!$D:$D,J$1,'Cutters Consumption Updates'!$B:$B,$B40)-SUMIFS('Cutters Consumption Updates'!$E:$E,'Cutters Consumption Updates'!$D:$D,J$1,'Cutters Consumption Updates'!$B:$B,$B40)+ SUMIF('Cutters Consumption Updates'!$AS:$AS,$B40,'Cutters Consumption Updates'!AV:AV) -> 0 | K40: =SUMIFS('Cutters Consumption Updates'!$F:$F,'Cutters Consumption Updates'!$D:$D,K$1,'Cutters Consumption Updates'!$B:$B,$B40)-SUMIFS('Cutters Consumption Updates'!$E:$E,'Cutters Consumption Updates'!$D:$D,K$1,'Cutters Consumption Updates'!$B:$B,$B40)+ SUMIF('Cutters Consumption Updates'!$AS:$AS,$B40,'Cutters Consumption Updates'!AW:AW) -> 13 | L40: =SUMIFS('Cutters Consumption Updates'!$F:$F,'Cutters Consumption Updates'!$D:$D,L$1,'Cutters Consumption Updates'!$B:$B,$B40)-SUMIFS('Cutters Consumption Updates'!$E:$E,'Cutters Consumption Updates'!$D:$D,$L$1,'Cutters Consumption Updates'!$B:$B,$B40)+SUMIFS('Cutters Consumption Updates'!$F:$F,'Cutters Consumption Updates'!$D:$D,"Retrofit",'Cutters Consumption Updates'!$B:$B,$B40)-SUMIFS('Cutters Consumption Updates'!$E:$E,'Cutters Consumption Updates'!$D:$D,"Retrofit",'Cutters Consumption Updates'!$B:$B,$B40)+ SUMIF('Cutters Consumption Updates'!$AS:$AS,$B40,'Cutters Consumption Updates'!AX:AX) -> 1 | M40: =L40+H40 -> 1 | N40: =SUMIFS('Cutters Consumption Updates'!E:E, 'Cutters Consumption Updates'!B:B, B40, 'Cutters Consumption Updates'!A:A, ">" & TODAY()-182) -> 0 | O40: =SUMIFS('Cutters Consumption Updates'!E:E, 'Cutters Consumption Updates'!B:B, B40, 'Cutters Consumption Updates'!A:A, ">" & TODAY()-91) -> 0 | P40: =IF(N40<>0,_xlfn.CEILING.MATH(N40/3),0) -> 0 | Q40: =IF(P40<=1, 0, CEILING( IF(P40>=300, P40+10, IF(P40>=200, P40+5, IF(P40>=100, P40+5, IF(P40>=50, P40+2, IF(P40>=20, P40+2, IF(P40>=10, P40+2, IF(P40>=5, P40+2, P40+1))))))), 5)) -> 0 | S40: =IFERROR(INDEX(Table5[],MATCH($B40,Table5[Component],0),2),0) -> 0 | T40: =SUMIFS(Table7[Balance],Table7[Cutter Mat'#],$B40) -> 0 | U40: =M40+T40-S40 -> 1 | Y40: =IFERROR(INDEX(Table5[],MATCH($B40,Table5[Component],0),2),0) -> 0 | Z40: =IFERROR(INDEX(Table5[],MATCH($B40,Table5[Component],0),1),0) -> 0 | AA40: =IF(Y40<>0,B40,"") | AB40: =IF(S40<>Y40,1,"") | AD40: =H40+I40+J40+L40 -> 1 | AI40: =IFERROR(INDEX($B$1:$AK$243,MATCH(W40,$B$1:$B$243,0),13),"") | AJ40: =IFERROR(INDEX($B$1:$AK$243,MATCH(W40,$B$1:$B$243,0),15),"") | AK40: =SUMIF($W$2:$W$243,B40,$S$2:$S$243) -> 0 | AP40: =T40 -> 0 | AR40: 649901 | AS40: =SUMIF($B:$B,AR40,$AP:$AP) -> 0
A41: 40 | B41: 761246 | C41: 16MML LONG BULLET CT80NL 18C | D41: CT80 | E41: 16MML | F41: 18C | G41: B - Standard ( Base ) | H41: =SUMIFS('Cutters Consumption Updates'!$F:$F,'Cutters Consumption Updates'!$D:$D,H$1,'Cutters Consumption Updates'!$B:$B,$B41)-SUMIFS('Cutters Consumption Updates'!$E:$E,'Cutters Consumption Updates'!$D:$D,H$1,'Cutters Consumption Updates'!$B:$B,$B41)+ SUMIF('Cutters Consumption Updates'!$AS:$AS,$B41,'Cutters Consumption Updates'!AT:AT) -> 0 | I41: =SUMIFS('Cutters Consumption Updates'!$F:$F,'Cutters Consumption Updates'!$D:$D,I$1,'Cutters Consumption Updates'!$B:$B,$B41)-SUMIFS('Cutters Consumption Updates'!$E:$E,'Cutters Consumption Updates'!$D:$D,I$1,'Cutters Consumption Updates'!$B:$B,$B41)+ SUMIF('Cutters Consumption Updates'!$AS:$AS,$B41,'Cutters Consumption Updates'!AU:AU) -> 0 | J41: =SUMIFS('Cutters Consumption Updates'!$F:$F,'Cutters Consumption Updates'!$D:$D,J$1,'Cutters Consumption Updates'!$B:$B,$B41)-SUMIFS('Cutters Consumption Updates'!$E:$E,'Cutters Consumption Updates'!$D:$D,J$1,'Cutters Consumption Updates'!$B:$B,$B41)+ SUMIF('Cutters Consumption Updates'!$AS:$AS,$B41,'Cutters Consumption Updates'!AV:AV) -> 0 | K41: =SUMIFS('Cutters Consumption Updates'!$F:$F,'Cutters Consumption Updates'!$D:$D,K$1,'Cutters Consumption Updates'!$B:$B,$B41)-SUMIFS('Cutters Consumption Updates'!$E:$E,'Cutters Consumption Updates'!$D:$D,K$1,'Cutters Consumption Updates'!$B:$B,$B41)+ SUMIF('Cutters Consumption Updates'!$AS:$AS,$B41,'Cutters Consumption Updates'!AW:AW) -> 0 | L41: =SUMIFS('Cutters Consumption Updates'!$F:$F,'Cutters Consumption Updates'!$D:$D,L$1,'Cutters Consumption Updates'!$B:$B,$B41)-SUMIFS('Cutters Consumption Updates'!$E:$E,'Cutters Consumption Updates'!$D:$D,$L$1,'Cutters Consumption Updates'!$B:$B,$B41)+SUMIFS('Cutters Consumption Updates'!$F:$F,'Cutters Consumption Updates'!$D:$D,"Retrofit",'Cutters Consumption Updates'!$B:$B,$B41)-SUMIFS('Cutters Consumption Updates'!$E:$E,'Cutters Consumption Updates'!$D:$D,"Retrofit",'Cutters Consumption Updates'!$B:$B,$B41)+ SUMIF('Cutters Consumption Updates'!$AS:$AS,$B41,'Cutters Consumption Updates'!AX:AX) -> 91 | M41: =L41+H41 -> 91 | N41: =SUMIFS('Cutters Consumption Updates'!E:E, 'Cutters Consumption Updates'!B:B, B41, 'Cutters Consumption Updates'!A:A, ">" & TODAY()-182) -> 1 | O41: =SUMIFS('Cutters Consumption Updates'!E:E, 'Cutters Consumption Updates'!B:B, B41, 'Cutters Consumption Updates'!A:A, ">" & TODAY()-91) -> 0 | P41: =IF(N41<>0,_xlfn.CEILING.MATH(N41/3),0) -> 1 | Q41: =IF(P41<=1, 0, CEILING( IF(P41>=300, P41+10, IF(P41>=200, P41+5, IF(P41>=100, P41+5, IF(P41>=50, P41+2, IF(P41>=20, P41+2, IF(P41>=10, P41+2, IF(P41>=5, P41+2, P41+1))))))), 5)) -> 0 | S41: =IFERROR(INDEX(Table5[],MATCH($B41,Table5[Component],0),2),0) -> 0 | T41: =SUMIFS(Table7[Balance],Table7[Cutter Mat'#],$B41) -> 0 | U41: =M41+T41-S41 -> 91 | Y41: =IFERROR(INDEX(Table5[],MATCH($B41,Table5[Component],0),2),0) -> 0 | Z41: =IFERROR(INDEX(Table5[],MATCH($B41,Table5[Component],0),1),0) -> 0 | AA41: =IF(Y41<>0,B41,"") | AB41: =IF(S41<>Y41,1,"") | AD41: =H41+I41+J41+L41 -> 91 | AI41: =IFERROR(INDEX($B$1:$AK$243,MATCH(W41,$B$1:$B$243,0),13),"") | AJ41: =IFERROR(INDEX($B$1:$AK$243,MATCH(W41,$B$1:$B$243,0),15),"") | AK41: =SUMIF($W$2:$W$243,B41,$S$2:$S$243) -> 0 | AP41: =T41 -> 0 | AR41: 653400 | AS41: =SUMIF($B:$B,AR41,$AP:$AP) -> 25
A42: 41 | B42: 745573 | C42: 1913 CT82 10C | D42: CT82 | E42: 1913 | F42: 10C | G42: S - Super Premium - PMT | H42: =SUMIFS('Cutters Consumption Updates'!$F:$F,'Cutters Consumption Updates'!$D:$D,H$1,'Cutters Consumption Updates'!$B:$B,$B42)-SUMIFS('Cutters Consumption Updates'!$E:$E,'Cutters Consumption Updates'!$D:$D,H$1,'Cutters Consumption Updates'!$B:$B,$B42)+ SUMIF('Cutters Consumption Updates'!$AS:$AS,$B42,'Cutters Consumption Updates'!AT:AT) -> 0 | I42: =SUMIFS('Cutters Consumption Updates'!$F:$F,'Cutters Consumption Updates'!$D:$D,I$1,'Cutters Consumption Updates'!$B:$B,$B42)-SUMIFS('Cutters Consumption Updates'!$E:$E,'Cutters Consumption Updates'!$D:$D,I$1,'Cutters Consumption Updates'!$B:$B,$B42)+ SUMIF('Cutters Consumption Updates'!$AS:$AS,$B42,'Cutters Consumption Updates'!AU:AU) -> 0 | J42: =SUMIFS('Cutters Consumption Updates'!$F:$F,'Cutters Consumption Updates'!$D:$D,J$1,'Cutters Consumption Updates'!$B:$B,$B42)-SUMIFS('Cutters Consumption Updates'!$E:$E,'Cutters Consumption Updates'!$D:$D,J$1,'Cutters Consumption Updates'!$B:$B,$B42)+ SUMIF('Cutters Consumption Updates'!$AS:$AS,$B42,'Cutters Consumption Updates'!AV:AV) -> 10 | K42: =SUMIFS('Cutters Consumption Updates'!$F:$F,'Cutters Consumption Updates'!$D:$D,K$1,'Cutters Consumption Updates'!$B:$B,$B42)-SUMIFS('Cutters Consumption Updates'!$E:$E,'Cutters Consumption Updates'!$D:$D,K$1,'Cutters Consumption Updates'!$B:$B,$B42)+ SUMIF('Cutters Consumption Updates'!$AS:$AS,$B42,'Cutters Consumption Updates'!AW:AW) -> 0 | L42: =SUMIFS('Cutters Consumption Updates'!$F:$F,'Cutters Consumption Updates'!$D:$D,L$1,'Cutters Consumption Updates'!$B:$B,$B42)-SUMIFS('Cutters Consumption Updates'!$E:$E,'Cutters Consumption Updates'!$D:$D,$L$1,'Cutters Consumption Updates'!$B:$B,$B42)+SUMIFS('Cutters Consumption Updates'!$F:$F,'Cutters Consumption Updates'!$D:$D,"Retrofit",'Cutters Consumption Updates'!$B:$B,$B42)-SUMIFS('Cutters Consumption Updates'!$E:$E,'Cutters Consumption Updates'!$D:$D,"Retrofit",'Cutters Consumption Updates'!$B:$B,$B42)+ SUMIF('Cutters Consumption Updates'!$AS:$AS,$B42,'Cutters Consumption Updates'!AX:AX) -> 27 | M42: =L42+H42 -> 27 | N42: =SUMIFS('Cutters Consumption Updates'!E:E, 'Cutters Consumption Updates'!B:B, B42, 'Cutters Consumption Updates'!A:A, ">" & TODAY()-182) -> 0 | O42: =SUMIFS('Cutters Consumption Updates'!E:E, 'Cutters Consumption Updates'!B:B, B42, 'Cutters Consumption Updates'!A:A, ">" & TODAY()-91) -> 0 | P42: =IF(N42<>0,_xlfn.CEILING.MATH(N42/3),0) -> 0 | Q42: =IF(P42<=1, 0, CEILING( IF(P42>=300, P42+10, IF(P42>=200, P42+5, IF(P42>=100, P42+5, IF(P42>=50, P42+2, IF(P42>=20, P42+2, IF(P42>=10, P42+2, IF(P42>=5, P42+2, P42+1))))))), 5)) -> 0 | S42: =IFERROR(INDEX(Table5[],MATCH($B42,Table5[Component],0),2),0) -> 0 | T42: =SUMIFS(Table7[Balance],Table7[Cutter Mat'#],$B42) -> 0 | U42: =M42+T42-S42 -> 27 | Y42: =IFERROR(INDEX(Table5[],MATCH($B42,Table5[Component],0),2),0) -> 0 | Z42: =IFERROR(INDEX(Table5[],MATCH($B42,Table5[Component],0),1),0) -> 0 | AA42: =IF(Y42<>0,B42,"") | AB42: =IF(S42<>Y42,1,"") | AD42: =H42+I42+J42+L42 -> 37 | AI42: =IFERROR(INDEX($B$1:$AK$243,MATCH(W42,$B$1:$B$243,0),13),"") | AJ42: =IFERROR(INDEX($B$1:$AK$243,MATCH(W42,$B$1:$B$243,0),15),"") | AK42: =SUMIF($W$2:$W$243,B42,$S$2:$S$243) -> 0 | AP42: =T42 -> 0 | AR42: 661065 | AS42: =SUMIF($B:$B,AR42,$AP:$AP) -> 0
A43: 42 | B43: 418525 | C43: 1308 CT31NL Drop In | D43: CT31 | E43: 1308 | F43: N/A | G43: B - Standard ( Base ) | H43: =SUMIFS('Cutters Consumption Updates'!$F:$F,'Cutters Consumption Updates'!$D:$D,H$1,'Cutters Consumption Updates'!$B:$B,$B43)-SUMIFS('Cutters Consumption Updates'!$E:$E,'Cutters Consumption Updates'!$D:$D,H$1,'Cutters Consumption Updates'!$B:$B,$B43)+ SUMIF('Cutters Consumption Updates'!$AS:$AS,$B43,'Cutters Consumption Updates'!AT:AT) -> 0 | I43: =SUMIFS('Cutters Consumption Updates'!$F:$F,'Cutters Consumption Updates'!$D:$D,I$1,'Cutters Consumption Updates'!$B:$B,$B43)-SUMIFS('Cutters Consumption Updates'!$E:$E,'Cutters Consumption Updates'!$D:$D,I$1,'Cutters Consumption Updates'!$B:$B,$B43)+ SUMIF('Cutters Consumption Updates'!$AS:$AS,$B43,'Cutters Consumption Updates'!AU:AU) -> 0 | J43: =SUMIFS('Cutters Consumption Updates'!$F:$F,'Cutters Consumption Updates'!$D:$D,J$1,'Cutters Consumption Updates'!$B:$B,$B43)-SUMIFS('Cutters Consumption Updates'!$E:$E,'Cutters Consumption Updates'!$D:$D,J$1,'Cutters Consumption Updates'!$B:$B,$B43)+ SUMIF('Cutters Consumption Updates'!$AS:$AS,$B43,'Cutters Consumption Updates'!AV:AV) -> 0 | K43: =SUMIFS('Cutters Consumption Updates'!$F:$F,'Cutters Consumption Updates'!$D:$D,K$1,'Cutters Consumption Updates'!$B:$B,$B43)-SUMIFS('Cutters Consumption Updates'!$E:$E,'Cutters Consumption Updates'!$D:$D,K$1,'Cutters Consumption Updates'!$B:$B,$B43)+ SUMIF('Cutters Consumption Updates'!$AS:$AS,$B43,'Cutters Consumption Updates'!AW:AW) -> 0 | L43: =SUMIFS('Cutters Consumption Updates'!$F:$F,'Cutters Consumption Updates'!$D:$D,L$1,'Cutters Consumption Updates'!$B:$B,$B43)-SUMIFS('Cutters Consumption Updates'!$E:$E,'Cutters Consumption Updates'!$D:$D,$L$1,'Cutters Consumption Updates'!$B:$B,$B43)+SUMIFS('Cutters Consumption Updates'!$F:$F,'Cutters Consumption Updates'!$D:$D,"Retrofit",'Cutters Consumption Updates'!$B:$B,$B43)-SUMIFS('Cutters Consumption Updates'!$E:$E,'Cutters Consumption Updates'!$D:$D,"Retrofit",'Cutters Consumption Updates'!$B:$B,$B43)+ SUMIF('Cutters Consumption Updates'!$AS:$AS,$B43,'Cutters Consumption Updates'!AX:AX) -> 163 | M43: =L43+H43 -> 163 | N43: =SUMIFS('Cutters Consumption Updates'!E:E, 'Cutters Consumption Updates'!B:B, B43, 'Cutters Consumption Updates'!A:A, ">" & TODAY()-182) -> 933 | O43: =SUMIFS('Cutters Consumption Updates'!E:E, 'Cutters Consumption Updates'!B:B, B43, 'Cutters Consumption Updates'!A:A, ">" & TODAY()-91) -> 477 | P43: =IF(N43<>0,_xlfn.CEILING.MATH(N43/3),0) -> 311 | Q43: =IF(P43<=1, 0, CEILING( IF(P43>=300, P43+10, IF(P43>=200, P43+5, IF(P43>=100, P43+5, IF(P43>=50, P43+2, IF(P43>=20, P43+2, IF(P43>=10, P43+2, IF(P43>=5, P43+2, P43+1))))))), 5)) -> 325 | S43: =IFERROR(INDEX(Table5[],MATCH($B43,Table5[Component],0),2),0) -> 715 | T43: =SUMIFS(Table7[Balance],Table7[Cutter Mat'#],$B43) -> 150 | U43: =M43+T43-S43 -> -402 | Y43: =IFERROR(INDEX(Table5[],MATCH($B43,Table5[Component],0),2),0) -> 715 | Z43: =IFERROR(INDEX(Table5[],MATCH($B43,Table5[Component],0),1),0) -> 418525 | AA43: =IF(Y43<>0,B43,"") -> 418525 | AB43: =IF(S43<>Y43,1,"") | AD43: =H43+I43+J43+L43 -> 163 | AI43: =IFERROR(INDEX($B$1:$AK$243,MATCH(W43,$B$1:$B$243,0),13),"") | AJ43: =IFERROR(INDEX($B$1:$AK$243,MATCH(W43,$B$1:$B$243,0),15),"") | AK43: =SUMIF($W$2:$W$243,B43,$S$2:$S$243) -> 0 | AP43: =T43 -> 150 | AR43: 661066 | AS43: =SUMIF($B:$B,AR43,$AP:$AP) -> 0
A44: 43 | B44: 717751 | C44: 1308 CT200 18C | D44: CT200 | E44: 1308 | F44: 18C | G44: B - Standard ( Base ) | H44: =SUMIFS('Cutters Consumption Updates'!$F:$F,'Cutters Consumption Updates'!$D:$D,H$1,'Cutters Consumption Updates'!$B:$B,$B44)-SUMIFS('Cutters Consumption Updates'!$E:$E,'Cutters Consumption Updates'!$D:$D,H$1,'Cutters Consumption Updates'!$B:$B,$B44)+ SUMIF('Cutters Consumption Updates'!$AS:$AS,$B44,'Cutters Consumption Updates'!AT:AT) -> 0 | I44: =SUMIFS('Cutters Consumption Updates'!$F:$F,'Cutters Consumption Updates'!$D:$D,I$1,'Cutters Consumption Updates'!$B:$B,$B44)-SUMIFS('Cutters Consumption Updates'!$E:$E,'Cutters Consumption Updates'!$D:$D,I$1,'Cutters Consumption Updates'!$B:$B,$B44)+ SUMIF('Cutters Consumption Updates'!$AS:$AS,$B44,'Cutters Consumption Updates'!AU:AU) -> 0 | J44: =SUMIFS('Cutters Consumption Updates'!$F:$F,'Cutters Consumption Updates'!$D:$D,J$1,'Cutters Consumption Updates'!$B:$B,$B44)-SUMIFS('Cutters Consumption Updates'!$E:$E,'Cutters Consumption Updates'!$D:$D,J$1,'Cutters Consumption Updates'!$B:$B,$B44)+ SUMIF('Cutters Consumption Updates'!$AS:$AS,$B44,'Cutters Consumption Updates'!AV:AV) -> 11 | K44: =SUMIFS('Cutters Consumption Updates'!$F:$F,'Cutters Consumption Updates'!$D:$D,K$1,'Cutters Consumption Updates'!$B:$B,$B44)-SUMIFS('Cutters Consumption Updates'!$E:$E,'Cutters Consumption Updates'!$D:$D,K$1,'Cutters Consumption Updates'!$B:$B,$B44)+ SUMIF('Cutters Consumption Updates'!$AS:$AS,$B44,'Cutters Consumption Updates'!AW:AW) -> 0 | L44: =SUMIFS('Cutters Consumption Updates'!$F:$F,'Cutters Consumption Updates'!$D:$D,L$1,'Cutters Consumption Updates'!$B:$B,$B44)-SUMIFS('Cutters Consumption Updates'!$E:$E,'Cutters Consumption Updates'!$D:$D,$L$1,'Cutters Consumption Updates'!$B:$B,$B44)+SUMIFS('Cutters Consumption Updates'!$F:$F,'Cutters Consumption Updates'!$D:$D,"Retrofit",'Cutters Consumption Updates'!$B:$B,$B44)-SUMIFS('Cutters Consumption Updates'!$E:$E,'Cutters Consumption Updates'!$D:$D,"Retrofit",'Cutters Consumption Updates'!$B:$B,$B44)+ SUMIF('Cutters Consumption Updates'!$AS:$AS,$B44,'Cutters Consumption Updates'!AX:AX) -> 449 | M44: =L44+H44 -> 449 | N44: =SUMIFS('Cutters Consumption Updates'!E:E, 'Cutters Consumption Updates'!B:B, B44, 'Cutters Consumption Updates'!A:A, ">" & TODAY()-182) -> 28 | O44: =SUMIFS('Cutters Consumption Updates'!E:E, 'Cutters Consumption Updates'!B:B, B44, 'Cutters Consumption Updates'!A:A, ">" & TODAY()-91) -> 12 | P44: =IF(N44<>0,_xlfn.CEILING.MATH(N44/3),0) -> 10 | Q44: =IF(P44<=1, 0, CEILING( IF(P44>=300, P44+10, IF(P44>=200, P44+5, IF(P44>=100, P44+5, IF(P44>=50, P44+2, IF(P44>=20, P44+2, IF(P44>=10, P44+2, IF(P44>=5, P44+2, P44+1))))))), 5)) -> 15 | S44: =IFERROR(INDEX(Table5[],MATCH($B44,Table5[Component],0),2),0) -> 248 | T44: =SUMIFS(Table7[Balance],Table7[Cutter Mat'#],$B44) -> 0 | U44: =M44+T44-S44 -> 201 | Y44: =IFERROR(INDEX(Table5[],MATCH($B44,Table5[Component],0),2),0) -> 248 | Z44: =IFERROR(INDEX(Table5[],MATCH($B44,Table5[Component],0),1),0) -> 717751 | AA44: =IF(Y44<>0,B44,"") -> 717751 | AB44: =IF(S44<>Y44,1,"") | AD44: =H44+I44+J44+L44 -> 460 | AI44: =IFERROR(INDEX($B$1:$AK$243,MATCH(W44,$B$1:$B$243,0),13),"") | AJ44: =IFERROR(INDEX($B$1:$AK$243,MATCH(W44,$B$1:$B$243,0),15),"") | AK44: =SUMIF($W$2:$W$243,B44,$S$2:$S$243) -> 0 | AP44: =T44 -> 0 | AR44: 703670 | AS44: =SUMIF($B:$B,AR44,$AP:$AP) -> 0
A45: 44 | B45: 729435 | C45: 1313 CT82 10C | D45: CT82 | E45: 1313 | F45: 10C | G45: S - Super Premium - PMT | H45: =SUMIFS('Cutters Consumption Updates'!$F:$F,'Cutters Consumption Updates'!$D:$D,H$1,'Cutters Consumption Updates'!$B:$B,$B45)-SUMIFS('Cutters Consumption Updates'!$E:$E,'Cutters Consumption Updates'!$D:$D,H$1,'Cutters Consumption Updates'!$B:$B,$B45)+ SUMIF('Cutters Consumption Updates'!$AS:$AS,$B45,'Cutters Consumption Updates'!AT:AT) -> 0 | I45: =SUMIFS('Cutters Consumption Updates'!$F:$F,'Cutters Consumption Updates'!$D:$D,I$1,'Cutters Consumption Updates'!$B:$B,$B45)-SUMIFS('Cutters Consumption Updates'!$E:$E,'Cutters Consumption Updates'!$D:$D,I$1,'Cutters Consumption Updates'!$B:$B,$B45)+ SUMIF('Cutters Consumption Updates'!$AS:$AS,$B45,'Cutters Consumption Updates'!AU:AU) -> 0 | J45: =SUMIFS('Cutters Consumption Updates'!$F:$F,'Cutters Consumption Updates'!$D:$D,J$1,'Cutters Consumption Updates'!$B:$B,$B45)-SUMIFS('Cutters Consumption Updates'!$E:$E,'Cutters Consumption Updates'!$D:$D,J$1,'Cutters Consumption Updates'!$B:$B,$B45)+ SUMIF('Cutters Consumption Updates'!$AS:$AS,$B45,'Cutters Consumption Updates'!AV:AV) -> 0 | K45: =SUMIFS('Cutters Consumption Updates'!$F:$F,'Cutters Consumption Updates'!$D:$D,K$1,'Cutters Consumption Updates'!$B:$B,$B45)-SUMIFS('Cutters Consumption Updates'!$E:$E,'Cutters Consumption Updates'!$D:$D,K$1,'Cutters Consumption Updates'!$B:$B,$B45)+ SUMIF('Cutters Consumption Updates'!$AS:$AS,$B45,'Cutters Consumption Updates'!AW:AW) -> 0 | L45: =SUMIFS('Cutters Consumption Updates'!$F:$F,'Cutters Consumption Updates'!$D:$D,L$1,'Cutters Consumption Updates'!$B:$B,$B45)-SUMIFS('Cutters Consumption Updates'!$E:$E,'Cutters Consumption Updates'!$D:$D,$L$1,'Cutters Consumption Updates'!$B:$B,$B45)+SUMIFS('Cutters Consumption Updates'!$F:$F,'Cutters Consumption Updates'!$D:$D,"Retrofit",'Cutters Consumption Updates'!$B:$B,$B45)-SUMIFS('Cutters Consumption Updates'!$E:$E,'Cutters Consumption Updates'!$D:$D,"Retrofit",'Cutters Consumption Updates'!$B:$B,$B45)+ SUMIF('Cutters Consumption Updates'!$AS:$AS,$B45,'Cutters Consumption Updates'!AX:AX) -> 0 | M45: =L45+H45 -> 0 | N45: =SUMIFS('Cutters Consumption Updates'!E:E, 'Cutters Consumption Updates'!B:B, B45, 'Cutters Consumption Updates'!A:A, ">" & TODAY()-182) -> 0 | O45: =SUMIFS('Cutters Consumption Updates'!E:E, 'Cutters Consumption Updates'!B:B, B45, 'Cutters Consumption Updates'!A:A, ">" & TODAY()-91) -> 0 | P45: =IF(N45<>0,_xlfn.CEILING.MATH(N45/3),0) -> 0 | Q45: =IF(P45<=1, 0, CEILING( IF(P45>=300, P45+10, IF(P45>=200, P45+5, IF(P45>=100, P45+5, IF(P45>=50, P45+2, IF(P45>=20, P45+2, IF(P45>=10, P45+2, IF(P45>=5, P45+2, P45+1))))))), 5)) -> 0 | S45: =IFERROR(INDEX(Table5[],MATCH($B45,Table5[Component],0),2),0) -> 0 | T45: =SUMIFS(Table7[Balance],Table7[Cutter Mat'#],$B45) -> 0 | U45: =M45+T45-S45 -> 0 | Y45: =IFERROR(INDEX(Table5[],MATCH($B45,Table5[Component],0),2),0) -> 0 | Z45: =IFERROR(INDEX(Table5[],MATCH($B45,Table5[Component],0),1),0) -> 0 | AA45: =IF(Y45<>0,B45,"") | AB45: =IF(S45<>Y45,1,"") | AD45: =H45+I45+J45+L45 -> 0 | AI45: =IFERROR(INDEX($B$1:$AK$243,MATCH(W45,$B$1:$B$243,0),13),"") | AJ45: =IFERROR(INDEX($B$1:$AK$243,MATCH(W45,$B$1:$B$243,0),15),"") | AK45: =SUMIF($W$2:$W$243,B45,$S$2:$S$243) -> 0 | AP45: =T45 -> 0 | AR45: 703671 | AS45: =SUMIF($B:$B,AR45,$AP:$AP) -> 0
A46: 45 | B46: 729689 | C46: 1313 CT82 18C | D46: CT82 | E46: 1313 | F46: 18C | G46: S - Super Premium - PMT | H46: =SUMIFS('Cutters Consumption Updates'!$F:$F,'Cutters Consumption Updates'!$D:$D,H$1,'Cutters Consumption Updates'!$B:$B,$B46)-SUMIFS('Cutters Consumption Updates'!$E:$E,'Cutters Consumption Updates'!$D:$D,H$1,'Cutters Consumption Updates'!$B:$B,$B46)+ SUMIF('Cutters Consumption Updates'!$AS:$AS,$B46,'Cutters Consumption Updates'!AT:AT) -> 0 | I46: =SUMIFS('Cutters Consumption Updates'!$F:$F,'Cutters Consumption Updates'!$D:$D,I$1,'Cutters Consumption Updates'!$B:$B,$B46)-SUMIFS('Cutters Consumption Updates'!$E:$E,'Cutters Consumption Updates'!$D:$D,I$1,'Cutters Consumption Updates'!$B:$B,$B46)+ SUMIF('Cutters Consumption Updates'!$AS:$AS,$B46,'Cutters Consumption Updates'!AU:AU) -> 39 | J46: =SUMIFS('Cutters Consumption Updates'!$F:$F,'Cutters Consumption Updates'!$D:$D,J$1,'Cutters Consumption Updates'!$B:$B,$B46)-SUMIFS('Cutters Consumption Updates'!$E:$E,'Cutters Consumption Updates'!$D:$D,J$1,'Cutters Consumption Updates'!$B:$B,$B46)+ SUMIF('Cutters Consumption Updates'!$AS:$AS,$B46,'Cutters Consumption Updates'!AV:AV) -> 0 | K46: =SUMIFS('Cutters Consumption Updates'!$F:$F,'Cutters Consumption Updates'!$D:$D,K$1,'Cutters Consumption Updates'!$B:$B,$B46)-SUMIFS('Cutters Consumption Updates'!$E:$E,'Cutters Consumption Updates'!$D:$D,K$1,'Cutters Consumption Updates'!$B:$B,$B46)+ SUMIF('Cutters Consumption Updates'!$AS:$AS,$B46,'Cutters Consumption Updates'!AW:AW) -> 0 | L46: =SUMIFS('Cutters Consumption Updates'!$F:$F,'Cutters Consumption Updates'!$D:$D,L$1,'Cutters Consumption Updates'!$B:$B,$B46)-SUMIFS('Cutters Consumption Updates'!$E:$E,'Cutters Consumption Updates'!$D:$D,$L$1,'Cutters Consumption Updates'!$B:$B,$B46)+SUMIFS('Cutters Consumption Updates'!$F:$F,'Cutters Consumption Updates'!$D:$D,"Retrofit",'Cutters Consumption Updates'!$B:$B,$B46)-SUMIFS('Cutters Consumption Updates'!$E:$E,'Cutters Consumption Updates'!$D:$D,"Retrofit",'Cutters Consumption Updates'!$B:$B,$B46)+ SUMIF('Cutters Consumption Updates'!$AS:$AS,$B46,'Cutters Consumption Updates'!AX:AX) -> 0 | M46: =L46+H46 -> 0 | N46: =SUMIFS('Cutters Consumption Updates'!E:E, 'Cutters Consumption Updates'!B:B, B46, 'Cutters Consumption Updates'!A:A, ">" & TODAY()-182) -> 0 | O46: =SUMIFS('Cutters Consumption Updates'!E:E, 'Cutters Consumption Updates'!B:B, B46, 'Cutters Consumption Updates'!A:A, ">" & TODAY()-91) -> 0 | P46: =IF(N46<>0,_xlfn.CEILING.MATH(N46/3),0) -> 0 | Q46: =IF(P46<=1, 0, CEILING( IF(P46>=300, P46+10, IF(P46>=200, P46+5, IF(P46>=100, P46+5, IF(P46>=50, P46+2, IF(P46>=20, P46+2, IF(P46>=10, P46+2, IF(P46>=5, P46+2, P46+1))))))), 5)) -> 0 | S46: =IFERROR(INDEX(Table5[],MATCH($B46,Table5[Component],0),2),0) -> 0 | T46: =SUMIFS(Table7[Balance],Table7[Cutter Mat'#],$B46) -> 0 | U46: =M46+T46-S46 -> 0 | Y46: =IFERROR(INDEX(Table5[],MATCH($B46,Table5[Component],0),2),0) -> 0 | Z46: =IFERROR(INDEX(Table5[],MATCH($B46,Table5[Component],0),1),0) -> 0 | AA46: =IF(Y46<>0,B46,"") | AB46: =IF(S46<>Y46,1,"") | AD46: =H46+I46+J46+L46 -> 39 | AI46: =IFERROR(INDEX($B$1:$AK$243,MATCH(W46,$B$1:$B$243,0),13),"") | AJ46: =IFERROR(INDEX($B$1:$AK$243,MATCH(W46,$B$1:$B$243,0),15),"") | AK46: =SUMIF($W$2:$W$243,B46,$S$2:$S$243) -> 0 | AP46: =T46 -> 0 | AR46: 708305 | AS46: =SUMIF($B:$B,AR46,$AP:$AP) -> 0
A47: 46 | B47: 742473 | C47: 1308 CT91 10C | D47: CT91 | E47: 1308 | F47: 10C | G47: B - Standard ( Base ) | H47: =SUMIFS('Cutters Consumption Updates'!$F:$F,'Cutters Consumption Updates'!$D:$D,H$1,'Cutters Consumption Updates'!$B:$B,$B47)-SUMIFS('Cutters Consumption Updates'!$E:$E,'Cutters Consumption Updates'!$D:$D,H$1,'Cutters Consumption Updates'!$B:$B,$B47)+ SUMIF('Cutters Consumption Updates'!$AS:$AS,$B47,'Cutters Consumption Updates'!AT:AT) -> 0 | I47: =SUMIFS('Cutters Consumption Updates'!$F:$F,'Cutters Consumption Updates'!$D:$D,I$1,'Cutters Consumption Updates'!$B:$B,$B47)-SUMIFS('Cutters Consumption Updates'!$E:$E,'Cutters Consumption Updates'!$D:$D,I$1,'Cutters Consumption Updates'!$B:$B,$B47)+ SUMIF('Cutters Consumption Updates'!$AS:$AS,$B47,'Cutters Consumption Updates'!AU:AU) -> 0 | J47: =SUMIFS('Cutters Consumption Updates'!$F:$F,'Cutters Consumption Updates'!$D:$D,J$1,'Cutters Consumption Updates'!$B:$B,$B47)-SUMIFS('Cutters Consumption Updates'!$E:$E,'Cutters Consumption Updates'!$D:$D,J$1,'Cutters Consumption Updates'!$B:$B,$B47)+ SUMIF('Cutters Consumption Updates'!$AS:$AS,$B47,'Cutters Consumption Updates'!AV:AV) -> 0 | K47: =SUMIFS('Cutters Consumption Updates'!$F:$F,'Cutters Consumption Updates'!$D:$D,K$1,'Cutters Consumption Updates'!$B:$B,$B47)-SUMIFS('Cutters Consumption Updates'!$E:$E,'Cutters Consumption Updates'!$D:$D,K$1,'Cutters Consumption Updates'!$B:$B,$B47)+ SUMIF('Cutters Consumption Updates'!$AS:$AS,$B47,'Cutters Consumption Updates'!AW:AW) -> 0 | L47: =SUMIFS('Cutters Consumption Updates'!$F:$F,'Cutters Consumption Updates'!$D:$D,L$1,'Cutters Consumption Updates'!$B:$B,$B47)-SUMIFS('Cutters Consumption Updates'!$E:$E,'Cutters Consumption Updates'!$D:$D,$L$1,'Cutters Consumption Updates'!$B:$B,$B47)+SUMIFS('Cutters Consumption Updates'!$F:$F,'Cutters Consumption Updates'!$D:$D,"Retrofit",'Cutters Consumption Updates'!$B:$B,$B47)-SUMIFS('Cutters Consumption Updates'!$E:$E,'Cutters Consumption Updates'!$D:$D,"Retrofit",'Cutters Consumption Updates'!$B:$B,$B47)+ SUMIF('Cutters Consumption Updates'!$AS:$AS,$B47,'Cutters Consumption Updates'!AX:AX) -> 11 | M47: =L47+H47 -> 11 | N47: =SUMIFS('Cutters Consumption Updates'!E:E, 'Cutters Consumption Updates'!B:B, B47, 'Cutters Consumption Updates'!A:A, ">" & TODAY()-182) -> 0 | O47: =SUMIFS('Cutters Consumption Updates'!E:E, 'Cutters Consumption Updates'!B:B, B47, 'Cutters Consumption Updates'!A:A, ">" & TODAY()-91) -> 0 | P47: =IF(N47<>0,_xlfn.CEILING.MATH(N47/3),0) -> 0 | Q47: =IF(P47<=1, 0, CEILING( IF(P47>=300, P47+10, IF(P47>=200, P47+5, IF(P47>=100, P47+5, IF(P47>=50, P47+2, IF(P47>=20, P47+2, IF(P47>=10, P47+2, IF(P47>=5, P47+2, P47+1))))))), 5)) -> 0 | S47: =IFERROR(INDEX(Table5[],MATCH($B47,Table5[Component],0),2),0) -> 0 | T47: =SUMIFS(Table7[Balance],Table7[Cutter Mat'#],$B47) -> 0 | U47: =M47+T47-S47 -> 11 | Y47: =IFERROR(INDEX(Table5[],MATCH($B47,Table5[Component],0),2),0) -> 0 | Z47: =IFERROR(INDEX(Table5[],MATCH($B47,Table5[Component],0),1),0) -> 0 | AA47: =IF(Y47<>0,B47,"") | AB47: =IF(S47<>Y47,1,"") | AD47: =H47+I47+J47+L47 -> 11 | AI47: =IFERROR(INDEX($B$1:$AK$243,MATCH(W47,$B$1:$B$243,0),13),"") | AJ47: =IFERROR(INDEX($B$1:$AK$243,MATCH(W47,$B$1:$B$243,0),15),"") | AK47: =SUMIF($W$2:$W$243,B47,$S$2:$S$243) -> 0 | AP47: =T47 -> 0 | AR47: 708306 | AS47: =SUMIF($B:$B,AR47,$AP:$AP) -> 0
A48: 47 | B48: 742617 | C48: 1308 CT91 18C | D48: CT91 | E48: 1308 | F48: 18C | G48: B - Standard ( Base ) | H48: =SUMIFS('Cutters Consumption Updates'!$F:$F,'Cutters Consumption Updates'!$D:$D,H$1,'Cutters Consumption Updates'!$B:$B,$B48)-SUMIFS('Cutters Consumption Updates'!$E:$E,'Cutters Consumption Updates'!$D:$D,H$1,'Cutters Consumption Updates'!$B:$B,$B48)+ SUMIF('Cutters Consumption Updates'!$AS:$AS,$B48,'Cutters Consumption Updates'!AT:AT) -> 0 | I48: =SUMIFS('Cutters Consumption Updates'!$F:$F,'Cutters Consumption Updates'!$D:$D,I$1,'Cutters Consumption Updates'!$B:$B,$B48)-SUMIFS('Cutters Consumption Updates'!$E:$E,'Cutters Consumption Updates'!$D:$D,I$1,'Cutters Consumption Updates'!$B:$B,$B48)+ SUMIF('Cutters Consumption Updates'!$AS:$AS,$B48,'Cutters Consumption Updates'!AU:AU) -> 0 | J48: =SUMIFS('Cutters Consumption Updates'!$F:$F,'Cutters Consumption Updates'!$D:$D,J$1,'Cutters Consumption Updates'!$B:$B,$B48)-SUMIFS('Cutters Consumption Updates'!$E:$E,'Cutters Consumption Updates'!$D:$D,J$1,'Cutters Consumption Updates'!$B:$B,$B48)+ SUMIF('Cutters Consumption Updates'!$AS:$AS,$B48,'Cutters Consumption Updates'!AV:AV) -> 0 | K48: =SUMIFS('Cutters Consumption Updates'!$F:$F,'Cutters Consumption Updates'!$D:$D,K$1,'Cutters Consumption Updates'!$B:$B,$B48)-SUMIFS('Cutters Consumption Updates'!$E:$E,'Cutters Consumption Updates'!$D:$D,K$1,'Cutters Consumption Updates'!$B:$B,$B48)+ SUMIF('Cutters Consumption Updates'!$AS:$AS,$B48,'Cutters Consumption Updates'!AW:AW) -> 0 | L48: =SUMIFS('Cutters Consumption Updates'!$F:$F,'Cutters Consumption Updates'!$D:$D,L$1,'Cutters Consumption Updates'!$B:$B,$B48)-SUMIFS('Cutters Consumption Updates'!$E:$E,'Cutters Consumption Updates'!$D:$D,$L$1,'Cutters Consumption Updates'!$B:$B,$B48)+SUMIFS('Cutters Consumption Updates'!$F:$F,'Cutters Consumption Updates'!$D:$D,"Retrofit",'Cutters Consumption Updates'!$B:$B,$B48)-SUMIFS('Cutters Consumption Updates'!$E:$E,'Cutters Consumption Updates'!$D:$D,"Retrofit",'Cutters Consumption Updates'!$B:$B,$B48)+ SUMIF('Cutters Consumption Updates'!$AS:$AS,$B48,'Cutters Consumption Updates'!AX:AX) -> 2 | M48: =L48+H48 -> 2 | N48: =SUMIFS('Cutters Consumption Updates'!E:E, 'Cutters Consumption Updates'!B:B, B48, 'Cutters Consumption Updates'!A:A, ">" & TODAY()-182) -> 0 | O48: =SUMIFS('Cutters Consumption Updates'!E:E, 'Cutters Consumption Updates'!B:B, B48, 'Cutters Consumption Updates'!A:A, ">" & TODAY()-91) -> 0 | P48: =IF(N48<>0,_xlfn.CEILING.MATH(N48/3),0) -> 0 | Q48: =IF(P48<=1, 0, CEILING( IF(P48>=300, P48+10, IF(P48>=200, P48+5, IF(P48>=100, P48+5, IF(P48>=50, P48+2, IF(P48>=20, P48+2, IF(P48>=10, P48+2, IF(P48>=5, P48+2, P48+1))))))), 5)) -> 0 | S48: =IFERROR(INDEX(Table5[],MATCH($B48,Table5[Component],0),2),0) -> 0 | T48: =SUMIFS(Table7[Balance],Table7[Cutter Mat'#],$B48) -> 0 | U48: =M48+T48-S48 -> 2 | Y48: =IFERROR(INDEX(Table5[],MATCH($B48,Table5[Component],0),2),0) -> 0 | Z48: =IFERROR(INDEX(Table5[],MATCH($B48,Table5[Component],0),1),0) -> 0 | AA48: =IF(Y48<>0,B48,"") | AB48: =IF(S48<>Y48,1,"") | AD48: =H48+I48+J48+L48 -> 2 | AI48: =IFERROR(INDEX($B$1:$AK$243,MATCH(W48,$B$1:$B$243,0),13),"") | AJ48: =IFERROR(INDEX($B$1:$AK$243,MATCH(W48,$B$1:$B$243,0),15),"") | AK48: =SUMIF($W$2:$W$243,B48,$S$2:$S$243) -> 0 | AP48: =T48 -> 0 | AR48: 717747 | AS48: =SUMIF($B:$B,AR48,$AP:$AP) -> 0
A49: 48 | B49: 882800 | C49: 0808 CT80 18C | D49: CT80 | E49: 0808 | F49: 18C | G49: B - Standard ( Base ) | H49: =SUMIFS('Cutters Consumption Updates'!$F:$F,'Cutters Consumption Updates'!$D:$D,H$1,'Cutters Consumption Updates'!$B:$B,$B49)-SUMIFS('Cutters Consumption Updates'!$E:$E,'Cutters Consumption Updates'!$D:$D,H$1,'Cutters Consumption Updates'!$B:$B,$B49)+ SUMIF('Cutters Consumption Updates'!$AS:$AS,$B49,'Cutters Consumption Updates'!AT:AT) -> 0 | I49: =SUMIFS('Cutters Consumption Updates'!$F:$F,'Cutters Consumption Updates'!$D:$D,I$1,'Cutters Consumption Updates'!$B:$B,$B49)-SUMIFS('Cutters Consumption Updates'!$E:$E,'Cutters Consumption Updates'!$D:$D,I$1,'Cutters Consumption Updates'!$B:$B,$B49)+ SUMIF('Cutters Consumption Updates'!$AS:$AS,$B49,'Cutters Consumption Updates'!AU:AU) -> 0 | J49: =SUMIFS('Cutters Consumption Updates'!$F:$F,'Cutters Consumption Updates'!$D:$D,J$1,'Cutters Consumption Updates'!$B:$B,$B49)-SUMIFS('Cutters Consumption Updates'!$E:$E,'Cutters Consumption Updates'!$D:$D,J$1,'Cutters Consumption Updates'!$B:$B,$B49)+ SUMIF('Cutters Consumption Updates'!$AS:$AS,$B49,'Cutters Consumption Updates'!AV:AV) -> 0 | K49: =SUMIFS('Cutters Consumption Updates'!$F:$F,'Cutters Consumption Updates'!$D:$D,K$1,'Cutters Consumption Updates'!$B:$B,$B49)-SUMIFS('Cutters Consumption Updates'!$E:$E,'Cutters Consumption Updates'!$D:$D,K$1,'Cutters Consumption Updates'!$B:$B,$B49)+ SUMIF('Cutters Consumption Updates'!$AS:$AS,$B49,'Cutters Consumption Updates'!AW:AW) -> 8 | L49: =SUMIFS('Cutters Consumption Updates'!$F:$F,'Cutters Consumption Updates'!$D:$D,L$1,'Cutters Consumption Updates'!$B:$B,$B49)-SUMIFS('Cutters Consumption Updates'!$E:$E,'Cutters Consumption Updates'!$D:$D,$L$1,'Cutters Consumption Updates'!$B:$B,$B49)+SUMIFS('Cutters Consumption Updates'!$F:$F,'Cutters Consumption Updates'!$D:$D,"Retrofit",'Cutters Consumption Updates'!$B:$B,$B49)-SUMIFS('Cutters Consumption Updates'!$E:$E,'Cutters Consumption Updates'!$D:$D,"Retrofit",'Cutters Consumption Updates'!$B:$B,$B49)+ SUMIF('Cutters Consumption Updates'!$AS:$AS,$B49,'Cutters Consumption Updates'!AX:AX) -> 0 | M49: =L49+H49 -> 0 | N49: =SUMIFS('Cutters Consumption Updates'!E:E, 'Cutters Consumption Updates'!B:B, B49, 'Cutters Consumption Updates'!A:A, ">" & TODAY()-182) -> 0 | O49: =SUMIFS('Cutters Consumption Updates'!E:E, 'Cutters Consumption Updates'!B:B, B49, 'Cutters Consumption Updates'!A:A, ">" & TODAY()-91) -> 0 | P49: =IF(N49<>0,_xlfn.CEILING.MATH(N49/3),0) -> 0 | Q49: =IF(P49<=1, 0, CEILING( IF(P49>=300, P49+10, IF(P49>=200, P49+5, IF(P49>=100, P49+5, IF(P49>=50, P49+2, IF(P49>=20, P49+2, IF(P49>=10, P49+2, IF(P49>=5, P49+2, P49+1))))))), 5)) -> 0 | S49: =IFERROR(INDEX(Table5[],MATCH($B49,Table5[Component],0),2),0) -> 0 | T49: =SUMIFS(Table7[Balance],Table7[Cutter Mat'#],$B49) -> 0 | U49: =M49+T49-S49 -> 0 | Y49: =IFERROR(INDEX(Table5[],MATCH($B49,Table5[Component],0),2),0) -> 0 | Z49: =IFERROR(INDEX(Table5[],MATCH($B49,Table5[Component],0),1),0) -> 0 | AA49: =IF(Y49<>0,B49,"") | AB49: =IF(S49<>Y49,1,"") | AD49: =H49+I49+J49+L49 -> 0 | AI49: =IFERROR(INDEX($B$1:$AK$243,MATCH(W49,$B$1:$B$243,0),13),"") | AJ49: =IFERROR(INDEX($B$1:$AK$243,MATCH(W49,$B$1:$B$243,0),15),"") | AK49: =SUMIF($W$2:$W$243,B49,$S$2:$S$243) -> 0 | AP49: =T49 -> 0 | AR49: 717748 | AS49: =SUMIF($B:$B,AR49,$AP:$AP) -> 50
A50: 49 | B50: 729690 | C50: 1608 CT82 18C | D50: CT82 | E50: 1608 | F50: 18C | G50: S - Super Premium - PMT | H50: =SUMIFS('Cutters Consumption Updates'!$F:$F,'Cutters Consumption Updates'!$D:$D,H$1,'Cutters Consumption Updates'!$B:$B,$B50)-SUMIFS('Cutters Consumption Updates'!$E:$E,'Cutters Consumption Updates'!$D:$D,H$1,'Cutters Consumption Updates'!$B:$B,$B50)+ SUMIF('Cutters Consumption Updates'!$AS:$AS,$B50,'Cutters Consumption Updates'!AT:AT) -> 0 | I50: =SUMIFS('Cutters Consumption Updates'!$F:$F,'Cutters Consumption Updates'!$D:$D,I$1,'Cutters Consumption Updates'!$B:$B,$B50)-SUMIFS('Cutters Consumption Updates'!$E:$E,'Cutters Consumption Updates'!$D:$D,I$1,'Cutters Consumption Updates'!$B:$B,$B50)+ SUMIF('Cutters Consumption Updates'!$AS:$AS,$B50,'Cutters Consumption Updates'!AU:AU) -> 0 | J50: =SUMIFS('Cutters Consumption Updates'!$F:$F,'Cutters Consumption Updates'!$D:$D,J$1,'Cutters Consumption Updates'!$B:$B,$B50)-SUMIFS('Cutters Consumption Updates'!$E:$E,'Cutters Consumption Updates'!$D:$D,J$1,'Cutters Consumption Updates'!$B:$B,$B50)+ SUMIF('Cutters Consumption Updates'!$AS:$AS,$B50,'Cutters Consumption Updates'!AV:AV) -> 0 | K50: =SUMIFS('Cutters Consumption Updates'!$F:$F,'Cutters Consumption Updates'!$D:$D,K$1,'Cutters Consumption Updates'!$B:$B,$B50)-SUMIFS('Cutters Consumption Updates'!$E:$E,'Cutters Consumption Updates'!$D:$D,K$1,'Cutters Consumption Updates'!$B:$B,$B50)+ SUMIF('Cutters Consumption Updates'!$AS:$AS,$B50,'Cutters Consumption Updates'!AW:AW) -> 0 | L50: =SUMIFS('Cutters Consumption Updates'!$F:$F,'Cutters Consumption Updates'!$D:$D,L$1,'Cutters Consumption Updates'!$B:$B,$B50)-SUMIFS('Cutters Consumption Updates'!$E:$E,'Cutters Consumption Updates'!$D:$D,$L$1,'Cutters Consumption Updates'!$B:$B,$B50)+SUMIFS('Cutters Consumption Updates'!$F:$F,'Cutters Consumption Updates'!$D:$D,"Retrofit",'Cutters Consumption Updates'!$B:$B,$B50)-SUMIFS('Cutters Consumption Updates'!$E:$E,'Cutters Consumption Updates'!$D:$D,"Retrofit",'Cutters Consumption Updates'!$B:$B,$B50)+ SUMIF('Cutters Consumption Updates'!$AS:$AS,$B50,'Cutters Consumption Updates'!AX:AX) -> 0 | M50: =L50+H50 -> 0 | N50: =SUMIFS('Cutters Consumption Updates'!E:E, 'Cutters Consumption Updates'!B:B, B50, 'Cutters Consumption Updates'!A:A, ">" & TODAY()-182) -> 0 | O50: =SUMIFS('Cutters Consumption Updates'!E:E, 'Cutters Consumption Updates'!B:B, B50, 'Cutters Consumption Updates'!A:A, ">" & TODAY()-91) -> 0 | P50: =IF(N50<>0,_xlfn.CEILING.MATH(N50/3),0) -> 0 | Q50: =IF(P50<=1, 0, CEILING( IF(P50>=300, P50+10, IF(P50>=200, P50+5, IF(P50>=100, P50+5, IF(P50>=50, P50+2, IF(P50>=20, P50+2, IF(P50>=10, P50+2, IF(P50>=5, P50+2, P50+1))))))), 5)) -> 0 | S50: =IFERROR(INDEX(Table5[],MATCH($B50,Table5[Component],0),2),0) -> 0 | T50: =SUMIFS(Table7[Balance],Table7[Cutter Mat'#],$B50) -> 0 | U50: =M50+T50-S50 -> 0 | Y50: =IFERROR(INDEX(Table5[],MATCH($B50,Table5[Component],0),2),0) -> 0 | Z50: =IFERROR(INDEX(Table5[],MATCH($B50,Table5[Component],0),1),0) -> 0 | AA50: =IF(Y50<>0,B50,"") | AB50: =IF(S50<>Y50,1,"") | AD50: =H50+I50+J50+L50 -> 0 | AI50: =IFERROR(INDEX($B$1:$AK$243,MATCH(W50,$B$1:$B$243,0),13),"") | AJ50: =IFERROR(INDEX($B$1:$AK$243,MATCH(W50,$B$1:$B$243,0),15),"") | AK50: =SUMIF($W$2:$W$243,B50,$S$2:$S$243) -> 0 | AP50: =T50 -> 0 | AR50: 717749 | AS50: =SUMIF($B:$B,AR50,$AP:$AP) -> 0
A51: 50 | B51: 1010264 | C51: 1005 CT109 10C | D51: CT109 | E51: 1005 | F51: 10C | G51: S - Super Premium - PMT | H51: =SUMIFS('Cutters Consumption Updates'!$F:$F,'Cutters Consumption Updates'!$D:$D,H$1,'Cutters Consumption Updates'!$B:$B,$B51)-SUMIFS('Cutters Consumption Updates'!$E:$E,'Cutters Consumption Updates'!$D:$D,H$1,'Cutters Consumption Updates'!$B:$B,$B51)+ SUMIF('Cutters Consumption Updates'!$AS:$AS,$B51,'Cutters Consumption Updates'!AT:AT) -> 0 | I51: =SUMIFS('Cutters Consumption Updates'!$F:$F,'Cutters Consumption Updates'!$D:$D,I$1,'Cutters Consumption Updates'!$B:$B,$B51)-SUMIFS('Cutters Consumption Updates'!$E:$E,'Cutters Consumption Updates'!$D:$D,I$1,'Cutters Consumption Updates'!$B:$B,$B51)+ SUMIF('Cutters Consumption Updates'!$AS:$AS,$B51,'Cutters Consumption Updates'!AU:AU) -> 0 | J51: =SUMIFS('Cutters Consumption Updates'!$F:$F,'Cutters Consumption Updates'!$D:$D,J$1,'Cutters Consumption Updates'!$B:$B,$B51)-SUMIFS('Cutters Consumption Updates'!$E:$E,'Cutters Consumption Updates'!$D:$D,J$1,'Cutters Consumption Updates'!$B:$B,$B51)+ SUMIF('Cutters Consumption Updates'!$AS:$AS,$B51,'Cutters Consumption Updates'!AV:AV) -> 0 | K51: =SUMIFS('Cutters Consumption Updates'!$F:$F,'Cutters Consumption Updates'!$D:$D,K$1,'Cutters Consumption Updates'!$B:$B,$B51)-SUMIFS('Cutters Consumption Updates'!$E:$E,'Cutters Consumption Updates'!$D:$D,K$1,'Cutters Consumption Updates'!$B:$B,$B51)+ SUMIF('Cutters Consumption Updates'!$AS:$AS,$B51,'Cutters Consumption Updates'!AW:AW) -> 0 | L51: =SUMIFS('Cutters Consumption Updates'!$F:$F,'Cutters Consumption Updates'!$D:$D,L$1,'Cutters Consumption Updates'!$B:$B,$B51)-SUMIFS('Cutters Consumption Updates'!$E:$E,'Cutters Consumption Updates'!$D:$D,$L$1,'Cutters Consumption Updates'!$B:$B,$B51)+SUMIFS('Cutters Consumption Updates'!$F:$F,'Cutters Consumption Updates'!$D:$D,"Retrofit",'Cutters Consumption Updates'!$B:$B,$B51)-SUMIFS('Cutters Consumption Updates'!$E:$E,'Cutters Consumption Updates'!$D:$D,"Retrofit",'Cutters Consumption Updates'!$B:$B,$B51)+ SUMIF('Cutters Consumption Updates'!$AS:$AS,$B51,'Cutters Consumption Updates'!AX:AX) -> 5 | M51: =L51+H51 -> 5 | N51: =SUMIFS('Cutters Consumption Updates'!E:E, 'Cutters Consumption Updates'!B:B, B51, 'Cutters Consumption Updates'!A:A, ">" & TODAY()-182) -> 0 | O51: =SUMIFS('Cutters Consumption Updates'!E:E, 'Cutters Consumption Updates'!B:B, B51, 'Cutters Consumption Updates'!A:A, ">" & TODAY()-91) -> 0 | P51: =IF(N51<>0,_xlfn.CEILING.MATH(N51/3),0) -> 0 | Q51: =IF(P51<=1, 0, CEILING( IF(P51>=300, P51+10, IF(P51>=200, P51+5, IF(P51>=100, P51+5, IF(P51>=50, P51+2, IF(P51>=20, P51+2, IF(P51>=10, P51+2, IF(P51>=5, P51+2, P51+1))))))), 5)) -> 0 | S51: =IFERROR(INDEX(Table5[],MATCH($B51,Table5[Component],0),2),0) -> 0 | T51: =SUMIFS(Table7[Balance],Table7[Cutter Mat'#],$B51) -> 0 | U51: =M51+T51-S51 -> 5 | Y51: =IFERROR(INDEX(Table5[],MATCH($B51,Table5[Component],0),2),0) -> 0 | Z51: =IFERROR(INDEX(Table5[],MATCH($B51,Table5[Component],0),1),0) -> 0 | AA51: =IF(Y51<>0,B51,"") | AB51: =IF(S51<>Y51,1,"") | AD51: =H51+I51+J51+L51 -> 5 | AI51: =IFERROR(INDEX($B$1:$AK$243,MATCH(W51,$B$1:$B$243,0),13),"") | AJ51: =IFERROR(INDEX($B$1:$AK$243,MATCH(W51,$B$1:$B$243,0),15),"") | AK51: =SUMIF($W$2:$W$243,B51,$S$2:$S$243) -> 0 | AP51: =T51 -> 0 | AR51: 717751 | AS51: =SUMIF($B:$B,AR51,$AP:$AP) -> 0
A52: 51 | B52: 930925 | C52: 1010 CT109 10C | D52: CT109 | E52: 1010 | F52: 10C | G52: S - Super Premium - PMT | H52: =SUMIFS('Cutters Consumption Updates'!$F:$F,'Cutters Consumption Updates'!$D:$D,H$1,'Cutters Consumption Updates'!$B:$B,$B52)-SUMIFS('Cutters Consumption Updates'!$E:$E,'Cutters Consumption Updates'!$D:$D,H$1,'Cutters Consumption Updates'!$B:$B,$B52)+ SUMIF('Cutters Consumption Updates'!$AS:$AS,$B52,'Cutters Consumption Updates'!AT:AT) -> 0 | I52: =SUMIFS('Cutters Consumption Updates'!$F:$F,'Cutters Consumption Updates'!$D:$D,I$1,'Cutters Consumption Updates'!$B:$B,$B52)-SUMIFS('Cutters Consumption Updates'!$E:$E,'Cutters Consumption Updates'!$D:$D,I$1,'Cutters Consumption Updates'!$B:$B,$B52)+ SUMIF('Cutters Consumption Updates'!$AS:$AS,$B52,'Cutters Consumption Updates'!AU:AU) -> 0 | J52: =SUMIFS('Cutters Consumption Updates'!$F:$F,'Cutters Consumption Updates'!$D:$D,J$1,'Cutters Consumption Updates'!$B:$B,$B52)-SUMIFS('Cutters Consumption Updates'!$E:$E,'Cutters Consumption Updates'!$D:$D,J$1,'Cutters Consumption Updates'!$B:$B,$B52)+ SUMIF('Cutters Consumption Updates'!$AS:$AS,$B52,'Cutters Consumption Updates'!AV:AV) -> 0 | K52: =SUMIFS('Cutters Consumption Updates'!$F:$F,'Cutters Consumption Updates'!$D:$D,K$1,'Cutters Consumption Updates'!$B:$B,$B52)-SUMIFS('Cutters Consumption Updates'!$E:$E,'Cutters Consumption Updates'!$D:$D,K$1,'Cutters Consumption Updates'!$B:$B,$B52)+ SUMIF('Cutters Consumption Updates'!$AS:$AS,$B52,'Cutters Consumption Updates'!AW:AW) -> 0 | L52: =SUMIFS('Cutters Consumption Updates'!$F:$F,'Cutters Consumption Updates'!$D:$D,L$1,'Cutters Consumption Updates'!$B:$B,$B52)-SUMIFS('Cutters Consumption Updates'!$E:$E,'Cutters Consumption Updates'!$D:$D,$L$1,'Cutters Consumption Updates'!$B:$B,$B52)+SUMIFS('Cutters Consumption Updates'!$F:$F,'Cutters Consumption Updates'!$D:$D,"Retrofit",'Cutters Consumption Updates'!$B:$B,$B52)-SUMIFS('Cutters Consumption Updates'!$E:$E,'Cutters Consumption Updates'!$D:$D,"Retrofit",'Cutters Consumption Updates'!$B:$B,$B52)+ SUMIF('Cutters Consumption Updates'!$AS:$AS,$B52,'Cutters Consumption Updates'!AX:AX) -> 0 | M52: =L52+H52 -> 0 | N52: =SUMIFS('Cutters Consumption Updates'!E:E, 'Cutters Consumption Updates'!B:B, B52, 'Cutters Consumption Updates'!A:A, ">" & TODAY()-182) -> 0 | O52: =SUMIFS('Cutters Consumption Updates'!E:E, 'Cutters Consumption Updates'!B:B, B52, 'Cutters Consumption Updates'!A:A, ">" & TODAY()-91) -> 0 | P52: =IF(N52<>0,_xlfn.CEILING.MATH(N52/3),0) -> 0 | Q52: =IF(P52<=1, 0, CEILING( IF(P52>=300, P52+10, IF(P52>=200, P52+5, IF(P52>=100, P52+5, IF(P52>=50, P52+2, IF(P52>=20, P52+2, IF(P52>=10, P52+2, IF(P52>=5, P52+2, P52+1))))))), 5)) -> 0 | S52: =IFERROR(INDEX(Table5[],MATCH($B52,Table5[Component],0),2),0) -> 0 | T52: =SUMIFS(Table7[Balance],Table7[Cutter Mat'#],$B52) -> 0 | U52: =M52+T52-S52 -> 0 | Y52: =IFERROR(INDEX(Table5[],MATCH($B52,Table5[Component],0),2),0) -> 0 | Z52: =IFERROR(INDEX(Table5[],MATCH($B52,Table5[Component],0),1),0) -> 0 | AA52: =IF(Y52<>0,B52,"") | AB52: =IF(S52<>Y52,1,"") | AD52: =H52+I52+J52+L52 -> 0 | AI52: =IFERROR(INDEX($B$1:$AK$243,MATCH(W52,$B$1:$B$243,0),13),"") | AJ52: =IFERROR(INDEX($B$1:$AK$243,MATCH(W52,$B$1:$B$243,0),15),"") | AK52: =SUMIF($W$2:$W$243,B52,$S$2:$S$243) -> 0 | AP52: =T52 -> 0 | AR52: 729434 | AS52: =SUMIF($B:$B,AR52,$AP:$AP) -> 0
A53: 52 | B53: 752563 | C53: 1010 CT81 18C | D53: CT81 | E53: 1010 | F53: 18C | G53: P - Premium | H53: =SUMIFS('Cutters Consumption Updates'!$F:$F,'Cutters Consumption Updates'!$D:$D,H$1,'Cutters Consumption Updates'!$B:$B,$B53)-SUMIFS('Cutters Consumption Updates'!$E:$E,'Cutters Consumption Updates'!$D:$D,H$1,'Cutters Consumption Updates'!$B:$B,$B53)+ SUMIF('Cutters Consumption Updates'!$AS:$AS,$B53,'Cutters Consumption Updates'!AT:AT) -> 0 | I53: =SUMIFS('Cutters Consumption Updates'!$F:$F,'Cutters Consumption Updates'!$D:$D,I$1,'Cutters Consumption Updates'!$B:$B,$B53)-SUMIFS('Cutters Consumption Updates'!$E:$E,'Cutters Consumption Updates'!$D:$D,I$1,'Cutters Consumption Updates'!$B:$B,$B53)+ SUMIF('Cutters Consumption Updates'!$AS:$AS,$B53,'Cutters Consumption Updates'!AU:AU) -> 0 | J53: =SUMIFS('Cutters Consumption Updates'!$F:$F,'Cutters Consumption Updates'!$D:$D,J$1,'Cutters Consumption Updates'!$B:$B,$B53)-SUMIFS('Cutters Consumption Updates'!$E:$E,'Cutters Consumption Updates'!$D:$D,J$1,'Cutters Consumption Updates'!$B:$B,$B53)+ SUMIF('Cutters Consumption Updates'!$AS:$AS,$B53,'Cutters Consumption Updates'!AV:AV) -> 0 | K53: =SUMIFS('Cutters Consumption Updates'!$F:$F,'Cutters Consumption Updates'!$D:$D,K$1,'Cutters Consumption Updates'!$B:$B,$B53)-SUMIFS('Cutters Consumption Updates'!$E:$E,'Cutters Consumption Updates'!$D:$D,K$1,'Cutters Consumption Updates'!$B:$B,$B53)+ SUMIF('Cutters Consumption Updates'!$AS:$AS,$B53,'Cutters Consumption Updates'!AW:AW) -> 0 | L53: =SUMIFS('Cutters Consumption Updates'!$F:$F,'Cutters Consumption Updates'!$D:$D,L$1,'Cutters Consumption Updates'!$B:$B,$B53)-SUMIFS('Cutters Consumption Updates'!$E:$E,'Cutters Consumption Updates'!$D:$D,$L$1,'Cutters Consumption Updates'!$B:$B,$B53)+SUMIFS('Cutters Consumption Updates'!$F:$F,'Cutters Consumption Updates'!$D:$D,"Retrofit",'Cutters Consumption Updates'!$B:$B,$B53)-SUMIFS('Cutters Consumption Updates'!$E:$E,'Cutters Consumption Updates'!$D:$D,"Retrofit",'Cutters Consumption Updates'!$B:$B,$B53)+ SUMIF('Cutters Consumption Updates'!$AS:$AS,$B53,'Cutters Consumption Updates'!AX:AX) -> 0 | M53: =L53+H53 -> 0 | N53: =SUMIFS('Cutters Consumption Updates'!E:E, 'Cutters Consumption Updates'!B:B, B53, 'Cutters Consumption Updates'!A:A, ">" & TODAY()-182) -> 0 | O53: =SUMIFS('Cutters Consumption Updates'!E:E, 'Cutters Consumption Updates'!B:B, B53, 'Cutters Consumption Updates'!A:A, ">" & TODAY()-91) -> 0 | P53: =IF(N53<>0,_xlfn.CEILING.MATH(N53/3),0) -> 0 | Q53: =IF(P53<=1, 0, CEILING( IF(P53>=300, P53+10, IF(P53>=200, P53+5, IF(P53>=100, P53+5, IF(P53>=50, P53+2, IF(P53>=20, P53+2, IF(P53>=10, P53+2, IF(P53>=5, P53+2, P53+1))))))), 5)) -> 0 | S53: =IFERROR(INDEX(Table5[],MATCH($B53,Table5[Component],0),2),0) -> 0 | T53: =SUMIFS(Table7[Balance],Table7[Cutter Mat'#],$B53) -> 0 | U53: =M53+T53-S53 -> 0 | Y53: =IFERROR(INDEX(Table5[],MATCH($B53,Table5[Component],0),2),0) -> 0 | Z53: =IFERROR(INDEX(Table5[],MATCH($B53,Table5[Component],0),1),0) -> 0 | AA53: =IF(Y53<>0,B53,"") | AB53: =IF(S53<>Y53,1,"") | AD53: =H53+I53+J53+L53 -> 0 | AI53: =IFERROR(INDEX($B$1:$AK$243,MATCH(W53,$B$1:$B$243,0),13),"") | AJ53: =IFERROR(INDEX($B$1:$AK$243,MATCH(W53,$B$1:$B$243,0),15),"") | AK53: =SUMIF($W$2:$W$243,B53,$S$2:$S$243) -> 0 | AP53: =T53 -> 0 | AR53: 729435 | AS53: =SUMIF($B:$B,AR53,$AP:$AP) -> 0
A54: 53 | B54: 708306 | C54: 1913 CT200 18C | D54: CT200 | E54: 1913 | F54: 18C | G54: B - Standard ( Base ) | H54: =SUMIFS('Cutters Consumption Updates'!$F:$F,'Cutters Consumption Updates'!$D:$D,H$1,'Cutters Consumption Updates'!$B:$B,$B54)-SUMIFS('Cutters Consumption Updates'!$E:$E,'Cutters Consumption Updates'!$D:$D,H$1,'Cutters Consumption Updates'!$B:$B,$B54)+ SUMIF('Cutters Consumption Updates'!$AS:$AS,$B54,'Cutters Consumption Updates'!AT:AT) -> 0 | I54: =SUMIFS('Cutters Consumption Updates'!$F:$F,'Cutters Consumption Updates'!$D:$D,I$1,'Cutters Consumption Updates'!$B:$B,$B54)-SUMIFS('Cutters Consumption Updates'!$E:$E,'Cutters Consumption Updates'!$D:$D,I$1,'Cutters Consumption Updates'!$B:$B,$B54)+ SUMIF('Cutters Consumption Updates'!$AS:$AS,$B54,'Cutters Consumption Updates'!AU:AU) -> 0 | J54: =SUMIFS('Cutters Consumption Updates'!$F:$F,'Cutters Consumption Updates'!$D:$D,J$1,'Cutters Consumption Updates'!$B:$B,$B54)-SUMIFS('Cutters Consumption Updates'!$E:$E,'Cutters Consumption Updates'!$D:$D,J$1,'Cutters Consumption Updates'!$B:$B,$B54)+ SUMIF('Cutters Consumption Updates'!$AS:$AS,$B54,'Cutters Consumption Updates'!AV:AV) -> 0 | K54: =SUMIFS('Cutters Consumption Updates'!$F:$F,'Cutters Consumption Updates'!$D:$D,K$1,'Cutters Consumption Updates'!$B:$B,$B54)-SUMIFS('Cutters Consumption Updates'!$E:$E,'Cutters Consumption Updates'!$D:$D,K$1,'Cutters Consumption Updates'!$B:$B,$B54)+ SUMIF('Cutters Consumption Updates'!$AS:$AS,$B54,'Cutters Consumption Updates'!AW:AW) -> 1 | L54: =SUMIFS('Cutters Consumption Updates'!$F:$F,'Cutters Consumption Updates'!$D:$D,L$1,'Cutters Consumption Updates'!$B:$B,$B54)-SUMIFS('Cutters Consumption Updates'!$E:$E,'Cutters Consumption Updates'!$D:$D,$L$1,'Cutters Consumption Updates'!$B:$B,$B54)+SUMIFS('Cutters Consumption Updates'!$F:$F,'Cutters Consumption Updates'!$D:$D,"Retrofit",'Cutters Consumption Updates'!$B:$B,$B54)-SUMIFS('Cutters Consumption Updates'!$E:$E,'Cutters Consumption Updates'!$D:$D,"Retrofit",'Cutters Consumption Updates'!$B:$B,$B54)+ SUMIF('Cutters Consumption Updates'!$AS:$AS,$B54,'Cutters Consumption Updates'!AX:AX) -> 146 | M54: =L54+H54 -> 146 | N54: =SUMIFS('Cutters Consumption Updates'!E:E, 'Cutters Consumption Updates'!B:B, B54, 'Cutters Consumption Updates'!A:A, ">" & TODAY()-182) -> 82 | O54: =SUMIFS('Cutters Consumption Updates'!E:E, 'Cutters Consumption Updates'!B:B, B54, 'Cutters Consumption Updates'!A:A, ">" & TODAY()-91) -> 82 | P54: =IF(N54<>0,_xlfn.CEILING.MATH(N54/3),0) -> 28 | Q54: =IF(P54<=1, 0, CEILING( IF(P54>=300, P54+10, IF(P54>=200, P54+5, IF(P54>=100, P54+5, IF(P54>=50, P54+2, IF(P54>=20, P54+2, IF(P54>=10, P54+2, IF(P54>=5, P54+2, P54+1))))))), 5)) -> 30 | R54: 1913 V 18-60 | S54: =IFERROR(INDEX(Table5[],MATCH($B54,Table5[Component],0),2),0) -> 272 | T54: =SUMIFS(Table7[Balance],Table7[Cutter Mat'#],$B54) -> 0 | U54: =M54+T54-S54 -> -126 | Y54: =IFERROR(INDEX(Table5[],MATCH($B54,Table5[Component],0),2),0) -> 272 | Z54: =IFERROR(INDEX(Table5[],MATCH($B54,Table5[Component],0),1),0) -> 708306 | AA54: =IF(Y54<>0,B54,"") -> 708306 | AB54: =IF(S54<>Y54,1,"") | AD54: =H54+I54+J54+L54 -> 146 | AI54: =IFERROR(INDEX($B$1:$AK$243,MATCH(W54,$B$1:$B$243,0),13),"") | AJ54: =IFERROR(INDEX($B$1:$AK$243,MATCH(W54,$B$1:$B$243,0),15),"") | AK54: =SUMIF($W$2:$W$243,B54,$S$2:$S$243) -> 0 | AP54: =T54 -> 0 | AR54: 729687 | AS54: =SUMIF($B:$B,AR54,$AP:$AP) -> 0
A55: 54 | B55: 744015 | C55: 1613 CT81 18C | D55: CT81 | E55: 1613 | F55: 18C | G55: P - Premium | H55: =SUMIFS('Cutters Consumption Updates'!$F:$F,'Cutters Consumption Updates'!$D:$D,H$1,'Cutters Consumption Updates'!$B:$B,$B55)-SUMIFS('Cutters Consumption Updates'!$E:$E,'Cutters Consumption Updates'!$D:$D,H$1,'Cutters Consumption Updates'!$B:$B,$B55)+ SUMIF('Cutters Consumption Updates'!$AS:$AS,$B55,'Cutters Consumption Updates'!AT:AT) -> 0 | I55: =SUMIFS('Cutters Consumption Updates'!$F:$F,'Cutters Consumption Updates'!$D:$D,I$1,'Cutters Consumption Updates'!$B:$B,$B55)-SUMIFS('Cutters Consumption Updates'!$E:$E,'Cutters Consumption Updates'!$D:$D,I$1,'Cutters Consumption Updates'!$B:$B,$B55)+ SUMIF('Cutters Consumption Updates'!$AS:$AS,$B55,'Cutters Consumption Updates'!AU:AU) -> 0 | J55: =SUMIFS('Cutters Consumption Updates'!$F:$F,'Cutters Consumption Updates'!$D:$D,J$1,'Cutters Consumption Updates'!$B:$B,$B55)-SUMIFS('Cutters Consumption Updates'!$E:$E,'Cutters Consumption Updates'!$D:$D,J$1,'Cutters Consumption Updates'!$B:$B,$B55)+ SUMIF('Cutters Consumption Updates'!$AS:$AS,$B55,'Cutters Consumption Updates'!AV:AV) -> 0 | K55: =SUMIFS('Cutters Consumption Updates'!$F:$F,'Cutters Consumption Updates'!$D:$D,K$1,'Cutters Consumption Updates'!$B:$B,$B55)-SUMIFS('Cutters Consumption Updates'!$E:$E,'Cutters Consumption Updates'!$D:$D,K$1,'Cutters Consumption Updates'!$B:$B,$B55)+ SUMIF('Cutters Consumption Updates'!$AS:$AS,$B55,'Cutters Consumption Updates'!AW:AW) -> 0 | L55: =SUMIFS('Cutters Consumption Updates'!$F:$F,'Cutters Consumption Updates'!$D:$D,L$1,'Cutters Consumption Updates'!$B:$B,$B55)-SUMIFS('Cutters Consumption Updates'!$E:$E,'Cutters Consumption Updates'!$D:$D,$L$1,'Cutters Consumption Updates'!$B:$B,$B55)+SUMIFS('Cutters Consumption Updates'!$F:$F,'Cutters Consumption Updates'!$D:$D,"Retrofit",'Cutters Consumption Updates'!$B:$B,$B55)-SUMIFS('Cutters Consumption Updates'!$E:$E,'Cutters Consumption Updates'!$D:$D,"Retrofit",'Cutters Consumption Updates'!$B:$B,$B55)+ SUMIF('Cutters Consumption Updates'!$AS:$AS,$B55,'Cutters Consumption Updates'!AX:AX) -> 0 | M55: =L55+H55 -> 0 | N55: =SUMIFS('Cutters Consumption Updates'!E:E, 'Cutters Consumption Updates'!B:B, B55, 'Cutters Consumption Updates'!A:A, ">" & TODAY()-182) -> 0 | O55: =SUMIFS('Cutters Consumption Updates'!E:E, 'Cutters Consumption Updates'!B:B, B55, 'Cutters Consumption Updates'!A:A, ">" & TODAY()-91) -> 0 | P55: =IF(N55<>0,_xlfn.CEILING.MATH(N55/3),0) -> 0 | Q55: =IF(P55<=1, 0, CEILING( IF(P55>=300, P55+10, IF(P55>=200, P55+5, IF(P55>=100, P55+5, IF(P55>=50, P55+2, IF(P55>=20, P55+2, IF(P55>=10, P55+2, IF(P55>=5, P55+2, P55+1))))))), 5)) -> 0 | S55: =IFERROR(INDEX(Table5[],MATCH($B55,Table5[Component],0),2),0) -> 0 | T55: =SUMIFS(Table7[Balance],Table7[Cutter Mat'#],$B55) -> 0 | U55: =M55+T55-S55 -> 0 | Y55: =IFERROR(INDEX(Table5[],MATCH($B55,Table5[Component],0),2),0) -> 0 | Z55: =IFERROR(INDEX(Table5[],MATCH($B55,Table5[Component],0),1),0) -> 0 | AA55: =IF(Y55<>0,B55,"") | AB55: =IF(S55<>Y55,1,"") | AD55: =H55+I55+J55+L55 -> 0 | AI55: =IFERROR(INDEX($B$1:$AK$243,MATCH(W55,$B$1:$B$243,0),13),"") | AJ55: =IFERROR(INDEX($B$1:$AK$243,MATCH(W55,$B$1:$B$243,0),15),"") | AK55: =SUMIF($W$2:$W$243,B55,$S$2:$S$243) -> 0 | AP55: =T55 -> 0 | AR55: 729688 | AS55: =SUMIF($B:$B,AR55,$AP:$AP) -> 0
A56: 55 | B56: 932725 | C56: 1313 CT405 10C | D56: CT405 | E56: 1313 | F56: 10C | G56: B - Standard ( Base ) | H56: =SUMIFS('Cutters Consumption Updates'!$F:$F,'Cutters Consumption Updates'!$D:$D,H$1,'Cutters Consumption Updates'!$B:$B,$B56)-SUMIFS('Cutters Consumption Updates'!$E:$E,'Cutters Consumption Updates'!$D:$D,H$1,'Cutters Consumption Updates'!$B:$B,$B56)+ SUMIF('Cutters Consumption Updates'!$AS:$AS,$B56,'Cutters Consumption Updates'!AT:AT) -> 0 | I56: =SUMIFS('Cutters Consumption Updates'!$F:$F,'Cutters Consumption Updates'!$D:$D,I$1,'Cutters Consumption Updates'!$B:$B,$B56)-SUMIFS('Cutters Consumption Updates'!$E:$E,'Cutters Consumption Updates'!$D:$D,I$1,'Cutters Consumption Updates'!$B:$B,$B56)+ SUMIF('Cutters Consumption Updates'!$AS:$AS,$B56,'Cutters Consumption Updates'!AU:AU) -> 0 | J56: =SUMIFS('Cutters Consumption Updates'!$F:$F,'Cutters Consumption Updates'!$D:$D,J$1,'Cutters Consumption Updates'!$B:$B,$B56)-SUMIFS('Cutters Consumption Updates'!$E:$E,'Cutters Consumption Updates'!$D:$D,J$1,'Cutters Consumption Updates'!$B:$B,$B56)+ SUMIF('Cutters Consumption Updates'!$AS:$AS,$B56,'Cutters Consumption Updates'!AV:AV) -> 0 | K56: =SUMIFS('Cutters Consumption Updates'!$F:$F,'Cutters Consumption Updates'!$D:$D,K$1,'Cutters Consumption Updates'!$B:$B,$B56)-SUMIFS('Cutters Consumption Updates'!$E:$E,'Cutters Consumption Updates'!$D:$D,K$1,'Cutters Consumption Updates'!$B:$B,$B56)+ SUMIF('Cutters Consumption Updates'!$AS:$AS,$B56,'Cutters Consumption Updates'!AW:AW) -> 0 | L56: =SUMIFS('Cutters Consumption Updates'!$F:$F,'Cutters Consumption Updates'!$D:$D,L$1,'Cutters Consumption Updates'!$B:$B,$B56)-SUMIFS('Cutters Consumption Updates'!$E:$E,'Cutters Consumption Updates'!$D:$D,$L$1,'Cutters Consumption Updates'!$B:$B,$B56)+SUMIFS('Cutters Consumption Updates'!$F:$F,'Cutters Consumption Updates'!$D:$D,"Retrofit",'Cutters Consumption Updates'!$B:$B,$B56)-SUMIFS('Cutters Consumption Updates'!$E:$E,'Cutters Consumption Updates'!$D:$D,"Retrofit",'Cutters Consumption Updates'!$B:$B,$B56)+ SUMIF('Cutters Consumption Updates'!$AS:$AS,$B56,'Cutters Consumption Updates'!AX:AX) -> 0 | M56: =L56+H56 -> 0 | N56: =SUMIFS('Cutters Consumption Updates'!E:E, 'Cutters Consumption Updates'!B:B, B56, 'Cutters Consumption Updates'!A:A, ">" & TODAY()-182) -> 0 | O56: =SUMIFS('Cutters Consumption Updates'!E:E, 'Cutters Consumption Updates'!B:B, B56, 'Cutters Consumption Updates'!A:A, ">" & TODAY()-91) -> 0 | P56: =IF(N56<>0,_xlfn.CEILING.MATH(N56/3),0) -> 0 | Q56: =IF(P56<=1, 0, CEILING( IF(P56>=300, P56+10, IF(P56>=200, P56+5, IF(P56>=100, P56+5, IF(P56>=50, P56+2, IF(P56>=20, P56+2, IF(P56>=10, P56+2, IF(P56>=5, P56+2, P56+1))))))), 5)) -> 0 | S56: =IFERROR(INDEX(Table5[],MATCH($B56,Table5[Component],0),2),0) -> 0 | T56: =SUMIFS(Table7[Balance],Table7[Cutter Mat'#],$B56) -> 0 | U56: =M56+T56-S56 -> 0 | Y56: =IFERROR(INDEX(Table5[],MATCH($B56,Table5[Component],0),2),0) -> 0 | Z56: =IFERROR(INDEX(Table5[],MATCH($B56,Table5[Component],0),1),0) -> 0 | AA56: =IF(Y56<>0,B56,"") | AB56: =IF(S56<>Y56,1,"") | AD56: =H56+I56+J56+L56 -> 0 | AI56: =IFERROR(INDEX($B$1:$AK$243,MATCH(W56,$B$1:$B$243,0),13),"") | AJ56: =IFERROR(INDEX($B$1:$AK$243,MATCH(W56,$B$1:$B$243,0),15),"") | AK56: =SUMIF($W$2:$W$243,B56,$S$2:$S$243) -> 0 | AP56: =T56 -> 0 | AR56: 729689 | AS56: =SUMIF($B:$B,AR56,$AP:$AP) -> 0
A57: 56 | B57: 983094 | C57: 1308 CT216 18C | D57: CT216 | E57: 1308 | F57: 18C | G57: S - Super Premium - PMT | H57: =SUMIFS('Cutters Consumption Updates'!$F:$F,'Cutters Consumption Updates'!$D:$D,H$1,'Cutters Consumption Updates'!$B:$B,$B57)-SUMIFS('Cutters Consumption Updates'!$E:$E,'Cutters Consumption Updates'!$D:$D,H$1,'Cutters Consumption Updates'!$B:$B,$B57)+ SUMIF('Cutters Consumption Updates'!$AS:$AS,$B57,'Cutters Consumption Updates'!AT:AT) -> 0 | I57: =SUMIFS('Cutters Consumption Updates'!$F:$F,'Cutters Consumption Updates'!$D:$D,I$1,'Cutters Consumption Updates'!$B:$B,$B57)-SUMIFS('Cutters Consumption Updates'!$E:$E,'Cutters Consumption Updates'!$D:$D,I$1,'Cutters Consumption Updates'!$B:$B,$B57)+ SUMIF('Cutters Consumption Updates'!$AS:$AS,$B57,'Cutters Consumption Updates'!AU:AU) -> 0 | J57: =SUMIFS('Cutters Consumption Updates'!$F:$F,'Cutters Consumption Updates'!$D:$D,J$1,'Cutters Consumption Updates'!$B:$B,$B57)-SUMIFS('Cutters Consumption Updates'!$E:$E,'Cutters Consumption Updates'!$D:$D,J$1,'Cutters Consumption Updates'!$B:$B,$B57)+ SUMIF('Cutters Consumption Updates'!$AS:$AS,$B57,'Cutters Consumption Updates'!AV:AV) -> 0 | K57: =SUMIFS('Cutters Consumption Updates'!$F:$F,'Cutters Consumption Updates'!$D:$D,K$1,'Cutters Consumption Updates'!$B:$B,$B57)-SUMIFS('Cutters Consumption Updates'!$E:$E,'Cutters Consumption Updates'!$D:$D,K$1,'Cutters Consumption Updates'!$B:$B,$B57)+ SUMIF('Cutters Consumption Updates'!$AS:$AS,$B57,'Cutters Consumption Updates'!AW:AW) -> 0 | L57: =SUMIFS('Cutters Consumption Updates'!$F:$F,'Cutters Consumption Updates'!$D:$D,L$1,'Cutters Consumption Updates'!$B:$B,$B57)-SUMIFS('Cutters Consumption Updates'!$E:$E,'Cutters Consumption Updates'!$D:$D,$L$1,'Cutters Consumption Updates'!$B:$B,$B57)+SUMIFS('Cutters Consumption Updates'!$F:$F,'Cutters Consumption Updates'!$D:$D,"Retrofit",'Cutters Consumption Updates'!$B:$B,$B57)-SUMIFS('Cutters Consumption Updates'!$E:$E,'Cutters Consumption Updates'!$D:$D,"Retrofit",'Cutters Consumption Updates'!$B:$B,$B57)+ SUMIF('Cutters Consumption Updates'!$AS:$AS,$B57,'Cutters Consumption Updates'!AX:AX) -> 0 | M57: =L57+H57 -> 0 | N57: =SUMIFS('Cutters Consumption Updates'!E:E, 'Cutters Consumption Updates'!B:B, B57, 'Cutters Consumption Updates'!A:A, ">" & TODAY()-182) -> 0 | O57: =SUMIFS('Cutters Consumption Updates'!E:E, 'Cutters Consumption Updates'!B:B, B57, 'Cutters Consumption Updates'!A:A, ">" & TODAY()-91) -> 0 | P57: =IF(N57<>0,_xlfn.CEILING.MATH(N57/3),0) -> 0 | Q57: =IF(P57<=1, 0, CEILING( IF(P57>=300, P57+10, IF(P57>=200, P57+5, IF(P57>=100, P57+5, IF(P57>=50, P57+2, IF(P57>=20, P57+2, IF(P57>=10, P57+2, IF(P57>=5, P57+2, P57+1))))))), 5)) -> 0 | S57: =IFERROR(INDEX(Table5[],MATCH($B57,Table5[Component],0),2),0) -> 0 | T57: =SUMIFS(Table7[Balance],Table7[Cutter Mat'#],$B57) -> 0 | U57: =M57+T57-S57 -> 0 | Y57: =IFERROR(INDEX(Table5[],MATCH($B57,Table5[Component],0),2),0) -> 0 | Z57: =IFERROR(INDEX(Table5[],MATCH($B57,Table5[Component],0),1),0) -> 0 | AA57: =IF(Y57<>0,B57,"") | AB57: =IF(S57<>Y57,1,"") | AD57: =H57+I57+J57+L57 -> 0 | AI57: =IFERROR(INDEX($B$1:$AK$243,MATCH(W57,$B$1:$B$243,0),13),"") | AJ57: =IFERROR(INDEX($B$1:$AK$243,MATCH(W57,$B$1:$B$243,0),15),"") | AK57: =SUMIF($W$2:$W$243,B57,$S$2:$S$243) -> 0 | AP57: =T57 -> 0 | AR57: 729690 | AS57: =SUMIF($B:$B,AR57,$AP:$AP) -> 0
A58: 57 | B58: 752555 | C58: 1313 CT81 18C | D58: CT81 | E58: 1313 | F58: 18C | G58: P - Premium | H58: =SUMIFS('Cutters Consumption Updates'!$F:$F,'Cutters Consumption Updates'!$D:$D,H$1,'Cutters Consumption Updates'!$B:$B,$B58)-SUMIFS('Cutters Consumption Updates'!$E:$E,'Cutters Consumption Updates'!$D:$D,H$1,'Cutters Consumption Updates'!$B:$B,$B58)+ SUMIF('Cutters Consumption Updates'!$AS:$AS,$B58,'Cutters Consumption Updates'!AT:AT) -> 0 | I58: =SUMIFS('Cutters Consumption Updates'!$F:$F,'Cutters Consumption Updates'!$D:$D,I$1,'Cutters Consumption Updates'!$B:$B,$B58)-SUMIFS('Cutters Consumption Updates'!$E:$E,'Cutters Consumption Updates'!$D:$D,I$1,'Cutters Consumption Updates'!$B:$B,$B58)+ SUMIF('Cutters Consumption Updates'!$AS:$AS,$B58,'Cutters Consumption Updates'!AU:AU) -> 0 | J58: =SUMIFS('Cutters Consumption Updates'!$F:$F,'Cutters Consumption Updates'!$D:$D,J$1,'Cutters Consumption Updates'!$B:$B,$B58)-SUMIFS('Cutters Consumption Updates'!$E:$E,'Cutters Consumption Updates'!$D:$D,J$1,'Cutters Consumption Updates'!$B:$B,$B58)+ SUMIF('Cutters Consumption Updates'!$AS:$AS,$B58,'Cutters Consumption Updates'!AV:AV) -> 0 | K58: =SUMIFS('Cutters Consumption Updates'!$F:$F,'Cutters Consumption Updates'!$D:$D,K$1,'Cutters Consumption Updates'!$B:$B,$B58)-SUMIFS('Cutters Consumption Updates'!$E:$E,'Cutters Consumption Updates'!$D:$D,K$1,'Cutters Consumption Updates'!$B:$B,$B58)+ SUMIF('Cutters Consumption Updates'!$AS:$AS,$B58,'Cutters Consumption Updates'!AW:AW) -> 0 | L58: =SUMIFS('Cutters Consumption Updates'!$F:$F,'Cutters Consumption Updates'!$D:$D,L$1,'Cutters Consumption Updates'!$B:$B,$B58)-SUMIFS('Cutters Consumption Updates'!$E:$E,'Cutters Consumption Updates'!$D:$D,$L$1,'Cutters Consumption Updates'!$B:$B,$B58)+SUMIFS('Cutters Consumption Updates'!$F:$F,'Cutters Consumption Updates'!$D:$D,"Retrofit",'Cutters Consumption Updates'!$B:$B,$B58)-SUMIFS('Cutters Consumption Updates'!$E:$E,'Cutters Consumption Updates'!$D:$D,"Retrofit",'Cutters Consumption Updates'!$B:$B,$B58)+ SUMIF('Cutters Consumption Updates'!$AS:$AS,$B58,'Cutters Consumption Updates'!AX:AX) -> 1 | M58: =L58+H58 -> 1 | N58: =SUMIFS('Cutters Consumption Updates'!E:E, 'Cutters Consumption Updates'!B:B, B58, 'Cutters Consumption Updates'!A:A, ">" & TODAY()-182) -> 0 | O58: =SUMIFS('Cutters Consumption Updates'!E:E, 'Cutters Consumption Updates'!B:B, B58, 'Cutters Consumption Updates'!A:A, ">" & TODAY()-91) -> 0 | P58: =IF(N58<>0,_xlfn.CEILING.MATH(N58/3),0) -> 0 | Q58: =IF(P58<=1, 0, CEILING( IF(P58>=300, P58+10, IF(P58>=200, P58+5, IF(P58>=100, P58+5, IF(P58>=50, P58+2, IF(P58>=20, P58+2, IF(P58>=10, P58+2, IF(P58>=5, P58+2, P58+1))))))), 5)) -> 0 | S58: =IFERROR(INDEX(Table5[],MATCH($B58,Table5[Component],0),2),0) -> 0 | T58: =SUMIFS(Table7[Balance],Table7[Cutter Mat'#],$B58) -> 0 | U58: =M58+T58-S58 -> 1 | Y58: =IFERROR(INDEX(Table5[],MATCH($B58,Table5[Component],0),2),0) -> 0 | Z58: =IFERROR(INDEX(Table5[],MATCH($B58,Table5[Component],0),1),0) -> 0 | AA58: =IF(Y58<>0,B58,"") | AB58: =IF(S58<>Y58,1,"") | AD58: =H58+I58+J58+L58 -> 1 | AI58: =IFERROR(INDEX($B$1:$AK$243,MATCH(W58,$B$1:$B$243,0),13),"") | AJ58: =IFERROR(INDEX($B$1:$AK$243,MATCH(W58,$B$1:$B$243,0),15),"") | AK58: =SUMIF($W$2:$W$243,B58,$S$2:$S$243) -> 0 | AP58: =T58 -> 0 | AR58: 729691 | AS58: =SUMIF($B:$B,AR58,$AP:$AP) -> 0
A59: 58 | B59: 647436 | C59: 1613 CT200 18C | D59: CT200 | E59: 1613 | F59: 18C | G59: B - Standard ( Base ) | H59: =SUMIFS('Cutters Consumption Updates'!$F:$F,'Cutters Consumption Updates'!$D:$D,H$1,'Cutters Consumption Updates'!$B:$B,$B59)-SUMIFS('Cutters Consumption Updates'!$E:$E,'Cutters Consumption Updates'!$D:$D,H$1,'Cutters Consumption Updates'!$B:$B,$B59)+ SUMIF('Cutters Consumption Updates'!$AS:$AS,$B59,'Cutters Consumption Updates'!AT:AT) -> 68 | I59: =SUMIFS('Cutters Consumption Updates'!$F:$F,'Cutters Consumption Updates'!$D:$D,I$1,'Cutters Consumption Updates'!$B:$B,$B59)-SUMIFS('Cutters Consumption Updates'!$E:$E,'Cutters Consumption Updates'!$D:$D,I$1,'Cutters Consumption Updates'!$B:$B,$B59)+ SUMIF('Cutters Consumption Updates'!$AS:$AS,$B59,'Cutters Consumption Updates'!AU:AU) -> 42 | J59: =SUMIFS('Cutters Consumption Updates'!$F:$F,'Cutters Consumption Updates'!$D:$D,J$1,'Cutters Consumption Updates'!$B:$B,$B59)-SUMIFS('Cutters Consumption Updates'!$E:$E,'Cutters Consumption Updates'!$D:$D,J$1,'Cutters Consumption Updates'!$B:$B,$B59)+ SUMIF('Cutters Consumption Updates'!$AS:$AS,$B59,'Cutters Consumption Updates'!AV:AV) -> 0 | K59: =SUMIFS('Cutters Consumption Updates'!$F:$F,'Cutters Consumption Updates'!$D:$D,K$1,'Cutters Consumption Updates'!$B:$B,$B59)-SUMIFS('Cutters Consumption Updates'!$E:$E,'Cutters Consumption Updates'!$D:$D,K$1,'Cutters Consumption Updates'!$B:$B,$B59)+ SUMIF('Cutters Consumption Updates'!$AS:$AS,$B59,'Cutters Consumption Updates'!AW:AW) -> 1 | L59: =SUMIFS('Cutters Consumption Updates'!$F:$F,'Cutters Consumption Updates'!$D:$D,L$1,'Cutters Consumption Updates'!$B:$B,$B59)-SUMIFS('Cutters Consumption Updates'!$E:$E,'Cutters Consumption Updates'!$D:$D,$L$1,'Cutters Consumption Updates'!$B:$B,$B59)+SUMIFS('Cutters Consumption Updates'!$F:$F,'Cutters Consumption Updates'!$D:$D,"Retrofit",'Cutters Consumption Updates'!$B:$B,$B59)-SUMIFS('Cutters Consumption Updates'!$E:$E,'Cutters Consumption Updates'!$D:$D,"Retrofit",'Cutters Consumption Updates'!$B:$B,$B59)+ SUMIF('Cutters Consumption Updates'!$AS:$AS,$B59,'Cutters Consumption Updates'!AX:AX) -> 285 | M59: =L59+H59 -> 353 | N59: =SUMIFS('Cutters Consumption Updates'!E:E, 'Cutters Consumption Updates'!B:B, B59, 'Cutters Consumption Updates'!A:A, ">" & TODAY()-182) -> 412 | O59: =SUMIFS('Cutters Consumption Updates'!E:E, 'Cutters Consumption Updates'!B:B, B59, 'Cutters Consumption Updates'!A:A, ">" & TODAY()-91) -> 120 | P59: =IF(N59<>0,_xlfn.CEILING.MATH(N59/3),0) -> 138 | Q59: =IF(P59<=1, 0, CEILING( IF(P59>=300, P59+10, IF(P59>=200, P59+5, IF(P59>=100, P59+5, IF(P59>=50, P59+2, IF(P59>=20, P59+2, IF(P59>=10, P59+2, IF(P59>=5, P59+2, P59+1))))))), 5)) -> 145 | R59: 1613 V 18-60 | S59: =IFERROR(INDEX(Table5[],MATCH($B59,Table5[Component],0),2),0) -> 705 | T59: =SUMIFS(Table7[Balance],Table7[Cutter Mat'#],$B59) -> 0 | U59: =M59+T59-S59 -> -352 | Y59: =IFERROR(INDEX(Table5[],MATCH($B59,Table5[Component],0),2),0) -> 705 | Z59: =IFERROR(INDEX(Table5[],MATCH($B59,Table5[Component],0),1),0) -> 647436 | AA59: =IF(Y59<>0,B59,"") -> 647436 | AB59: =IF(S59<>Y59,1,"") | AD59: =H59+I59+J59+L59 -> 395 | AI59: =IFERROR(INDEX($B$1:$AK$243,MATCH(W59,$B$1:$B$243,0),13),"") | AJ59: =IFERROR(INDEX($B$1:$AK$243,MATCH(W59,$B$1:$B$243,0),15),"") | AK59: =SUMIF($W$2:$W$243,B59,$S$2:$S$243) -> 0 | AP59: =T59 -> 0 | AR59: 738227 | AS59: =SUMIF($B:$B,AR59,$AP:$AP) -> 0
A60: 59 | B60: 871781 | C60: 1313 CT200 18C | D60: CT200 | E60: 1313 | F60: 18C | G60: B - Standard ( Base ) | H60: =SUMIFS('Cutters Consumption Updates'!$F:$F,'Cutters Consumption Updates'!$D:$D,H$1,'Cutters Consumption Updates'!$B:$B,$B60)-SUMIFS('Cutters Consumption Updates'!$E:$E,'Cutters Consumption Updates'!$D:$D,H$1,'Cutters Consumption Updates'!$B:$B,$B60)+ SUMIF('Cutters Consumption Updates'!$AS:$AS,$B60,'Cutters Consumption Updates'!AT:AT) -> 18 | I60: =SUMIFS('Cutters Consumption Updates'!$F:$F,'Cutters Consumption Updates'!$D:$D,I$1,'Cutters Consumption Updates'!$B:$B,$B60)-SUMIFS('Cutters Consumption Updates'!$E:$E,'Cutters Consumption Updates'!$D:$D,I$1,'Cutters Consumption Updates'!$B:$B,$B60)+ SUMIF('Cutters Consumption Updates'!$AS:$AS,$B60,'Cutters Consumption Updates'!AU:AU) -> 1 | J60: =SUMIFS('Cutters Consumption Updates'!$F:$F,'Cutters Consumption Updates'!$D:$D,J$1,'Cutters Consumption Updates'!$B:$B,$B60)-SUMIFS('Cutters Consumption Updates'!$E:$E,'Cutters Consumption Updates'!$D:$D,J$1,'Cutters Consumption Updates'!$B:$B,$B60)+ SUMIF('Cutters Consumption Updates'!$AS:$AS,$B60,'Cutters Consumption Updates'!AV:AV) -> 0 | K60: =SUMIFS('Cutters Consumption Updates'!$F:$F,'Cutters Consumption Updates'!$D:$D,K$1,'Cutters Consumption Updates'!$B:$B,$B60)-SUMIFS('Cutters Consumption Updates'!$E:$E,'Cutters Consumption Updates'!$D:$D,K$1,'Cutters Consumption Updates'!$B:$B,$B60)+ SUMIF('Cutters Consumption Updates'!$AS:$AS,$B60,'Cutters Consumption Updates'!AW:AW) -> 33 | L60: =SUMIFS('Cutters Consumption Updates'!$F:$F,'Cutters Consumption Updates'!$D:$D,L$1,'Cutters Consumption Updates'!$B:$B,$B60)-SUMIFS('Cutters Consumption Updates'!$E:$E,'Cutters Consumption Updates'!$D:$D,$L$1,'Cutters Consumption Updates'!$B:$B,$B60)+SUMIFS('Cutters Consumption Updates'!$F:$F,'Cutters Consumption Updates'!$D:$D,"Retrofit",'Cutters Consumption Updates'!$B:$B,$B60)-SUMIFS('Cutters Consumption Updates'!$E:$E,'Cutters Consumption Updates'!$D:$D,"Retrofit",'Cutters Consumption Updates'!$B:$B,$B60)+ SUMIF('Cutters Consumption Updates'!$AS:$AS,$B60,'Cutters Consumption Updates'!AX:AX) -> -266 | M60: =L60+H60 -> -248 | N60: =SUMIFS('Cutters Consumption Updates'!E:E, 'Cutters Consumption Updates'!B:B, B60, 'Cutters Consumption Updates'!A:A, ">" & TODAY()-182) -> 843 | O60: =SUMIFS('Cutters Consumption Updates'!E:E, 'Cutters Consumption Updates'!B:B, B60, 'Cutters Consumption Updates'!A:A, ">" & TODAY()-91) -> 522 | P60: =IF(N60<>0,_xlfn.CEILING.MATH(N60/3),0) -> 281 | Q60: =IF(P60<=1, 0, CEILING( IF(P60>=300, P60+10, IF(P60>=200, P60+5, IF(P60>=100, P60+5, IF(P60>=50, P60+2, IF(P60>=20, P60+2, IF(P60>=10, P60+2, IF(P60>=5, P60+2, P60+1))))))), 5)) -> 290 | R60: 1313 V 18-60 | S60: =IFERROR(INDEX(Table5[],MATCH($B60,Table5[Component],0),2),0) -> 772 | T60: =SUMIFS(Table7[Balance],Table7[Cutter Mat'#],$B60) -> 300 | U60: =M60+T60-S60 -> -720 | Y60: =IFERROR(INDEX(Table5[],MATCH($B60,Table5[Component],0),2),0) -> 772 | Z60: =IFERROR(INDEX(Table5[],MATCH($B60,Table5[Component],0),1),0) -> 871781 | AA60: =IF(Y60<>0,B60,"") -> 871781 | AB60: =IF(S60<>Y60,1,"") | AD60: =H60+I60+J60+L60 -> -247 | AI60: =IFERROR(INDEX($B$1:$AK$243,MATCH(W60,$B$1:$B$243,0),13),"") | AJ60: =IFERROR(INDEX($B$1:$AK$243,MATCH(W60,$B$1:$B$243,0),15),"") | AK60: =SUMIF($W$2:$W$243,B60,$S$2:$S$243) -> 0 | AP60: =T60 -> 300 | AR60: 738228 | AS60: =SUMIF($B:$B,AR60,$AP:$AP) -> 0
